economics/objective_mean,economics/inventory_penalty_total_mean,time/iterations,economics/episodes,rollout/ep_rew_mean,time/time_elapsed,time/fps,time/total_timesteps,economics/profit_mean,rollout/ep_len_mean,train/clip_range,train/explained_variance,train/approx_kl,train/policy_gradient_loss,train/n_updates,train/loss,train/clip_fraction,train/entropy_loss,train/learning_rate,train/post_clip_gradient_norm,train/value_loss
-3.5440683593750006,0.10344335937500002,1,16,-3.5440684375,0,2318,1024,-3.4406250000000007,64.0,,,,,,,,,,,
0.09510253906249955,0.0392724609375,2,16,-1.7244829687499998,3,582,2048,0.1343749999999997,64.0,0.2,-0.0005064010620117188,0.004358546,-0.0031440442020539195,10,3.2171778678894043,0.001171875,-2.3013119995594025,0.0003,0.49999993350356814,19.29727197960019
-1.5501679687500007,0.08141796875,3,16,-1.6663780000000001,5,561,3072,-1.4687500000000004,64.0,0.2,-0.0017179250717163086,0.015845496,-0.005814529124472756,20,12.083717346191406,0.137890625,-2.2807894974946974,0.0003,0.49999990575015535,20.23777029570192
-2.0577851562500005,0.08591015625000001,4,16,-1.764229796875,7,577,4096,-1.9718750000000003,64.0,0.2,0.01657712459564209,0.0050902823,-0.002460177370812744,30,24.768299102783203,0.0134765625,-2.281190183758736,0.0003,0.4999999426305295,23.42287483625114
-0.6922529296875005,0.09225292968750001,5,16,-1.5498344125,8,595,5120,-0.6000000000000004,64.0,0.2,0.055872976779937744,0.0022440297,-0.0017499228502856567,40,6.921881198883057,0.0,-2.276980444788933,0.0003,0.4999999659135937,22.02399033792317
-0.9069863281250004,0.05698632812500002,6,16,-1.4426930520833334,10,611,6144,-0.8500000000000003,64.0,0.2,0.08595943450927734,0.0083748195,-0.005071178407524713,50,1.5010433197021484,0.0400390625,-2.2613339155912398,0.0003,0.4999999923631549,25.785851610451935
-3.4449960937500004,0.11999609375000002,7,16,-1.46671081,11,603,7168,-3.3250000000000006,64.0,0.2,0.13631665706634521,0.003025766,-0.0016222343925619497,60,3.9472665786743164,0.0,-2.245630107820034,0.0003,0.5000000042840841,20.733656849432737
-0.8671611328125003,0.07966113281250001,8,16,-1.5425283,14,582,8192,-0.7875000000000003,64.0,0.2,0.19892287254333496,0.0077528753,-0.0028323243983322754,70,0.7782278656959534,0.01240234375,-2.2418682157993315,0.0003,0.4999999858438969,18.783590459823607
0.6690517578124997,0.06844824218750001,9,16,-1.1887062600000002,15,579,9216,0.7374999999999998,64.0,0.2,0.19661438465118408,0.0017453716,-0.00038762544572819025,80,13.693001747131348,0.0,-2.2390053778886796,0.0003,0.5000000163912771,24.915871343016626
-1.2266308593750006,0.067255859375,10,16,-1.17045376,17,576,10240,-1.1593750000000007,64.0,0.2,0.32794541120529175,0.016594954,-0.004784831986762583,90,6.48576021194458,0.11982421875,-2.2167300164699553,0.0003,0.5000000022351744,26.046739849448205
1.3997070312499997,0.08154296874999999,11,16,-0.9520386,19,579,11264,1.48125,64.0,0.2,0.10873216390609741,0.008198164,-0.0024006138235563414,100,5.555446147918701,0.02216796875,-2.214192320406437,0.0003,0.4999999944120644,12.269179984927177
-1.7703457031250012,0.082845703125,12,16,-0.75827833,21,583,12288,-1.6875000000000009,64.0,0.2,0.3729381561279297,0.008540047,-0.003993655939120799,110,5.86751651763916,0.01875,-2.229397323727608,0.0003,0.49999999850988336,27.8520467184484
-0.04023925781250093,0.0746142578125,13,16,-0.45764424,22,594,13312,0.0343749999999991,64.0,0.2,0.048821210861206055,0.0046477094,-0.0015741148556116969,120,0.7815165519714355,0.00634765625,-2.2342461228370665,0.0003,0.4999999994412064,24.813897484540938
-1.3019326171875,0.09255761718750001,14,16,-0.28673472999999994,23,604,14336,-1.209375,64.0,0.2,0.33378589153289795,0.014414351,0.0005204156419495121,130,1.6086641550064087,0.08642578125,-2.1917889818549154,0.0003,0.4999999901279809,17.414150607585906
-0.7060332031250007,0.05290820312500001,15,16,-0.5896556499999999,25,612,15360,-0.6531250000000006,64.0,0.2,0.05590778589248657,0.014926355,0.002101930702337995,140,27.899398803710938,0.1126953125,-2.208138535916805,0.0003,0.5000000024214384,24.355525364913046
-0.5009218750000008,0.05404687500000001,16,16,-0.55311536,26,620,16384,-0.4468750000000007,64.0,0.2,0.21655988693237305,0.009985349,-0.0025887077063089237,150,1.662001132965088,0.01142578125,-2.210451777279377,0.0003,0.5000000085681676,14.276004043966532
-3.0756328125000003,0.0881328125,17,16,-1.30809659,27,630,17408,-2.9875000000000007,64.0,0.2,0.16295892000198364,0.012174644,-0.003745304301264696,160,13.029274940490723,0.09814453125,-2.182247446477413,0.0003,0.500000005587935,15.384384139627219
-0.6645019531250003,0.058251953125000006,18,16,-1.0885458000000001,28,640,18432,-0.6062500000000001,64.0,0.2,0.35348957777023315,0.011342488,-0.006685477626160718,170,2.8074800968170166,0.09990234375,-2.137184390425682,0.0003,0.4999999972060324,6.882278069108724
-0.6203193359375007,0.06094433593750001,19,16,-1.0810190899999998,30,631,19456,-0.5593750000000006,64.0,0.2,0.16239863634109497,0.006814244,-0.0024565489788074047,180,1.3175898790359497,0.05966796875,-2.1454538077116014,0.0003,0.5000000013038515,16.978871180303393
0.8691035156249994,0.049646484374999994,20,16,-0.81147517,32,624,20480,0.9187499999999996,64.0,0.2,0.2689663767814636,0.010720742,-0.00669803965720348,190,20.536710739135742,0.0685546875,-2.0566730841994287,0.0003,0.49999999571591625,14.320737329870463
-2.2306894531250006,0.09943945312500001,21,16,-1.0330273600000002,34,620,21504,-2.1312500000000005,64.0,0.2,0.2882985472679138,0.009355891,-8.867246797308325e-05,200,3.1612725257873535,0.0759765625,-2.044275590777397,0.0003,0.49999999273568396,16.222714817523958
-0.4327431640625004,0.0796181640625,22,16,-0.9403239300000001,36,622,22528,-0.3531250000000003,64.0,0.2,0.13413703441619873,0.010254268,-0.004411307550617494,210,44.20988464355469,0.0095703125,-2.0596231803297997,0.0003,0.5000000033527615,20.62670687586069
-0.2290332031250003,0.07278320312500001,23,16,-0.6870950499999999,37,625,23552,-0.15625000000000028,64.0,0.2,0.07256829738616943,0.01084648,-0.003801164621836506,220,6.158048152923584,0.06728515625,-2.0488201290369035,0.0003,0.5000000201165676,27.830063303560017
-0.048663085937499795,0.07366308593750001,24,16,-0.44883037000000003,39,629,24576,0.025000000000000244,64.0,0.2,0.26055800914764404,0.0142301135,-0.009153719682944938,230,17.4918270111084,0.183984375,-2.088143579661846,0.0003,0.499999989941716,11.357464639469981
-2.1250712890625008,0.10319628906250002,25,16,-0.7271402299999999,40,631,25600,-2.0218750000000005,64.0,0.2,0.27316826581954956,0.0082781,-0.003260437538847327,240,4.724510192871094,0.02158203125,-2.086406184732914,0.0003,0.5000000001862644,18.70553250461817
0.3584443359374998,0.044680664062500014,26,16,-0.6928888500000001,41,635,26624,0.40312499999999973,64.0,0.2,0.2415405511856079,0.009464056,-0.007365376886446029,250,2.1677744388580322,0.0681640625,-2.063390302658081,0.0003,0.5000000009313229,19.319061673805116
-1.2990224609374994,0.06777246093750001,27,16,-0.6725257299999999,44,627,27648,-1.2312499999999993,64.0,0.2,0.24085277318954468,0.007073822,-0.003547162713948637,260,27.567554473876953,0.02646484375,-2.0376373887062074,0.0003,0.5000000156462197,19.44196141809225
0.11221972656249993,0.0784052734375,28,16,-0.4580361599999999,47,609,28672,0.19062500000000004,64.0,0.2,0.25132811069488525,0.012007163,-0.00021694739989470692,270,4.567093849182129,0.055078125,-2.0102802984416486,0.0003,0.5000000022351742,9.666379949823021
1.00744921875,0.03317578125000001,29,16,-0.36343721999999995,49,603,29696,1.040625,64.0,0.2,0.19221818447113037,0.009942521,-0.0023870310018537567,280,15.684053421020508,0.08486328125,-1.9197853714227677,0.0003,0.49999999497085823,20.588652455992996
-1.2780839843750003,0.07495898437500001,30,16,-0.6873094199999998,51,597,30720,-1.203125,64.0,0.2,0.14435851573944092,0.010991386,-0.00220345095731318,290,1.6335701942443848,0.05888671875,-1.8745223000645637,0.0003,0.49999996758997434,8.756375573948025
0.35709375,0.07415625,31,16,-0.27303644000000005,54,581,31744,0.43125,64.0,0.2,0.1989925503730774,0.0075724805,-0.0012683549139183015,300,0.4289388656616211,0.0328125,-1.9212011434137821,0.0003,0.4999999998137355,14.090940296836198
1.2074628906250002,0.04878710937500001,32,16,0.15568185999999998,56,574,32768,1.25625,64.0,0.2,0.2473459243774414,0.0077494187,-0.0030739270761841906,310,0.2653833329677582,0.0341796875,-1.9532586179673672,0.0003,0.4999999959021806,22.626191667839883
0.3857919921875004,0.06420800781250001,33,16,0.28692764,58,576,33792,0.4500000000000003,64.0,0.2,0.26141637563705444,0.012861183,-0.004086333303712308,320,11.909431457519531,0.0642578125,-2.0235705368220804,0.0003,0.49999999906867726,16.60931626111269
-1.0029375000000003,0.06231250000000001,34,16,0.14887792999999988,60,579,34816,-0.9406250000000004,64.0,0.2,0.3786476254463196,0.013436349,-0.0032816034974530338,330,9.728790283203125,0.046484375,-1.9951445646584034,0.0003,0.4999999901279807,15.341204061359168
-1.082365234375,0.066740234375,35,16,-0.20738550999999997,61,583,35840,-1.015625,64.0,0.2,0.3461146950721741,0.0102778515,-0.005298569708247669,340,1.7271853685379028,0.08359375,-1.9740208268165589,0.0003,0.4999999897554517,9.138224378414453
-1.3572460937500002,0.06349609375000001,36,16,-0.3593016,63,581,36864,-1.29375,64.0,0.2,0.2815943956375122,0.006484119,-0.0029623462498420848,350,17.4970760345459,0.05478515625,-1.9859151035547256,0.0003,0.49999998658895484,8.60347138401121
-0.8161914062500001,0.07244140625,37,16,-0.5514953300000001,65,579,37888,-0.7437500000000001,64.0,0.2,0.3141879439353943,0.010157731,-0.005643912410596386,360,1.2516659498214722,0.062109375,-1.9461571767926216,0.0003,0.5000000067055225,9.493962415028363
-0.9950976562500002,0.07009765625000001,38,16,-0.83265892,67,579,38912,-0.9250000000000002,64.0,0.2,0.35633766651153564,0.012051798,-0.0072705283251707446,370,5.884866714477539,0.102734375,-1.9496794901788235,0.0003,0.5000000005587936,9.275711095891893
-0.7730087890625001,0.0698837890625,39,16,-0.9744572100000001,69,570,39936,-0.703125,64.0,0.2,0.5092083811759949,0.012777249,-0.0022127110161818562,380,3.469489574432373,0.0361328125,-1.9301976315677165,0.0003,0.4999999975785613,6.635460202209652
-0.654353515625,0.051228515625000005,40,16,-0.9206204799999999,72,563,40960,-0.6031250000000001,64.0,0.2,0.5045874118804932,0.0064215153,-0.0007524052780354396,390,2.024462938308716,0.03232421875,-1.9309540070593356,0.0003,0.4999999847263097,7.746003364212811
0.3173027343749997,0.04207226562500001,41,16,-0.6736667499999999,74,563,41984,0.35937499999999956,64.0,0.2,0.021927595138549805,0.008489503,-0.004794818561640568,400,2.369332790374756,0.11669921875,-1.897210058569908,0.0003,0.5000000040978195,8.881868754699827
-0.7537314453124998,0.06310644531250001,42,16,-0.6844006599999999,76,561,43008,-0.690625,64.0,0.2,0.29647815227508545,0.016325034,-0.002997493860311806,410,0.32763493061065674,0.15751953125,-1.8453591741621493,0.0003,0.499999997578561,8.763667553849519
-1.1343183593750004,0.078068359375,43,16,-0.7312756499999999,77,565,44032,-1.0562500000000004,64.0,0.2,0.22870886325836182,0.01173476,-0.0019560189713956786,420,1.1075005531311035,0.1451171875,-1.7979782164096831,0.0003,0.5000000037252902,10.74514526706189
0.5066806640624997,0.0401943359375,44,16,-0.42953489,79,566,45056,0.5468749999999998,64.0,0.2,0.3769593834877014,0.012144179,-0.004836582054849714,430,0.04997827857732773,0.11015625,-1.7805948331952095,0.0003,0.5000000014901163,7.079291339311749
-1.3010976562499998,0.054222656250000015,45,16,-0.54758551,80,570,46080,-1.2468749999999997,64.0,0.2,0.22766268253326416,0.003133934,-0.002449547138530761,440,1.4882934093475342,0.032421875,-1.7206022761762143,0.0003,0.5000000119209286,7.994415871798992
0.1104882812500001,0.055136718749999994,46,16,-0.42622818,82,571,47104,0.1656250000000002,64.0,0.2,0.37043988704681396,0.00884828,-0.001734024946927093,450,0.41835254430770874,0.0494140625,-1.7437480814754962,0.0003,0.5000000078231096,6.495994798932225
1.2971650390624996,0.05595996093750001,47,16,-0.29855597999999994,84,569,48128,1.3531249999999995,64.0,0.2,0.2158697247505188,0.006689772,-0.0029689369053812697,460,6.917431831359863,0.041015625,-1.8345682218670845,0.0003,0.500000002421438,11.55241466332227
1.2967138671875,0.0595361328125,48,16,0.20607808000000005,86,570,49152,1.35625,64.0,0.2,0.3085312247276306,0.0037896398,-0.0034472809755243363,470,1.1855790615081787,0.01240234375,-1.8131584145128727,0.0003,0.5000000108033418,15.457453320920468
-0.2505917968750005,0.03496679687500001,49,16,0.23500635,89,563,50176,-0.21562500000000048,64.0,0.2,0.458787202835083,0.010614977,-0.005077885068021715,480,2.2674946784973145,0.03017578125,-1.8196692049503327,0.0003,0.5000000093132259,13.446431287378072
2.1702392578124994,0.03913574218750001,50,16,0.49228150000000004,91,562,51200,2.2093749999999996,64.0,0.2,-0.05951428413391113,0.010045351,-0.002734256206895225,490,1.619320273399353,0.09033203125,-1.8066277652978897,0.0003,0.499999989941716,4.322689694352448
-0.14369628906249993,0.0499462890625,51,16,0.6223494700000001,92,562,52224,-0.09374999999999994,64.0,0.2,0.15440517663955688,0.006624731,-0.0018623198004206643,500,1.5215625762939453,0.06904296875,-1.766608391702175,0.0003,0.5000000020489099,19.580408127605914
0.09541406250000006,0.04833593750000001,52,16,0.72159352,94,561,53248,0.14374999999999993,64.0,0.2,0.34044021368026733,0.01719999,-0.0018497141776606441,510,0.7613067626953125,0.08193359375,-1.712682879716158,0.0003,0.5000000011175871,8.003329802677035
-0.6783896484374996,0.07526464843750001,53,16,0.3675811699999999,97,558,54272,-0.6031249999999998,64.0,0.2,0.1892825961112976,0.013911586,-0.0007051608379697427,520,1.1624778509140015,0.02724609375,-1.7132403127849103,0.0003,0.5000000221654773,11.970994226261974
-0.13793261718750016,0.07855761718750001,54,16,0.26581212999999987,101,545,55296,-0.05937500000000062,64.0,0.2,0.5271816253662109,0.0151865985,-0.005189511133357883,530,0.7460690140724182,0.162890625,-1.7324726223945617,0.0003,0.5000000217929483,6.123956722766161
1.5494287109374996,0.03494628906250001,55,16,0.4657525999999999,104,538,56320,1.5843749999999996,64.0,0.2,0.3892604112625122,0.01175033,-0.0035064347757725045,540,2.0030531883239746,0.0763671875,-1.7268619067966937,0.0003,0.5000000167638062,17.6814932461828
-0.13091992187499962,0.071544921875,56,16,0.4018949600000001,106,537,57344,-0.05937499999999979,64.0,0.2,0.5273749828338623,0.008009318,-0.004477558317012154,550,10.663029670715332,0.0451171875,-1.710873930156231,0.0003,0.5000000070780517,6.600242171995342
-0.4984599609375004,0.06720996093750001,57,16,0.06452043999999992,108,539,58368,-0.43125000000000036,64.0,0.2,0.29542654752731323,0.015390005,-0.007120582350762561,560,20.13821029663086,0.10810546875,-1.7019360430538655,0.0003,0.5000000132247803,14.556481153145432
-1.0189111328125002,0.05641113281250001,58,16,-0.10840110000000003,110,539,59392,-0.9625000000000001,64.0,0.2,0.718846321105957,0.017405605,-0.006130555586423725,570,0.5036301612854004,0.12197265625,-1.671996933221817,0.0003,0.499999983422458,3.3407948116771875
-0.9995820312500003,0.05583203125000001,59,16,-0.26764768,112,537,60416,-0.9437500000000002,64.0,0.2,0.7548470497131348,0.009869076,-0.00019070395792368798,580,3.1896252632141113,0.0763671875,-1.6362881436944008,0.0003,0.499999981932342,2.8232236057519913
0.48804003906250004,0.03383496093750001,60,16,0.08733713,114,536,61440,0.5218750000000001,64.0,0.2,0.5623756647109985,0.012250513,-0.006675353361060843,590,0.08339636772871017,0.103125,-1.614801487326622,0.0003,0.4999999800696969,2.4212737045250834
-0.4687421875000003,0.03749218750000001,61,16,-0.3955355400000001,115,538,62464,-0.43125000000000024,64.0,0.2,0.5071359872817993,0.010101432,-0.00036266626084398014,600,1.822865605354309,0.0498046875,-1.624527770280838,0.0003,0.4999999880790711,4.572608473151922
0.4223486328124997,0.024526367187500005,62,16,-0.17378508000000004,117,540,63488,0.4468749999999997,64.0,0.2,0.6185865998268127,0.0032163777,-0.004031185188796371,610,0.10398510843515396,0.02158203125,-1.5705854810774327,0.0003,0.4999999729916454,3.3250900696963073
-0.1477353515625004,0.03211035156250001,63,16,-0.27277602,118,543,64512,-0.11562500000000031,64.0,0.2,0.40032535791397095,0.012111759,-0.006690689455717802,620,0.2926563024520874,0.06845703125,-1.5074059031903744,0.0003,0.4999999938532709,5.083807347621769
0.41917089843750016,0.030829101562500003,64,16,-0.09978773999999994,120,544,65536,0.4500000000000002,64.0,0.2,0.5966252088546753,0.012145311,-0.002322373859351501,630,2.5516445636749268,0.03486328125,-1.4612125687301158,0.0003,0.49999998658895484,2.59999253062997
0.8734443359374997,0.020305664062500006,65,16,0.20174867999999993,121,547,66560,0.8937499999999998,64.0,0.2,0.5271409749984741,0.005676487,-0.0009862570092082023,640,0.44700175523757935,0.00615234375,-1.4140322640538217,0.0003,0.49999999906867754,4.2070518804714085
-0.6812041015625003,0.03120410156250001,66,16,0.14052541,122,549,67584,-0.6500000000000002,64.0,0.2,0.4621250033378601,0.006657225,-0.0030073533416725695,650,2.2546322345733643,0.05078125,-1.4212018631398677,0.0003,0.5000000067055221,5.179692520946264
0.0048183593749998865,0.020181640625000007,67,16,0.15030901999999996,124,552,68608,0.02499999999999991,64.0,0.2,0.6464515924453735,0.0065260334,-0.00019956133037339895,660,0.6989759206771851,0.04423828125,-1.3575967349112035,0.0003,0.49999997466802587,2.174285060353577
0.26168457031249986,0.013315429687500007,68,16,0.19854307999999998,125,553,69632,0.2749999999999998,64.0,0.2,0.6653927564620972,0.015861753,-0.007724234455963597,670,0.5137181878089905,0.0638671875,-1.2443887189030647,0.0003,0.49999998528510325,1.6088678799569607
0.10317382812499996,0.012451171875000005,69,16,0.22449071000000004,127,556,70656,0.11562499999999996,64.0,0.2,0.43652141094207764,0.0065455236,-0.004991166881518438,680,2.5956661701202393,0.07197265625,-1.0929391860961915,0.0003,0.4999999728053811,2.444405848067254
0.06645019531249996,0.011674804687500004,70,16,0.09588603,128,559,71680,0.07812499999999992,64.0,0.2,0.6334492564201355,0.006355364,-0.0010984989232383669,690,0.3686879277229309,0.02890625,-1.0840898387134075,0.0003,0.49999994225800026,0.9355427245376632
-0.26718066406250035,0.014055664062500004,71,16,-0.03975660999999999,129,561,72704,-0.2531250000000003,64.0,0.2,0.5258447527885437,0.0046740165,-0.0020329564780695365,700,0.11630286276340485,0.04716796875,-1.1135612860322,0.0003,0.4999999668449163,1.812705375533551
-0.1522695312500002,0.011644531250000006,72,16,-0.00927333,130,564,73728,-0.14062500000000028,64.0,0.2,0.6480872631072998,0.007995288,-0.005449928244343027,710,0.3159193992614746,0.1212890625,-1.1074356593191623,0.0003,0.49999992754310363,0.7535889316350222
-0.22389746093750007,0.011397460937500005,73,16,-0.07480988000000001,131,566,74752,-0.21250000000000013,64.0,0.2,0.14088326692581177,0.0029974876,-0.0023887038609245793,720,0.23194117844104767,0.03154296875,-1.07608530446887,0.0003,0.49999996908009087,3.152057480160147
0.16952050781249986,0.008604492187500003,74,16,-0.006998790000000017,133,569,75776,0.1781249999999999,64.0,0.2,0.41725748777389526,0.004286496,-0.004678633995354176,730,0.30431556701660156,0.044140625,-1.0384525321424007,0.0003,0.4988089537248013,1.582389982836321
0.0501767578125,0.012323242187500007,75,16,-0.06551580999999997,134,571,76800,0.06249999999999996,64.0,0.2,0.6071553230285645,0.0053416137,-0.006452415612875484,740,0.46165505051612854,0.079296875,-0.9200057271867991,0.0003,0.4999999385327102,0.936841360363178
-0.0019589843750001668,0.011333984375000005,76,16,-0.057607209999999985,135,573,77824,0.0093749999999998,64.0,0.2,0.3487253785133362,0.0050182864,-0.004712093953276053,750,0.24843454360961914,0.08447265625,-1.0020366746932268,0.0003,0.4999999638646839,1.7615457867505029
0.06430664062500008,0.010693359375000006,77,16,-0.033537399999999995,136,575,78848,0.07500000000000002,64.0,0.2,0.5024802088737488,0.005446081,-0.00366492772300262,760,3.318084478378296,0.04931640625,-0.9314910363405943,0.0003,0.49999993164092277,1.3104660560376942
0.1945917968749999,0.014783203125000005,78,16,0.04062680999999999,138,577,79872,0.20937499999999992,64.0,0.2,0.6553735733032227,0.0045576766,-0.004286290681920946,770,0.12314623594284058,0.0548828125,-0.8987327631562948,0.0003,0.4999999476596711,1.167078551684972
0.15107617187499994,0.011423828125000006,79,16,0.11961182000000002,139,579,80896,0.16249999999999992,64.0,0.2,0.6862583160400391,0.0014516932,-0.004195949979475699,780,1.494193196296692,0.04873046875,-0.9879145324230194,0.0003,0.4999999657273292,1.0823827389627696
0.7193544921874998,0.011895507812500004,80,16,0.20624478999999998,140,581,81920,0.7312499999999998,64.0,0.2,0.6120784878730774,0.004956455,-0.0001882097087218426,790,0.5364093780517578,0.02509765625,-0.963714250177145,0.0003,0.4999999364838004,1.207484161807224
0.93658203125,0.007167968750000004,81,16,0.33462370999999996,142,581,82944,0.9437499999999999,64.0,0.2,0.39611053466796875,0.005169271,7.096445478964597e-05,800,0.10444439202547073,0.029296875,-1.0011312831193209,0.0003,0.49999996330589047,3.07650700090453
0.2929384765625,0.010186523437500004,82,16,0.32712388000000003,144,581,83968,0.303125,64.0,0.2,0.10406076908111572,0.004967887,-0.003927496669348329,810,0.8703495860099792,0.05537109375,-1.0096522018313407,0.0003,0.4999999461695553,3.0679183661006393
0.3420136718749999,0.007986328125000004,83,16,0.4339952899999999,145,583,84992,0.3499999999999999,64.0,0.2,0.47040635347366333,0.00340024,-0.0027207979321246965,820,0.22623814642429352,0.0625,-0.9801455955952406,0.0003,0.49999990090727814,1.7438473240938037
0.4759394531249997,0.014685546875000007,84,16,0.4766172,147,584,86016,0.49062499999999976,64.0,0.2,0.490547239780426,0.004884881,-0.004527597446576692,830,0.006169888190925121,0.05634765625,-1.0115832839161158,0.0003,0.49712670408189297,1.6549414273584262
0.5543632812499999,0.008136718750000004,85,16,0.51409001,148,586,87040,0.5624999999999999,64.0,0.2,0.34831976890563965,0.008913589,-0.00453684272360988,840,0.009355999529361725,0.08564453125,-1.021215857937932,0.0003,0.49999996218830345,3.0843098615296185
0.5450117187499997,0.014363281250000005,86,16,0.51597954,149,588,88064,0.5593749999999997,64.0,0.2,0.5118826627731323,0.006544807,-0.003591971402056515,850,0.06789164990186691,0.06171875,-1.0276620104908942,0.0003,0.4999999275431035,1.1755907252430915
0.345482421875,0.010767578125000003,87,16,0.4818525,150,590,89088,0.35625000000000007,64.0,0.2,0.5371184945106506,0.0064712083,-0.0024344599398318676,860,0.19138094782829285,0.04697265625,-1.0634832002222538,0.0003,0.49999996144324527,2.0287229190580547
0.5196474609374999,0.014727539062500005,88,16,0.43674902000000004,152,592,90112,0.5343749999999998,64.0,0.2,0.5063403844833374,0.005476904,-0.005914225522428751,870,0.11321297287940979,0.058203125,-1.0600195810198785,0.0003,0.4999999498948455,2.314792392833624
-0.04392871093750024,0.009553710937500005,89,16,0.42138027,153,594,91136,-0.03437500000000024,64.0,0.2,0.5108007192611694,0.009498406,0.000766990939155221,880,0.5043013095855713,0.01220703125,-1.0029272880405187,0.0003,0.4999999510124325,2.106857302878052
-0.25076074218749994,0.013260742187500006,90,16,0.2757210699999999,154,596,92160,-0.23750000000000002,64.0,0.2,0.3078862428665161,0.004340029,-0.0017787013697670774,890,0.6626915335655212,0.03720703125,-0.9601878795772791,0.0003,0.49999994430690997,1.525361468968913
0.2504921875,0.008882812500000005,91,16,0.23932012,155,597,93184,0.259375,64.0,0.2,0.7396296262741089,0.005718657,-0.004599840147420764,900,0.31062522530555725,0.0419921875,-0.9180199485272169,0.0003,0.49999991804361343,0.677463479177095
0.17835156249999976,0.015398437500000006,92,16,0.15451809000000002,157,599,94208,0.1937499999999998,64.0,0.2,0.5337952971458435,0.0058063706,-2.5209976593032478e-05,910,3.826601028442383,0.01357421875,-0.9240429613739252,0.0003,0.49999994337558745,1.575690412055701
0.12695507812499962,0.013669921875000005,93,16,0.10366327000000002,158,600,95232,0.14062499999999967,64.0,0.2,0.5274374485015869,0.0054485183,-0.002212276411592029,920,0.16077551245689392,0.0189453125,-1.0048546332865953,0.0003,0.4999999163672326,1.8182958287885413
-0.08750488281250018,0.012504882812500007,94,16,-0.009461869999999992,159,602,96256,-0.07500000000000029,64.0,0.2,0.5956214666366577,0.011907773,-0.0010435623495141043,930,0.12678049504756927,0.01123046875,-0.9637025080621242,0.0003,0.4999999662861228,1.0029566784389317
0.5116074218749999,0.010267578125000006,95,16,0.07792641000000003,160,604,97280,0.521875,64.0,0.2,0.5822499990463257,0.008252213,-0.004033573513152078,940,0.07912959903478622,0.07509765625,-0.8683875989168882,0.0003,0.49999995734542607,1.235979094263166
-0.031713867187500015,0.012963867187500006,96,16,0.15682841000000003,162,606,98304,-0.01875000000000003,64.0,0.2,0.46793800592422485,0.007988483,-0.0031764796178322284,950,0.18904218077659607,0.0232421875,-0.8575124699622393,0.0003,0.4994862874969841,2.33763563381508
-0.15220800781250016,0.008458007812500005,97,16,0.10713436000000001,163,608,99328,-0.14375000000000018,64.0,0.2,0.4173988103866577,0.0049462495,-0.002655164385214448,960,2.4477152824401855,0.02314453125,-0.8163255464285613,0.0003,0.49999996107071654,1.0925746649503707
0.31488378906250003,0.0038662109375000027,98,16,0.16659139000000006,164,610,100352,0.31875000000000003,64.0,0.2,0.5403701663017273,0.0018267739,-0.003199603701068554,970,0.14152024686336517,0.0296875,-0.7642465937882662,0.0003,0.4999999275431039,1.037745291972533
0.3091093749999999,0.006515625000000004,99,16,0.10271265000000004,165,611,101376,0.3156249999999999,64.0,0.2,0.24413436651229858,0.0034357551,-0.0021374969219323248,980,0.09201636910438538,0.0353515625,-0.7675453711301088,0.0003,0.49999992772936813,1.5491001304064411
0.288380859375,0.005369140625000003,100,16,0.20029407000000002,166,613,102400,0.29375000000000007,64.0,0.2,0.4862060546875,0.0041931025,-0.0035012727457797155,990,0.7351553440093994,0.05625,-0.7903969723731279,0.0003,0.4999999536201356,1.361653707223013
-0.24875781250000012,0.011257812500000006,101,16,0.09624,168,614,103424,-0.23750000000000016,64.0,0.2,0.3552253246307373,0.003527559,-0.0016286783997202293,1000,1.7292004823684692,0.03681640625,-0.8051113318651915,0.0003,0.4999999081715941,1.4219421625370159
-0.3647890625,0.005414062500000004,102,16,0.03260284,169,616,104448,-0.35937499999999994,64.0,0.2,0.5684691667556763,0.005357966,-0.0004109411442186683,1010,0.057996299117803574,0.04482421875,-0.7586377676576376,0.0003,0.4999999305233359,1.1791517897159793
0.264888671875,0.003861328125000002,103,16,0.08350223,170,618,105472,0.26875,64.0,0.2,0.5700819492340088,0.0015396512,-0.0020324742217781022,1020,0.33052632212638855,0.03759765625,-0.6883570056408643,0.0003,0.4999998731538654,0.35507668849313634
0.461361328125,0.004263671875000003,104,16,0.11801318999999999,171,620,106496,0.46562500000000007,64.0,0.2,0.3081650137901306,0.0035589063,-0.003553719675983302,1030,0.3743480145931244,0.05693359375,-0.6360004719346761,0.0003,0.4999999254941943,1.2766986382717733
-0.28722558593749997,0.0028505859375000018,105,16,0.048990530000000004,172,621,107520,-0.28437499999999993,64.0,0.2,0.29327547550201416,0.0011009692,-0.0035341299982974304,1040,0.1895178109407425,0.067578125,-0.6705690413713455,0.0003,0.499753786250949,0.9906543056713417
0.09291503906249995,0.0070849609375000025,106,16,-0.030176979999999992,174,622,108544,0.09999999999999996,64.0,0.2,0.492489218711853,0.0025769328,-0.0012792362394975498,1050,1.6006088256835938,0.054296875,-0.690088202804327,0.0003,0.4969331004656853,0.4001455511970562
0.5054853515625,0.0038896484375000023,107,16,0.13090054,175,623,109568,0.509375,64.0,0.2,0.38545316457748413,0.00388872,-0.0008452285430394113,1060,0.5767545700073242,0.037109375,-0.7019930861890316,0.0003,0.4999999575316904,1.2588465555221773
0.40199609375000006,0.007378906250000003,108,16,0.20999957000000002,176,624,110592,0.40937500000000004,64.0,0.2,0.47083693742752075,0.0010184573,-0.001028697231959086,1070,0.32075485587120056,0.0080078125,-0.6856296379119158,0.0003,0.49999994505196793,1.0300886642187834
-0.09800390625000005,0.007378906250000004,109,16,0.19445891000000004,178,626,111616,-0.09062500000000001,64.0,0.2,0.40335994958877563,0.0007157338,-0.0012875261134468019,1080,1.0911532640457153,0.027734375,-0.7229322824627161,0.0003,0.49916969165205943,1.4877497411973308
-0.022851562499999922,0.007226562500000005,110,16,0.10506875,179,627,112640,-0.015624999999999972,64.0,0.2,0.2822303771972656,0.0009943126,-0.001717721758177504,1090,0.2711685001850128,0.02021484375,-0.76320960521698,0.0003,0.4999999390915036,1.3524073369801044
0.7504042968750001,0.008970703125,111,16,0.23414297,180,629,113664,0.759375,64.0,0.2,0.3719346523284912,0.004667595,-0.003349662930122577,1100,0.016427766531705856,0.06826171875,-0.7637199033051729,0.0003,0.4999999115243555,1.2519682595855557
0.4299931640624999,0.004381835937500003,112,16,0.30302809999999997,181,630,114688,0.43437499999999984,64.0,0.2,0.5231317281723022,0.0076248245,-0.0011793522717198357,1110,0.3676570653915405,0.0533203125,-0.7136403117328882,0.0003,0.4999998982995749,1.595229531219229
0.11513183593750001,0.006743164062500005,113,16,0.25453417,182,632,115712,0.12187500000000004,64.0,0.2,0.3567274212837219,0.0041521275,-0.00315847622405272,1120,1.0868607759475708,0.01728515625,-0.6325064912438393,0.0003,0.49999989252537436,0.6515878370730206
-0.382576171875,0.004451171875000003,114,16,0.11122745999999997,184,633,116736,-0.378125,64.0,0.2,0.4143422842025757,0.0011963935,-0.0018620651244418696,1130,0.01413736306130886,0.04921875,-0.6395997997373343,0.0003,0.4999998850747941,0.8865582623984665
0.22700976562500003,0.004240234375000003,115,16,0.16789905000000002,185,635,117760,0.23125000000000004,64.0,0.2,0.6256184577941895,0.0014806449,-0.0008812884727376514,1140,0.06608656048774719,0.044140625,-0.6323688432574273,0.0003,0.4947402905672787,0.34408550490334167
0.2866982421875,0.007051757812500002,116,16,0.19424983,186,636,118784,0.29375,64.0,0.2,0.21585828065872192,0.0024918416,-0.0022728258336428553,1150,0.22693035006523132,0.020703125,-0.6411177739501,0.0003,0.4960736487992108,1.5059076279299917
0.320884765625,0.007240234375000004,117,16,0.18898091999999994,187,638,119808,0.3281250000000001,64.0,0.2,0.5807342529296875,0.00468025,-0.0032568609400186687,1160,1.5676848888397217,0.05947265625,-0.7033666089177132,0.0003,0.4999999200925229,0.7517598880454898
0.3378876953125,0.012112304687500004,118,16,0.16471406000000005,188,639,120832,0.35000000000000003,64.0,0.2,0.4905669689178467,0.002672701,-0.00301654887443874,1170,1.4026516675949097,0.04990234375,-0.7634581815451383,0.0003,0.4999999441206457,1.268949208362028
0.4441445312500001,0.012105468750000004,119,16,0.21980877,190,641,121856,0.45625,64.0,0.2,0.6632943749427795,0.0039928015,-0.0026175989449257033,1180,0.6682277917861938,0.04638671875,-0.7745169453322888,0.0003,0.4999999128282071,0.9621132566593588
0.26764648437499994,0.007353515625000004,120,16,0.30342471000000004,191,642,122880,0.2749999999999999,64.0,0.2,0.574788510799408,0.0013049033,-0.0007333085144637152,1190,0.361611008644104,0.00830078125,-0.7356492221355438,0.0003,0.4999999541789295,1.6358781416201964
0.3191914062499997,0.012058593750000006,121,16,0.29253534000000003,192,644,123904,0.3312499999999997,64.0,0.2,0.44359898567199707,0.0038826505,-0.0008239805087214336,1200,0.3797532916069031,0.01787109375,-0.7560491178184747,0.0003,0.49999991711229086,0.9357737412676215
-0.3379833984375002,0.009858398437500006,122,16,0.24620955000000003,194,643,124928,-0.3281250000000002,64.0,0.2,0.280173122882843,0.009469572,-0.005949026450980455,1210,6.242341041564941,0.0724609375,-0.712968810275197,0.0003,0.499999950826168,3.298212851723656
0.2792626953124999,0.008237304687500004,123,16,0.23689501999999998,196,641,125952,0.28749999999999987,64.0,0.2,0.5972602367401123,0.0022285408,-0.0013193375518312678,1220,0.034390512853860855,0.0203125,-0.725600142031908,0.0003,0.4993092292919754,0.5148346488247626
0.33796972656249996,0.008905273437500003,124,16,0.23689923999999998,199,637,126976,0.34687499999999993,64.0,0.2,0.5546281337738037,0.008049357,-0.0006419460522010922,1230,0.24178369343280792,0.012109375,-0.7023496795445681,0.0003,0.4999998839572071,1.0041849201428703
0.03690722656249998,0.013092773437500003,125,16,0.14418986,201,634,128000,0.04999999999999996,64.0,0.2,0.7099473476409912,0.0052645113,-0.003996295107936021,1240,0.2568610906600952,0.05361328125,-0.7315126936882734,0.0003,0.4999999079853297,0.6282486519776285
0.28935156249999977,0.007523437500000004,126,16,0.13015563,203,633,129024,0.2968749999999998,64.0,0.2,0.5527228116989136,0.0072495327,-0.0013230290671344847,1250,0.12909220159053802,0.09794921875,-0.6863009925931692,0.0003,0.4990755196660757,1.3216071838862262
0.9253339843749999,0.002791015625000002,127,16,0.25271734999999995,205,633,130048,0.9281250000000001,64.0,0.2,0.5107545852661133,0.0025965476,-0.0021103618055349216,1260,1.8961642980575562,0.020703125,-0.6507705047726631,0.0003,0.4989437339827418,1.0788928324822336
0.274392578125,0.006857421875000003,128,16,0.3206033,206,633,131072,0.28125,64.0,0.2,0.16816383600234985,0.0066206427,-0.0049867282214108855,1270,0.22494842112064362,0.08359375,-0.7102608177810907,0.0003,0.4981826264411211,0.9946921163937077
0.46005078125,0.014949218750000007,129,16,0.37797440000000004,208,633,132096,0.475,64.0,0.2,0.4895833730697632,0.011034693,-0.0007676935638301075,1280,0.0249161496758461,0.03056640625,-0.7246309012174607,0.0003,0.4984827160835267,0.7455509064951912
0.06651660156250018,0.01785839843750001,130,16,0.30493110000000007,209,634,133120,0.0843750000000002,64.0,0.2,0.6052966117858887,0.009753232,-0.005238556463154964,1290,0.45648613572120667,0.04599609375,-0.7472183041274547,0.0003,0.4999999048188329,1.2497953720157966
0.6255673828125001,0.008807617187500005,131,16,0.438318,211,634,134144,0.6343750000000001,64.0,0.2,0.6828545331954956,0.014279627,-0.0033211348491022363,1300,0.5550426244735718,0.0447265625,-0.7151858698576689,0.0003,0.49999993517994884,1.3043056487571447
-0.19349316406249997,0.012243164062500006,132,16,0.33504034,212,634,135168,-0.18124999999999994,64.0,0.2,0.44492024183273315,0.00026800256,-0.00036983964673709124,1310,1.1944822072982788,0.00185546875,-0.702768225222826,0.0003,0.4999999338760972,1.8322026255540549
-0.31679980468750024,0.016799804687500006,133,16,0.18254974000000007,214,634,136192,-0.30000000000000027,64.0,0.2,0.5626387596130371,0.000509206,-0.0006628694594837725,1320,0.16954642534255981,0.00166015625,-0.6878099042922259,0.0003,0.4999999422580002,1.6042171912034973
0.15649511718749998,0.015379882812500007,134,16,0.12824505,215,635,137216,0.17187499999999994,64.0,0.2,0.7224509716033936,0.0012229378,0.00045826787099940703,1330,0.19162291288375854,0.00166015625,-0.7013063978403806,0.0003,0.4999999100342391,0.7072985716629774
-0.035786132812499954,0.020161132812500003,135,16,0.04178457999999999,217,636,138240,-0.015625,64.0,0.2,0.722069501876831,0.0063327276,-0.004195483383955434,1340,3.7447571754455566,0.087109375,-0.7551873128861188,0.0003,0.4999999007210134,1.016453310288489
0.30103613281249986,0.014588867187500005,136,16,0.12060726000000001,218,636,139264,0.31562499999999993,64.0,0.2,0.6032781600952148,0.011321347,-0.0007046677026664838,1350,0.5533857345581055,0.03544921875,-0.7494522422552109,0.0003,0.49999996572732935,2.4737046317080966
0.0696542968749998,0.008470703125000001,137,16,0.008556129999999981,220,637,140288,0.07812499999999982,64.0,0.2,0.5280988812446594,0.0110115325,0.0005149486591108143,1360,0.6308704614639282,0.0240234375,-0.662027582526207,0.0003,0.4999999433755874,1.5793457644060254
0.3075126953124999,0.008112304687500004,138,16,0.05065895999999999,221,638,141312,0.31562499999999993,64.0,0.2,0.5115618705749512,0.0070837485,-0.0004618403036147356,1370,0.8028920292854309,0.016796875,-0.609646848961711,0.0003,0.4999999377876521,1.156710920901969
-0.08487695312500002,0.006751953125000003,139,16,0.1101121,223,637,142336,-0.078125,64.0,0.2,0.5348472595214844,0.0015132322,-0.0007829409558326006,1380,0.911835789680481,0.034375,-0.6353182423859834,0.0003,0.49933587759733183,1.1857841672375797
0.20593945312500006,0.0034355468750000024,140,16,0.13156927,225,636,143360,0.20937500000000003,64.0,0.2,0.4361317753791809,0.0046550147,-0.004756381968036294,1390,0.30022624135017395,0.05224609375,-0.5506377048790455,0.0003,0.4999999048188331,0.8029543771175668
0.19488085937500002,0.005119140625000004,141,16,0.20576097000000002,226,637,144384,0.20000000000000007,64.0,0.2,0.4327942132949829,0.0004714245,6.871830555610358e-06,1400,0.08823041617870331,0.014453125,-0.565629593282938,0.0003,0.4999998342245816,0.44983735552523285
0.008797851562500097,0.006827148437500003,142,16,0.09186312999999996,228,637,145408,0.015625000000000056,64.0,0.2,0.49354690313339233,0.0011118419,0.0003483657055767253,1410,0.41346612572669983,0.01875,-0.5632851213216782,0.0003,0.4998668719083067,0.5351279203081504
0.6895673828125,0.004182617187500003,143,16,0.19723766999999998,229,637,146432,0.69375,64.0,0.2,0.445138156414032,0.0026449286,-0.0038413593283621594,1420,0.8449550867080688,0.0578125,-0.6132433261722327,0.0003,0.499999902583659,0.9690839768969454
0.014197265624999983,0.007677734375000003,144,16,0.19046982999999998,231,636,147456,0.021874999999999978,64.0,0.2,0.4753504991531372,0.0055872845,-0.0062054763140622525,1430,0.9588438272476196,0.1025390625,-0.6703455924987793,0.0003,0.49999992847442654,0.8206839603721164
0.4735712890625001,0.007678710937500005,145,16,0.25863655,233,635,148480,0.48125000000000007,64.0,0.2,0.5832332372665405,0.0008260578,-0.002982180265826173,1440,0.013353639282286167,0.0341796875,-0.6401119001209736,0.0003,0.497728617116809,0.9872047326876782
0.37630761718749994,0.011192382812500004,146,16,0.28100747000000004,235,635,149504,0.38749999999999996,64.0,0.2,0.3327696919441223,0.0027529036,0.00021903866436332465,1450,0.452702134847641,0.00078125,-0.6408005893230438,0.0003,0.4999999448657037,2.5843144461512564
0.6828154296875,0.007809570312500002,147,16,0.34501326,236,635,150528,0.6906249999999999,64.0,0.2,0.43783336877822876,0.006485149,-0.0028698641282971947,1460,0.2684197723865509,0.016015625,-0.7141322180628776,0.0003,0.4999999390915035,2.3910766095388682
0.4942207031250002,0.015154296875000004,148,16,0.42016793999999996,238,636,151552,0.5093750000000001,64.0,0.2,0.3526480197906494,0.009556626,-0.006589456181973219,1470,1.055091142654419,0.087109375,-0.7486726950854063,0.0003,0.49999991413205863,1.46756811006926
0.4306103515624999,0.022514648437500007,149,16,0.42470717999999985,239,637,152576,0.4531249999999999,64.0,0.2,0.5592876672744751,0.008346009,-0.0030191059020580726,1480,0.4305306673049927,0.07509765625,-0.7753633596003056,0.0003,0.4987473487854004,1.8261500671389512
-0.05944238281250008,0.012567382812500007,150,16,0.3653515699999999,240,637,153600,-0.04687500000000011,64.0,0.2,0.6176477670669556,0.016202921,-0.00026800761406775564,1490,3.2016570568084717,0.05947265625,-0.7768090680241585,0.0003,0.49999993126839404,2.2912976908497513
0.5916142578124997,0.011510742187500006,151,16,0.39486595999999996,242,638,154624,0.6031249999999997,64.0,0.2,0.4570472240447998,0.008347675,-0.0018271180946612731,1500,0.1028313860297203,0.02861328125,-0.747011698409915,0.0003,0.49999992940574867,0.8754037022124976
-0.25629687500000026,0.018796875000000008,152,16,0.3457411199999999,243,639,155648,-0.2375000000000002,64.0,0.2,0.35349076986312866,0.0023002462,-0.0006025992101058364,1510,1.4719256162643433,0.0041015625,-0.7502676449716091,0.0003,0.49999996554106463,2.8388767804019155
0.8072773437499998,0.005222656250000004,153,16,0.32904300999999997,244,639,156672,0.8124999999999998,64.0,0.2,0.7549681663513184,0.009088969,-0.0005973517501843162,1520,0.08578549325466156,0.01103515625,-0.7394058585166932,0.0003,0.49938607048243294,0.8475897364784032
0.24573437499999987,0.004265625000000003,154,16,0.29223085,246,640,157696,0.24999999999999986,64.0,0.2,-0.04738724231719971,0.0048755864,0.0011144189804326743,1530,0.02716274932026863,0.05146484375,-0.7038615867495537,0.0003,0.4988313544541597,2.928497009805869
-0.35433984374999994,0.02308984375000001,155,16,0.18205971999999992,247,640,158720,-0.33124999999999993,64.0,0.2,0.4698016047477722,0.008007102,-0.003374384352355264,1540,1.3841203451156616,0.0744140625,-0.7873855154961348,0.0003,0.4999998750165103,0.5592876045498997
-0.45076367187500027,0.022638671875000006,156,16,0.10936250999999993,249,641,159744,-0.4281250000000003,64.0,0.2,0.423547625541687,0.011678386,-0.003445111820474267,1550,1.660630464553833,0.08837890625,-0.7856008145958185,0.0003,0.49999995213001974,4.102910268469714
0.5831474609374999,0.0074775390625000035,157,16,0.11725736000000003,250,641,160768,0.590625,64.0,0.2,0.7158554792404175,0.017326972,-0.005524002069432754,1560,0.22503328323364258,0.02626953125,-0.7565156783908605,0.0003,0.49999994821846483,1.175408360408619
0.9310566406249999,0.012693359375000005,158,16,0.28290501,251,642,161792,0.9437500000000001,64.0,0.2,0.28102630376815796,0.0074327034,-0.00224525171215646,1570,0.37353968620300293,0.02373046875,-0.7564133938401938,0.0003,0.49999989978969067,1.6391582012176513
-0.3074169921874996,0.04804199218750001,159,16,0.12894671000000002,253,642,162816,-0.2593749999999995,64.0,0.2,0.3912462592124939,0.015713809,-0.0036025962326675653,1580,0.8407668471336365,0.107421875,-0.7550906423479319,0.0003,0.4999999701976776,3.132443627435714
-0.04793750000000019,0.035437500000000004,160,16,0.08403764999999996,254,643,163840,-0.012500000000000094,64.0,0.2,0.6976240873336792,0.015194498,-0.0030067312094615773,1590,0.6598501205444336,0.00146484375,-0.7430555816739798,0.0003,0.49999998547136787,2.3026504617184402
0.8566250000000006,0.034,161,16,0.20148658000000005,256,643,164864,0.8906250000000004,64.0,0.2,0.536300778388977,0.016314022,-0.003916513791773468,1600,0.295591801404953,0.0642578125,-0.6989000152796507,0.0003,0.5000000018626453,1.9740068063605576
0.35933691406250057,0.0469130859375,162,16,0.38714332000000007,257,643,165888,0.40625000000000056,64.0,0.2,0.41686034202575684,0.007872839,-0.0001886810379801318,1610,3.767031192779541,0.0263671875,-0.7231829948723316,0.0003,0.4999999891966581,6.188364133425057
0.16406445312500145,0.04218554687500001,163,16,0.3641353500000001,259,644,166912,0.2062500000000015,64.0,0.2,0.5088687539100647,0.0034550875,0.0004497902380535379,1620,1.1877028942108154,0.0009765625,-0.7213496759533882,0.0003,0.4999999906867741,6.315949521912262
0.01293261718749994,0.03706738281250001,164,16,0.15154066,260,644,167936,0.049999999999999906,64.0,0.2,0.6212225556373596,0.007352287,-0.0006864197057439014,1630,0.563758134841919,0.00068359375,-0.724049948900938,0.0003,0.49999998714774824,2.3995397901162505
0.3605351562500003,0.02383984375000001,165,16,0.28149253,261,645,168960,0.38437500000000036,64.0,0.2,0.6318204402923584,0.015013188,-0.0009888049389701337,1640,1.6571956872940063,0.1333984375,-0.70224570594728,0.0003,0.4999999582767488,3.2266657960601153
-0.13776464843749964,0.034639648437500004,166,16,0.2302809599999999,263,646,169984,-0.10312499999999958,64.0,0.2,0.48950183391571045,0.006586598,0.0011656430026050657,1650,0.0944007858633995,0.033984375,-0.7194976095110178,0.0003,0.49999996144324554,2.7570939620491117
1.0963984375000009,0.034851562500000016,167,16,0.27765816000000004,264,645,171008,1.1312500000000008,64.0,0.2,0.4821852445602417,0.011426492,-0.002724887442309409,1660,0.3325517177581787,0.08203125,-0.7009741231799126,0.0003,0.49999997802078716,4.619846254494041
0.8080058593750009,0.03261914062500001,168,16,0.3482255,266,646,172032,0.8406250000000008,64.0,0.2,0.14620989561080933,0.010310637,0.0003774728727876209,1670,0.22608010470867157,0.0203125,-0.7200870383530855,0.0003,0.49999998435378046,12.522935354430228
1.589908203125,0.019466796875000004,169,16,0.5559778299999999,267,645,173056,1.609375,64.0,0.2,0.4799790382385254,0.014526659,-0.008710614964365959,1680,0.08610787987709045,0.06103515625,-0.7247569832950831,0.0003,0.49905265886336564,5.174428705405444
-0.38404199218749935,0.055916992187500014,170,16,0.53850549,269,646,174080,-0.3281249999999994,64.0,0.2,0.39790719747543335,0.0038258338,-0.001788989530177787,1690,0.38507798314094543,0.0013671875,-0.7128060519695282,0.0003,0.500000012852251,5.620900878868997
-0.09522656249999839,0.0702265625,171,16,0.46024064000000003,270,646,175104,-0.02499999999999858,64.0,0.2,0.5260156393051147,0.006476832,-0.004007688695855905,1700,1.2105975151062012,0.04853515625,-0.6494370963424444,0.0003,0.499999990314245,3.621333143487573
0.06630468750000124,0.05557031250000001,172,16,0.50755298,272,646,176128,0.12187500000000118,64.0,0.2,0.6342607736587524,0.0063534128,-0.0009874522846075706,1710,0.3443402051925659,0.0275390625,-0.5978828497231007,0.0003,0.499999974668026,5.340347754023969
1.6591640625000001,0.03771093750000001,173,16,0.7371712599999998,273,646,177152,1.6968750000000004,64.0,0.2,0.7714216113090515,0.004547802,-0.000871435712906532,1720,0.4637858271598816,0.0123046875,-0.6266372315585613,0.0003,0.49999999441206483,2.3710422474890946
1.1701972656250006,0.04230273437500001,174,16,0.60119283,275,647,178176,1.2125000000000006,64.0,0.2,0.3100513219833374,0.003147047,-0.002498687348270323,1730,16.914649963378906,0.02294921875,-0.5967653300613165,0.0003,0.5000000150874258,8.990159618481993
1.4392333984375,0.026391601562500006,175,16,0.65925421,276,647,179200,1.4656250000000004,64.0,0.2,0.6679314374923706,0.005230791,-0.003159893545671366,1740,10.730731010437012,0.03544921875,-0.6510970629751682,0.0003,0.49999999757856134,3.9524741652887316
-0.1528124999999993,0.046562500000000014,176,16,0.635905,278,648,180224,-0.10624999999999923,64.0,0.2,0.6519086360931396,0.0015777708,-0.001323265882092528,1750,2.121877431869507,0.0138671875,-0.6995990507304668,0.0003,0.4999999763444065,2.4794582199305295
0.07762304687500099,0.047376953124999996,177,16,0.6898111,279,647,181248,0.125000000000001,64.0,0.2,0.45510560274124146,0.0071313553,-0.002968636850710027,1760,0.20364606380462646,0.0482421875,-0.7225494664162397,0.0003,0.5000000067055222,6.4954161378555
-0.61316015625,0.047535156250000016,178,16,0.6669325,281,648,182272,-0.5656249999999997,64.0,0.2,0.8108135461807251,0.009200556,-0.00048014291969593613,1770,0.10651928186416626,0.01572265625,-0.7629961252212525,0.0003,0.49970319345593445,1.3353643373586237
-0.0011074218749990983,0.03235742187500001,179,16,0.4076306200000001,282,647,183296,0.03125000000000089,64.0,0.2,0.5858994722366333,0.009066181,0.00033501438156235963,1780,1.0113022327423096,0.04150390625,-0.781369187310338,0.0003,0.4999999700114133,3.280382081656717
-0.36611035156249944,0.044235351562500004,180,16,0.13404731999999991,285,646,184320,-0.32187499999999947,64.0,0.2,0.7698310017585754,0.018066503,-0.011578908161027357,1790,0.8349169492721558,0.1759765625,-0.7462923195213079,0.0003,0.4992197575047612,1.331535187503323
-0.07423144531249998,0.04923144531250001,181,16,-0.13838534000000002,286,646,185344,-0.025000000000000022,64.0,0.2,0.6120998859405518,0.013913885,-0.005194846668746323,1800,2.0523629188537598,0.0640625,-0.6931752916425467,0.0003,0.4999999979510906,2.3353775189723818
0.38612304687500065,0.06700195312500001,182,16,-0.15059345000000002,288,646,186368,0.45312500000000056,64.0,0.2,0.6384248733520508,0.004013757,-0.0007631738582858816,1810,11.967476844787598,0.003125,-0.6957172431051731,0.0003,0.5000000057742001,4.737904245965183
0.3951386718750007,0.05173632812500001,183,16,-0.05351797,289,647,187392,0.44687500000000063,64.0,0.2,0.4722943902015686,0.006730865,-0.003973503195447847,1820,23.16638946533203,0.0736328125,-0.6871401082724333,0.0003,0.5000000277534129,13.47945535518229
0.5415214843750014,0.042853515625000005,184,16,0.11259435999999995,291,647,188416,0.5843750000000012,64.0,0.2,0.7143765091896057,0.0050428407,-9.056473500095308e-05,1830,0.39677369594573975,0.00302734375,-0.6765844721347094,0.0003,0.500000003911555,3.4365967913530766
1.6246455078125017,0.04410449218750001,185,16,0.38799499,292,647,189440,1.6687500000000017,64.0,0.2,0.6200991868972778,0.008142833,-0.0020035764420754274,1840,0.8954379558563232,0.0248046875,-0.6081583280116319,0.0003,0.49999997839331645,4.609160111797974
-0.13988281249999884,0.0617578125,186,16,0.4543111,294,647,190464,-0.0781249999999988,64.0,0.2,0.31297969818115234,0.0062713325,-0.0017748259677318856,1850,1.1716266870498657,0.01142578125,-0.5302329439669847,0.0003,0.5000000180676578,14.31874539339915
1.8086962890625002,0.03817871093750001,187,16,0.7378995400000001,295,647,191488,1.8468750000000003,64.0,0.2,0.7591626644134521,0.004338075,-0.001457525123259984,1860,0.3503817319869995,0.03193359375,-0.47447693794965745,0.0003,0.5000000212341539,1.6412908690050245
0.7964619140625012,0.05041308593750002,188,16,0.7213328099999999,297,647,192512,0.8468750000000012,64.0,0.2,0.6026047468185425,0.0027699422,-0.00033439851249568165,1870,2.0347366333007812,0.00830078125,-0.42804391011595727,0.0003,0.5000000005587936,5.059807262849063
1.5664960937500014,0.04600390625000001,189,16,0.98673438,298,647,193536,1.6125000000000012,64.0,0.2,0.5615509748458862,6.2397216e-05,-0.00036660807963926343,1880,1.619496464729309,0.00107421875,-0.42067605201154945,0.0003,0.5000000102445485,6.1361995410174135
1.3256523437500012,0.04934765625000001,190,16,1.1583636099999999,300,647,194560,1.3750000000000013,64.0,0.2,0.5537304878234863,0.002947249,-5.821246304549277e-06,1890,0.739769458770752,0.0037109375,-0.3819284446537495,0.0003,0.5000000197440387,6.5456925634294745
0.2811562500000009,0.05321875000000001,191,16,1.07176267,301,647,195584,0.3343750000000009,64.0,0.2,0.7727272510528564,0.0023291628,-0.0020892665634164587,1900,0.6190549731254578,0.02548828125,-0.3183711959049106,0.0003,0.4999999938532708,2.958373099938035
0.6805332031250022,0.07884179687500001,192,16,1.04729848,303,648,196608,0.7593750000000022,64.0,0.2,0.7675518989562988,0.0010711708,0.00026260184531565753,1910,1.261007308959961,0.00947265625,-0.3130060911178589,0.0003,0.4999999877065421,2.4247768074274063
-0.8937001953124964,0.11557519531250002,193,16,0.6458803700000003,304,647,197632,-0.7781249999999964,64.0,0.2,0.7211971282958984,0.0018433977,-0.0014756099320948125,1920,3.6355490684509277,0.01005859375,-0.2612994291819632,0.0003,0.5000000199303031,5.204278244264424
0.3424140625000009,0.07008593750000001,194,16,0.5018494700000001,306,648,198656,0.4125000000000011,64.0,0.2,0.7064261436462402,0.00089457835,-0.0005495175311807543,1930,2.3993687629699707,0.01357421875,-0.23549986528232694,0.0003,0.4999999906867741,4.3049097646027805
0.898149414062501,0.05185058593750001,195,16,0.45991024999999985,307,648,199680,0.9500000000000011,64.0,0.2,0.7506088018417358,0.00035978248,-0.0003528777524479665,1940,1.3037656545639038,0.000390625,-0.24665779583156108,0.0003,0.5000000013038517,5.597283377498388
1.4264824218750003,0.05476757812500001,196,16,0.5592824300000001,309,648,200704,1.4812500000000002,64.0,0.2,0.5015748739242554,0.0002275058,-0.0008169119624653831,1950,0.7208421230316162,0.0015625,-0.2527845284901559,0.0003,0.5000000258907676,4.430625953711569
1.1153789062500028,0.07837109375000001,197,16,0.6548037,310,649,201728,1.1937500000000028,64.0,0.2,0.6355333924293518,0.001680484,-0.0021993096743244678,1960,1.5759665966033936,0.01669921875,-0.2332075540907681,0.0003,0.5000000352039939,5.026503118500114
0.347980468750003,0.08014453125000001,198,16,0.60448618,312,649,202752,0.4281250000000031,64.0,0.2,0.606640100479126,0.0010193274,-0.0007505576519179158,1970,0.6515311598777771,0.00341796875,-0.20123465675860644,0.0003,0.500000007264316,8.849056082055904
0.5318916015625024,0.09310839843749999,199,16,0.67380867,313,650,203776,0.6250000000000024,64.0,0.2,0.5567463636398315,0.0001400105,-0.0004891061515081673,1980,7.124797821044922,0.0013671875,-0.19293183060362934,0.0003,0.5000000273808836,6.2259732343256475
-0.35660058593749594,0.10972558593750001,200,16,0.64434896,314,650,204800,-0.24687499999999588,64.0,0.2,0.4721675515174866,0.0011237193,-0.0016151083342265337,1990,0.7707105278968811,0.01796875,-0.17012582141906024,0.0003,0.5000000279396765,12.785292160138487
1.395036132812502,0.0674638671875,201,16,0.8083850400000001,316,650,205824,1.4625000000000021,64.0,0.2,0.7288869619369507,0.00027226523,-0.00032052367314463483,2000,1.2390629053115845,0.00185546875,-0.1553168565966189,0.0003,0.5000000087544326,4.875746895745396
1.4572636718750003,0.04273632812500001,202,16,0.75564896,317,651,206848,1.5000000000000002,64.0,0.2,0.6566438674926758,0.00086716376,-0.0011148429854074492,2010,0.3460116386413574,0.02177734375,-0.19490811163559557,0.0003,0.5000000154599545,6.9555299581028525
1.6286230468750023,0.08387695312500001,203,16,0.8855811199999999,318,651,207872,1.7125000000000024,64.0,0.2,0.15739494562149048,0.0010040039,-0.0003384798998013139,2020,0.3504825532436371,0.00712890625,-0.17990267239511012,0.0003,0.5000000065192574,5.259144918620587
-0.6843359374999982,0.11558593750000003,204,16,0.62735426,320,652,208896,-0.5687499999999981,64.0,0.2,0.6605355739593506,0.00082142616,-0.0010389719333034008,2030,1.7434165477752686,0.013671875,-0.16705807596445083,0.0003,0.5000000042840835,7.738085435610264
-0.3432021484374976,0.09320214843750002,205,16,0.38021691,321,652,209920,-0.2499999999999976,64.0,0.2,0.7165899276733398,0.001119602,-0.0020736010308610277,2040,3.628148078918457,0.0203125,-0.18689471371471883,0.0003,0.5000000109896064,3.9384547755122186
2.0070195312500014,0.055480468750000005,206,16,0.8977355100000001,323,652,210944,2.0625000000000018,64.0,0.2,0.7515043020248413,0.00046355836,-2.4222934735007583e-05,2050,1.778246283531189,0.005078125,-0.1755215714685619,0.0003,0.500000001676381,3.361594310030341
-0.17903027343749636,0.10090527343750003,207,16,0.71862987,324,653,211968,-0.07812499999999631,64.0,0.2,0.6158578991889954,0.0010609752,-0.0001892416083137505,2060,0.723034143447876,0.01171875,-0.1708061983808875,0.0003,0.5000000176951288,7.085194234363735
2.3277773437500007,0.034722656250000004,208,16,0.9092530000000002,326,653,212992,2.3625000000000007,64.0,0.2,0.8067744970321655,0.00011056551,-0.00046437876590061934,2070,0.3998403251171112,0.009765625,-0.19332469590008258,0.0003,0.5000000122934584,3.763588834926486
0.051723632812502945,0.09202636718750001,209,16,0.5146370399999999,327,653,214016,0.143750000000003,64.0,0.2,0.5919396281242371,0.00011235173,9.836297685978934e-05,2080,2.179608106613159,0.0072265625,-0.20461948961019516,0.0003,0.5000000007450581,6.268377308547497
0.695637695312503,0.0699873046875,210,16,0.68030706,328,653,215040,0.7656250000000027,64.0,0.2,0.714552640914917,0.00051635446,-0.0011621346231549979,2090,1.2470872402191162,0.00400390625,-0.18868285538628699,0.0003,0.5000000113621358,5.687261289730668
0.07325390625000215,0.07674609375000001,211,16,0.7772675200000001,330,654,216064,0.15000000000000227,64.0,0.2,0.7003357410430908,0.0005095209,-0.00011948587198276072,2100,0.5369224548339844,0.00078125,-0.21192586217075587,0.0003,0.5000000057741997,5.574632771126926
0.987403320312502,0.06884667968750001,212,16,0.8126187700000002,331,653,217088,1.0562500000000021,64.0,0.2,0.744253396987915,0.00045594882,-0.0002554054808570072,2110,2.799848794937134,0.0150390625,-0.24167166901752352,0.0003,0.5000000035390261,5.002288446389139
-1.0301308593749956,0.105130859375,213,16,0.5092404999999999,333,654,218112,-0.9249999999999958,64.0,0.2,0.5763128399848938,0.000505401,-0.0004244569252477959,2120,0.3034750819206238,0.00947265625,-0.2502307121641934,0.0003,0.5000000389292835,8.055195225588978
1.083072265625001,0.063802734375,214,16,0.39110489000000004,334,654,219136,1.1468750000000008,64.0,0.2,0.8214842081069946,0.001165957,-0.00026281763275619595,2130,4.08329963684082,0.0052734375,-0.25552407233044505,0.0003,0.5000000039115544,2.390401698835194
0.41043945312500085,0.06768554687500002,215,16,0.30354538999999997,336,654,220160,0.4781250000000008,64.0,0.2,0.6786465644836426,0.00055959955,-0.0005012489360524342,2140,2.6621954441070557,0.01318359375,-0.2389479372650385,0.0003,0.5000000348314645,5.319967712741345
0.5847294921875011,0.07464550781250001,216,16,0.34401489999999996,337,655,221184,0.659375000000001,64.0,0.2,0.7062921524047852,0.0014394266,-0.000692302713287063,2150,1.445273756980896,0.011328125,-0.27476549297571184,0.0003,0.5000000266358258,3.3980786014348268
2.0775283203125,0.041221679687500005,217,16,0.70106615,339,655,222208,2.1187500000000004,64.0,0.2,0.6984004974365234,0.0021974111,-0.0024879796343157067,2160,0.4640219211578369,0.0341796875,-0.24195620492100717,0.0003,0.5000000160187481,5.129207457043231
-0.38795898437499726,0.094208984375,218,16,0.38471913999999996,340,655,223232,-0.2937499999999973,64.0,0.2,0.30043548345565796,0.000359622,-0.00014479844394372777,2170,2.7730584144592285,0.00947265625,-0.21230480344966055,0.0003,0.5000000122934584,13.464014430809765
-0.19544238281249904,0.0673173828125,219,16,0.50778305,341,655,224256,-0.12812499999999893,64.0,0.2,0.7243824005126953,0.00031030324,-0.00024331938329851254,2180,0.7578827142715454,0.00615234375,-0.22200458943843843,0.0003,0.49999999981373583,4.883345271088183
0.17136328125000055,0.07863671875000001,220,16,0.51001913,343,656,225280,0.25000000000000044,64.0,0.2,0.7149021029472351,0.0005811423,-0.0006042060384061187,2190,0.40546825528144836,0.01630859375,-0.2191733608022332,0.0003,0.4999999938532711,3.0447608314454557
0.03407812500000229,0.097171875,221,16,0.3579139600000001,344,656,226304,0.1312500000000023,64.0,0.2,0.7877854108810425,0.001075071,0.0004822937655262649,2200,0.2776516079902649,0.01416015625,-0.2757497256621718,0.0003,0.5000000208616258,2.846261931397021
0.3843359375000006,0.06878906250000003,222,16,0.33043052999999994,346,656,227328,0.45312500000000067,64.0,0.2,0.7872592210769653,0.00068160647,-0.001206106849713251,2210,0.32548755407333374,0.0107421875,-0.25902371797710655,0.0003,0.5000000368803736,3.297524129692465
2.5301025390625007,0.0417724609375,223,16,0.3772505099999999,347,656,228352,2.5718750000000004,64.0,0.2,0.7660129070281982,0.0013445978,-0.0009738654567627236,2220,0.8694553971290588,0.01015625,-0.23633049791678787,0.0003,0.5000000163912776,3.8597706601954997
0.5504238281250032,0.06832617187500002,224,16,0.55287785,349,656,229376,0.6187500000000032,64.0,0.2,0.4697520136833191,6.815244e-05,0.0002209371596109122,2230,1.720515251159668,0.000390625,-0.22276478856801987,0.0003,0.5000000162050127,9.508336528763175
1.3935468750000015,0.053328125000000004,225,16,0.8288833,350,656,230400,1.4468750000000017,64.0,0.2,0.7595456838607788,0.00090969924,-0.0012618215157999657,2240,0.30324774980545044,0.009765625,-0.24982757614925505,0.0003,0.5000000020489102,4.607813858613372
-0.8415253906249976,0.11027539062500001,226,16,0.6511543799999999,352,657,231424,-0.7312499999999976,64.0,0.2,0.5556530952453613,0.0015017487,-0.0001018527604173869,2250,0.7515448927879333,0.0365234375,-0.2986337004229426,0.0003,0.50000001937151,5.314139864593744
1.3434960937500007,0.059628906250000016,227,16,0.8952350000000001,353,657,232448,1.4031250000000006,64.0,0.2,0.7241228818893433,0.002138686,5.47729548998177e-05,2260,0.21821582317352295,0.005078125,-0.2662058466114104,0.0003,0.5000000273808836,4.5686643932014706
2.2298623046875004,0.06701269531250001,228,16,1.18839609,355,657,233472,2.2968750000000004,64.0,0.2,0.690276563167572,0.00089714635,-0.0007292872731341049,2270,15.583486557006836,0.0232421875,-0.26725012008100746,0.0003,0.5000000143423676,6.037934817560017
0.07862988281250077,0.07762011718750002,229,16,0.90968373,356,657,234496,0.15625000000000083,64.0,0.2,0.48949629068374634,0.00040508353,-0.00023022672976367176,2280,2.3668735027313232,0.01279296875,-0.27452029678970574,0.0003,0.5000000031664966,13.310434902831911
0.4871689453125009,0.08158105468750003,230,16,0.7948198000000001,358,657,235520,0.568750000000001,64.0,0.2,0.7006651163101196,9.052892e-05,-1.8082981114275753e-05,2290,0.12919196486473083,0.00693359375,-0.2639663227833807,0.0003,0.5000000040978193,5.523385321348906
0.698959960937501,0.07604003906250001,231,16,0.71842823,359,658,236544,0.7750000000000009,64.0,0.2,0.6015703678131104,0.0015669765,-0.0014967487906687893,2300,1.084384560585022,0.01728515625,-0.2610983987338841,0.0003,0.5000000201165674,8.961249415762722
-0.9156933593749983,0.10944335937500001,232,16,0.5575323199999999,360,658,237568,-0.8062499999999984,64.0,0.2,0.7736750245094299,0.0010050018,-0.00034294930956093597,2310,0.4794241786003113,0.01015625,-0.2582824026234448,0.0003,0.5000000096857551,4.247524817474186
1.0525312500000017,0.07871875000000002,233,16,0.68226372,362,658,238592,1.1312500000000019,64.0,0.2,0.751105546951294,0.00037671783,-0.0006340465683024376,2320,4.666966438293457,0.01640625,-0.306664339825511,0.0003,0.5000000180676574,5.12087503792718
1.5717138671874993,0.05328613281250001,234,16,0.70857996,363,659,239616,1.6249999999999991,64.0,0.2,0.8151246905326843,0.0025922763,-0.0007288326480193064,2330,0.8003787398338318,0.02705078125,-0.288010011613369,0.0003,0.5000000031664967,3.4658670177683235
-0.03525195312499771,0.09775195312500001,235,16,0.42004577000000004,364,659,240640,0.0625000000000025,64.0,0.2,0.7969036102294922,0.0009844918,-0.0003205348941264674,2340,0.21503904461860657,0.00107421875,-0.27294827308505776,0.0003,0.49999999497085795,2.87971084844321
1.8553515625000014,0.05714843750000001,236,16,0.6943837699999998,366,659,241664,1.9125000000000014,64.0,0.2,0.6808941960334778,0.0005875862,-0.0014453084004344419,2350,9.086886405944824,0.01240234375,-0.3226857712492347,0.0003,0.5000000284984709,5.902564102783799
0.23816308593750043,0.08058691406250001,237,16,0.5230965500000001,367,659,242688,0.3187500000000003,64.0,0.2,0.6178486943244934,0.0009398148,-0.0008941360109020024,2360,3.364934206008911,0.0005859375,-0.296722892858088,0.0003,0.500000007078052,6.810029470175505
0.7342060546875002,0.06579394531250002,238,16,0.9917743599999997,369,659,243712,0.8000000000000003,64.0,0.2,0.8220378756523132,0.00037204218,-0.0014210488618118689,2370,0.6719386577606201,0.0173828125,-0.3253711886703968,0.0003,0.4999999977648257,2.7955891199409963
1.1729697265625005,0.05515527343750001,239,16,1.05761734,370,659,244736,1.2281250000000008,64.0,0.2,0.6382231712341309,0.0030444672,-0.0011882744336617179,2380,2.091404438018799,0.03173828125,-0.27318376349285245,0.0003,0.5000000007450581,4.258386789169163
0.9839560546875026,0.07854394531250002,240,16,0.9152835799999999,372,660,245760,1.0625000000000024,64.0,0.2,0.6642206907272339,0.001140258,-0.0012948929506819695,2390,6.308200359344482,0.01279296875,-0.2209824920631945,0.0003,0.5000000201165672,4.995043290033936
0.9458671875000002,0.07913281250000001,241,16,0.9350279499999999,373,660,246784,1.0250000000000001,64.0,0.2,0.601179838180542,0.0007044336,-0.0012796549272025004,2400,0.35144340991973877,0.00966796875,-0.22858199439942836,0.0003,0.5000000320374963,9.427420482784509
2.4257744140624995,0.036725585937500006,242,16,1.0612249699999998,375,660,247808,2.4624999999999995,64.0,0.2,0.7144581079483032,0.0012604208,-0.0012060440698405729,2410,1.6818389892578125,0.01513671875,-0.20893764663487674,0.0003,0.5000000435858969,5.920909593254327
2.0394707031250014,0.066779296875,243,16,1.44247265,376,660,248832,2.1062500000000015,64.0,0.2,0.4504079818725586,0.0011841974,-0.0009120008646277711,2420,1.3423494100570679,0.0240234375,-0.22564533790573477,0.0003,0.4999999931082131,7.747858831845224
0.4408759765625014,0.0747490234375,244,16,1.3005006499999998,378,660,249856,0.5156250000000014,64.0,0.2,0.5669609904289246,0.0014306488,-0.001187205605674535,2430,7.510035514831543,0.0265625,-0.20963385971263052,0.0003,0.5000000339001418,11.174858920834959
0.4018691406250002,0.085630859375,245,16,1.2801845400000003,379,661,250880,0.48750000000000016,64.0,0.2,0.4264993667602539,0.0016385558,-0.0005820767582918052,2440,8.896978378295898,0.0228515625,-0.18281893022358417,0.0003,0.5000000074505808,3.732564001297578
1.7582480468750008,0.066751953125,246,16,1.3426384899999997,380,661,251904,1.825000000000001,64.0,0.2,0.7045801877975464,0.00018104224,0.00039240843325387685,2450,2.773620843887329,0.00517578125,-0.19512930018827318,0.0003,0.5000000333413477,5.7040432779118415
1.6500380859375006,0.07496191406250002,247,16,1.3797996000000001,382,661,252928,1.7250000000000005,64.0,0.2,0.6226178407669067,0.00033450645,0.00028624201950151474,2460,3.1026997566223145,0.0021484375,-0.1859830087982118,0.0003,0.5000000217929482,9.840549626573921
0.16049121093750235,0.08950878906250001,248,16,1.14555303,383,661,253952,0.25000000000000244,64.0,0.2,0.6643600463867188,0.0009889439,-0.000587544683367014,2470,0.8111051917076111,0.01064453125,-0.16625959547236563,0.0003,0.5000000301748514,6.144944501388818
0.2691816406250016,0.09331835937500002,249,16,0.83087643,385,661,254976,0.3625000000000015,64.0,0.2,0.7773227691650391,0.00052257936,-7.022719946689904e-05,2480,0.2386315017938614,0.00537109375,-0.17750389585271478,0.0003,0.49999999888241237,3.2401588953100147
0.08845507812500353,0.09591992187500001,250,16,0.6913764300000002,386,662,256000,0.18437500000000367,64.0,0.2,0.573805570602417,0.0009494446,-0.0006563321891007945,2490,0.5056788325309753,0.01259765625,-0.18031566841527819,0.0003,0.5000000333413483,9.72211781842634
0.5015390625000019,0.07971093750000002,251,16,0.6683919,388,662,257024,0.5812500000000019,64.0,0.2,0.6396206617355347,0.000856632,-7.091643055900932e-07,2500,12.182859420776367,0.01044921875,-0.16309011401608586,0.0003,0.5000000180676575,7.355759864486754
2.7105966796875007,0.055028320312500004,252,16,0.9435168899999999,389,662,258048,2.7656250000000004,64.0,0.2,0.7679627537727356,0.00080428965,-0.00022963866649661213,2510,7.052877426147461,0.00771484375,-0.17218648977577686,0.0003,0.5000000126659876,4.751544564496726
0.2728613281250031,0.089638671875,253,16,0.59515172,390,662,259072,0.3625000000000032,64.0,0.2,0.5228747129440308,0.0012463448,-0.002417766352300532,2520,2.208585262298584,0.02724609375,-0.15969549557194113,0.0003,0.5000000070780513,11.402006258070468
1.117529296875001,0.051220703125,254,16,0.8475676799999999,392,663,260096,1.1687500000000008,64.0,0.2,0.7859029173851013,0.00094744645,-0.00048522170254727826,2530,1.5412993431091309,0.00615234375,-0.14400352379307152,0.0003,0.5000000145286325,2.8946272134780884
0.2978603515625021,0.08963964843750002,255,16,0.78356051,393,663,261120,0.3875000000000022,64.0,0.2,0.7187685966491699,0.00061451807,-0.0003068295365665108,2540,0.5096309781074524,0.00625,-0.14005718287080526,0.0003,0.500000000558794,3.1761685610748827
2.8118222656249996,0.069427734375,256,16,1.2185606899999997,395,663,262144,2.8812499999999988,64.0,0.2,0.7762131690979004,0.00073694234,-0.0008424283238127828,2550,2.49493145942688,0.008984375,-0.12293332046829164,0.0003,0.5000000296160579,4.711237305402756
0.619079101562503,0.09342089843750001,257,16,1.23669943,396,663,263168,0.712500000000003,64.0,0.2,0.657590389251709,7.648702e-05,7.736764382570982e-05,2560,0.4392274022102356,0.0,-0.1260221241042018,0.0003,0.5000000141561032,7.806432867795229
0.6280849609375015,0.10941503906250002,258,16,1.02864724,398,663,264192,0.7375000000000016,64.0,0.2,0.4337009787559509,0.00060108706,-0.00011399393260944635,2570,0.6261410117149353,0.00322265625,-0.105302310641855,0.0003,0.5000000227242707,8.357597447372973
0.35840527343750184,0.06659472656250001,259,16,0.9596111300000001,399,663,265216,0.42500000000000193,64.0,0.2,0.5717096328735352,0.00034346513,-0.00011830422445200384,2580,1.4281036853790283,0.00087890625,-0.09542260924354196,0.0003,0.5000000363215804,12.162122191488743
1.4812812500000008,0.056218750000000005,260,16,1.09689316,400,664,266240,1.537500000000001,64.0,0.2,0.7547920346260071,0.00035455596,-0.0005303081168676726,2590,3.1092965602874756,0.00400390625,-0.0651060180971399,0.0003,0.5000000135973094,3.1051379648968576
1.5744218750000007,0.066203125,261,16,1.1389593900000001,402,664,267264,1.6406250000000007,64.0,0.2,0.6668640375137329,0.00045379048,-0.0004476622067159042,2600,0.6682809591293335,0.0107421875,-0.07241354847792536,0.0003,0.5000000126659876,5.781490111164748
0.6885908203125028,0.0864091796875,262,16,0.9794615599999998,403,664,268288,0.775000000000003,64.0,0.2,0.4122731685638428,0.00033504615,-0.001058112212922424,2610,1.9967340230941772,0.0078125,-0.0813768436666578,0.0003,0.5000000339001411,17.011847672518343
1.0934121093750007,0.044087890625000015,263,16,0.9936726599999999,405,664,269312,1.1375000000000006,64.0,0.2,0.6266399621963501,0.0004920388,-0.0004383714112918824,2620,4.156486511230469,0.01044921875,-0.09396258592605591,0.0003,0.5000000230967999,7.21480663549155
0.27502148437500074,0.087478515625,264,16,0.8792528199999998,406,664,270336,0.3625000000000008,64.0,0.2,0.43245309591293335,0.0002138507,-0.00041945794073399155,2630,0.9715365171432495,0.007421875,-0.10505810035392642,0.0003,0.499999980069697,5.575491284485906
-0.7477626953124976,0.09776269531250001,265,16,0.6843761199999999,408,665,271360,-0.6499999999999976,64.0,0.2,0.7492612600326538,0.0004690023,-0.00028648166626226156,2640,0.3393113613128662,0.00517578125,-0.12194938859902323,0.0003,0.5000000311061741,4.433661682438105
1.5825156249999999,0.04873437500000001,266,16,0.7334501800000001,409,665,272384,1.63125,64.0,0.2,0.6296035051345825,0.00066252425,-9.963537595467642e-05,2650,1.0097730159759521,0.003125,-0.11590535379946232,0.0003,0.500000011175871,2.6734747166745363
0.41561621093750234,0.08438378906250002,267,16,0.5199220800000001,411,665,273408,0.5000000000000024,64.0,0.2,0.5078850984573364,0.0001525341,-0.0004940635237289826,2660,0.914506196975708,0.00673828125,-0.11884660948999226,0.0003,0.5000000368803745,11.204390246234833
0.27934960937500236,0.101900390625,268,16,0.4256258300000002,412,665,274432,0.3812500000000025,64.0,0.2,0.6571559309959412,0.00044861075,-0.00010830947867361829,2670,1.8941245079040527,0.010546875,-0.12633679555729033,0.0003,0.500000002980232,7.921907363459468
0.8276054687499999,0.04426953125000001,269,16,0.48057941000000004,413,665,275456,0.8718749999999997,64.0,0.2,0.6783137321472168,0.0002595383,-0.00026843551022466273,2680,2.7288522720336914,0.00361328125,-0.1314707208890468,0.0003,0.5000000383704901,6.366617204621434
-0.3572968749999993,0.113546875,270,16,0.26943303,415,665,276480,-0.2437499999999992,64.0,0.2,0.7476873993873596,0.00047956244,-0.0002524993527913466,2690,3.7696430683135986,0.0126953125,-0.1474977418780327,0.0003,0.5000000113621351,3.129757996276021
2.109803710937502,0.043321289062500004,271,16,0.71086021,416,665,277504,2.153125000000002,64.0,0.2,0.7082827091217041,3.2438547e-06,-4.8842182150110605e-05,2700,0.7558474540710449,0.0078125,-0.16217759754508734,0.0003,0.5000000232830644,6.047901622951031
1.498956054687501,0.03854394531250001,272,16,0.8770235,418,665,278528,1.5375000000000005,64.0,0.2,0.3167611360549927,0.0008076374,-0.0009178712236462161,2710,2.571592092514038,0.01513671875,-0.12832302330061793,0.0003,0.5000000063329934,10.800517285615205
0.11806933593750174,0.0819306640625,273,16,0.7339792900000001,419,665,279552,0.2000000000000018,64.0,0.2,0.6570680141448975,0.00056846545,-0.0011867130087921396,2720,3.519404888153076,0.01337890625,-0.14315076121129094,0.0003,0.5000000039115549,3.331035539926961
0.9828193359375017,0.05468066406250001,274,16,0.8027474400000001,421,666,280576,1.0375000000000016,64.0,0.2,0.8157516121864319,0.00083470845,-0.0007428006458212622,2730,4.36901330947876,0.017578125,-0.126250075455755,0.0003,0.5000000007450581,3.2311987282708285
1.076344726562502,0.08615527343750001,275,16,0.83493167,422,666,281600,1.1625000000000019,64.0,0.2,0.6488882303237915,0.00012472563,0.00030732208106201144,2740,2.5336790084838867,0.00302734375,-0.12155448151752353,0.0003,0.5000000074505807,4.96510313693434
-0.08387499999999631,0.10262500000000002,276,16,0.9353447899999999,423,666,282624,0.018750000000003764,64.0,0.2,0.597112238407135,0.0006809585,-0.0003636244902736507,2750,24.127666473388672,0.014453125,-0.13852957556955517,0.0003,0.5000000137835744,9.69046488944441
0.2746992187500013,0.08780078125,277,16,0.7263688500000001,425,666,283648,0.36250000000000143,64.0,0.2,0.7434096336364746,0.0014649777,0.0003462305961875245,2760,1.2840046882629395,0.015625,-0.16637986600399018,0.0003,0.500000008940697,4.029081006161869
0.8146201171875018,0.08537988281250002,278,16,0.591611,426,666,284672,0.9000000000000019,64.0,0.2,0.7875487804412842,0.00057738734,0.00023775320878485217,2770,0.6372547149658203,0.01220703125,-0.15540151922032236,0.0003,0.4999999782070517,4.134502277709544
0.42375781250000133,0.08249218750000001,279,16,0.46567428000000005,428,667,285696,0.5062500000000012,64.0,0.2,0.7730576395988464,6.132602e-05,8.412435854552314e-05,2780,1.5876559019088745,0.0052734375,-0.17038376685231924,0.0003,0.49999999664723893,6.006227443926036
1.8806718750000029,0.07245312500000001,280,16,0.7481222099999999,429,667,286720,1.9531250000000029,64.0,0.2,0.7456158399581909,0.0007013618,-0.00037974050210323187,2790,2.9815902709960938,0.00810546875,-0.13751958217471838,0.0003,0.5000000080093744,5.390590540319681
0.510319335937502,0.0803056640625,281,16,0.78909657,431,667,287744,0.5906250000000022,64.0,0.2,0.5939688682556152,7.931789e-05,0.00014687325310660526,2800,0.7521101832389832,0.00146484375,-0.11634508310817182,0.0003,0.5000000100582842,7.999480532668531
0.7351445312500023,0.09610546875,282,16,0.7646298699999998,432,667,288768,0.8312500000000023,64.0,0.2,0.7388962507247925,0.0005391178,-0.0008464848069706932,2810,0.12148382514715195,0.00859375,-0.1410156548488885,0.0003,0.4999999936670063,4.370376728614792
-0.10706347656249678,0.09456347656250003,283,16,0.65693596,433,667,289792,-0.012499999999996639,64.0,0.2,0.6773570775985718,0.00065348466,-0.000201585641480051,2820,9.355728149414062,0.00791015625,-0.1259902016725391,0.0003,0.5000000288709997,8.725459031015635
-1.0165175781249962,0.12276757812500001,284,16,0.29295958,435,668,290816,-0.8937499999999963,64.0,0.2,0.713042140007019,0.0007277574,-0.0008432619069935754,2830,4.409658432006836,0.01123046875,-0.1131278209388256,0.0003,0.5000000113621355,4.839787495881319
0.5784189453125004,0.1028310546875,285,16,0.3949705399999999,436,668,291840,0.6812500000000004,64.0,0.2,0.8456546068191528,0.0005970308,-0.001678587097558193,2840,0.23546499013900757,0.0142578125,-0.12768042106181382,0.0003,0.5000000100582835,2.609388988651335
0.6547099609375016,0.0671650390625,286,16,0.2679871200000001,438,668,292864,0.7218750000000016,64.0,0.2,0.7393887639045715,0.0001744483,-6.698316719848663e-05,2850,3.2355549335479736,0.00849609375,-0.1465686522424221,0.0003,0.5000000236555934,7.514235791563988
-0.19290332031249768,0.0866533203125,287,16,0.10108397,439,668,293888,-0.10624999999999774,64.0,0.2,0.612460732460022,0.0013503178,-0.0016089623444713653,2860,4.33315372467041,0.02001953125,-0.16401012167334555,0.0003,0.5000000050291418,4.021508323214948
-0.8099492187499979,0.10369921875000002,288,16,-0.12086917,441,668,294912,-0.7062499999999979,64.0,0.2,0.8354626893997192,0.00079233653,-0.00018516530399210752,2870,0.3091498911380768,0.01025390625,-0.16736206021159888,0.0003,0.5000000238418577,2.7910166177898645
1.0489267578125006,0.051073242187500006,289,16,0.051877230000000066,442,668,295936,1.1000000000000008,64.0,0.2,0.6896461248397827,0.00038031273,-0.00027898778207600115,2880,0.5304058194160461,0.00537109375,-0.1861459153704345,0.0003,0.5000000305473805,3.737561993487179
1.5142519531250014,0.066998046875,290,16,0.4006459700000001,443,669,296960,1.5812500000000012,64.0,0.2,0.7114624381065369,0.0011942778,-0.0015310542337829247,2890,2.478177547454834,0.02099609375,-0.16231622835621237,0.0003,0.5000000098720199,4.29167936546728
0.24602441406250133,0.0883505859375,291,16,0.2440275,445,669,297984,0.3343750000000014,64.0,0.2,0.7110084295272827,0.0005367577,-0.000966064416570589,2900,6.685074329376221,0.0087890625,-0.1789981777779758,0.0003,0.5000000344589356,5.641340296063572
3.2602373046875,0.03351269531250001,292,16,0.7812551499999999,446,669,299008,3.2937500000000006,64.0,0.2,0.7069528698921204,0.0013544946,0.00013633544294862078,2910,0.647497832775116,0.00390625,-0.16167526720091702,0.0003,0.5000000199303029,6.535757526010275
0.5133583984375032,0.07414160156250002,293,16,0.9361668799999999,448,669,300032,0.5875000000000032,64.0,0.2,0.3646482825279236,0.0009351731,-2.967205364257097e-06,2920,1.9395289421081543,0.01455078125,-0.22678769174963237,0.0003,0.5000000350177289,13.816013649292291
,,,,,,,,,,0.2,0.7702671885490417,0.0007536984,-0.0006390792746969965,2930,4.250784397125244,0.00634765625,-0.2189821895211935,0.0003,0.5000000139698386,4.101543082296848
