time/time_elapsed,time/total_timesteps,economics/episodes,time/fps,economics/profit_mean,time/iterations,rollout/ep_len_mean,economics/inventory_penalty_total_mean,rollout/ep_rew_mean,economics/objective_mean,train/n_updates,train/learning_rate,train/approx_kl,train/policy_gradient_loss,train/clip_range,train/entropy_loss,train/clip_fraction,train/loss,train/explained_variance,train/value_loss,train/post_clip_gradient_norm
0,1024,16,4433,0.2687499999999996,1,64.0,0.05613183593750001,0.2126181874999999,0.21261816406249945,,,,,,,,,,,
1,2048,16,2007,-3.54375,2,64.0,0.09227539062500001,-1.7117036562499999,-3.636025390625,10,0.0003,0.003856517,-0.007613310375018045,0.2,-2.3011016473174095,0.00791015625,1.4745051860809326,-0.011216998100280762,4.299470581114292,0.49999959468841554
1,3072,16,1709,-0.587500000000001,3,64.0,0.059969726562500006,-1.3569590208333333,-0.6474697265625009,20,0.0003,0.0040917397,-0.005802903303992935,0.2,-2.2964537501335145,0.00322265625,0.6757463216781616,0.46883827447891235,3.4905543819069864,0.4999997328966855
2,4096,16,1493,-1.290625,4,64.0,0.09061328125000001,-1.36302884375,-1.38123828125,30,0.0003,0.012577677,-0.015662878271541558,0.2,-2.2836040571331977,0.08779296875,0.7800459861755371,0.7851072549819946,1.3996022948995233,0.49953522793948646
3,5120,16,1391,-1.7187500000000002,5,64.0,0.092759765625,-1.4527250375,-1.811509765625,40,0.0003,0.00889902,-0.01036331455106847,0.2,-2.26374104321003,0.0509765625,0.8130309581756592,0.8212029933929443,2.039879333227873,0.49999963715672496
4,6144,16,1424,-1.3031250000000003,6,64.0,0.07139941406250001,-1.4396916145833334,-1.3745244140625004,50,0.0003,0.009121466,-0.0091290905198548,0.2,-2.261565126478672,0.041796875,0.7335801720619202,0.7802966833114624,1.8925566673278809,0.49999965634197024
5,7168,16,1369,0.8562499999999998,7,64.0,0.0664013671875,-1.0955915799999998,0.7898486328124998,60,0.0003,0.008218558,-0.006475154202780687,0.2,-2.2492291241884232,0.03037109375,1.3606271743774414,0.7781854271888733,2.1066280990839004,0.4999996513128282
6,8192,16,1273,-1.1749999999999998,8,64.0,0.04943652343750001,-1.1637400299999998,-1.2244365234374999,70,0.0003,0.011404795,-0.009075229911832138,0.2,-2.2274856373667715,0.038671875,1.4402246475219727,0.7513906359672546,2.561022602021694,0.49999968465417644
7,9216,16,1264,-0.34062499999999996,9,64.0,0.03975878906250001,-0.7100219,-0.3803837890624997,80,0.0003,0.009147747,-0.009928592617507092,0.2,-2.2034496054053307,0.04873046875,0.7945534586906433,0.6119685173034668,2.0664691001176836,0.49999968614429224
7,10240,16,1283,1.1687499999999997,10,64.0,0.04329394531250001,-0.6097145399999999,1.1254560546874999,90,0.0003,0.007965124,-0.007895075876149349,0.2,-2.1889899760484695,0.03359375,0.7758129239082336,0.7373552322387695,1.8641358673572541,0.4999833254143596
8,11264,16,1319,-0.43437500000000034,11,64.0,0.09130859375,-0.24694003999999997,-0.5256835937500003,100,0.0003,0.009933539,-0.01106817735126242,0.2,-2.1981789827346803,0.06162109375,0.5962275266647339,0.7379374504089355,1.5567314989864827,0.49995717480778673
9,12288,16,1341,-1.3312500000000007,12,64.0,0.09590527343750001,-0.3047983000000001,-1.4271552734375008,110,0.0003,0.009010106,-0.007475610624533146,0.2,-2.176142045855522,0.02138671875,1.7261581420898438,0.6522774696350098,4.1861794598400595,0.4999997306615114
9,13312,16,1362,-0.787500000000001,13,64.0,0.056496093750000004,-0.5325597400000002,-0.8439960937500008,120,0.0003,0.007982913,-0.008143294841283932,0.2,-2.175405415892601,0.0357421875,1.2142575979232788,0.76329505443573,2.888684580475092,0.4999996872618794
10,14336,16,1360,-2.2218750000000007,14,64.0,0.11787695312500002,-0.6941077099999999,-2.339751953125001,130,0.0003,0.0073526,-0.007264497457072139,0.2,-2.1755980119109153,0.0306640625,1.3009730577468872,0.6830644607543945,2.1451192423701286,0.4999996425583959
11,15360,16,1360,0.06874999999999942,15,64.0,0.06556054687500001,-0.6471744300000002,0.0031894531249996305,140,0.0003,0.0076882876,-0.00909947207546793,0.2,-2.162255197763443,0.0521484375,0.9366741180419922,0.8929876685142517,1.7200675062835216,0.49999962355941535
12,16384,16,1331,-0.259375000000001,16,64.0,0.05466308593750001,-0.9830945899999999,-0.31403808593750104,150,0.0003,0.00929212,-0.01163866849092301,0.2,-2.0978849336504934,0.066015625,1.7052279710769653,0.7785558700561523,3.1344943806529044,0.49999971911311153
13,17408,16,1295,1.3624999999999994,17,64.0,0.031539062500000006,-0.5673556799999998,1.3309609374999996,160,0.0003,0.007621444,-0.010367404809221626,0.2,-2.1262074023485185,0.073046875,1.1986356973648071,0.7078179717063904,2.873623353987932,0.49999971073120814
14,18432,16,1274,-0.5750000000000003,18,64.0,0.06707128906250001,-0.61907583,-0.6420712890625003,170,0.0003,0.0130540095,-0.013188908676966093,0.2,-2.135965809226036,0.11259765625,0.4583876132965088,0.7943263649940491,1.7469080489128828,0.49999960139393806
15,19456,16,1279,0.3156249999999998,19,64.0,0.09377734375,-0.3001412899999999,0.22184765624999947,180,0.0003,0.010090541,-0.012563517154194414,0.2,-2.134490539133549,0.082421875,0.846779465675354,0.8602116107940674,1.6346470896154641,0.4996032558381559
15,20480,16,1285,0.3656249999999996,20,64.0,0.0500166015625,0.059847460000000005,0.3156083984374996,190,0.0003,0.009283795,-0.013269657347700558,0.2,-2.1074951395392416,0.082421875,2.2234370708465576,0.7670729756355286,4.028805730491877,0.49999975580722067
16,21504,16,1295,-1.2593750000000004,21,64.0,0.0748642578125,-0.21281332,-1.3342392578125004,200,0.0003,0.009289822,-0.010631468371138908,0.2,-2.139883038401604,0.06044921875,0.4817732870578766,0.8798484802246094,1.422977638617158,0.4996573429554698
17,22528,16,1296,1.13125,22,64.0,0.06945410156250001,0.34337320000000005,1.0617958984375,210,0.0003,0.010622427,-0.01168591646128334,0.2,-2.0760678559541703,0.0771484375,0.6163500547409058,0.7911462187767029,2.009775986522436,0.49999968130141514
18,23552,16,1303,-1.6562500000000004,23,64.0,0.108240234375,-0.21722289000000006,-1.7644902343750006,220,0.0003,0.00859618,-0.012221357377711684,0.2,-2.0674804002046585,0.04951171875,1.242263674736023,0.7434641718864441,2.571216993033886,0.49999969247728576
19,24576,16,1288,-0.09687500000000016,24,64.0,0.0919599609375,-0.41030151000000004,-0.18883496093750018,230,0.0003,0.0108610075,-0.015111470149713568,0.2,-2.022552415728569,0.09912109375,0.9048168659210205,0.8889212012290955,1.8543987531214952,0.4999996146187187
19,25600,16,1285,-1.6000000000000005,25,64.0,0.08128515625,-0.6262105600000002,-1.6812851562500004,240,0.0003,0.009843567,-0.013433720241300762,0.2,-2.048386066406965,0.07705078125,0.8762341141700745,0.8881388902664185,1.8548451267182826,0.4999996507540345
20,26624,16,1269,-0.34375000000000033,26,64.0,0.06575683593750001,-0.5898960300000001,-0.40950683593750026,250,0.0003,0.008568975,-0.008690451337315608,0.2,-1.9916182711720467,0.05390625,0.6345605850219727,0.8087595701217651,2.025450509786606,0.4999996699392796
21,27648,16,1278,1.2343749999999998,27,64.0,0.0508505859375,-0.2699772899999999,1.1835244140624996,260,0.0003,0.010127881,-0.013430847704876214,0.2,-1.9955724149942398,0.06787109375,1.0734165906906128,0.8434176445007324,1.5055574622005223,0.49999963715672485
22,28672,16,1284,-1.6218750000000004,28,64.0,0.118189453125,-0.64641333,-1.7400644531250002,270,0.0003,0.008275582,-0.012637737713521346,0.2,-1.9996821843087673,0.06416015625,1.3449786901474,0.5992641448974609,3.112542873620987,0.49999971091747264
23,29696,16,1286,1.2437499999999997,29,64.0,0.059304687500000015,-0.49576254999999997,1.1844453124999994,280,0.0003,0.01073866,-0.010968274890910835,0.2,-2.0678437113761903,0.072265625,0.7608461976051331,0.8644766211509705,1.7024479009211064,0.4999996198341248
23,30720,16,1282,-0.9312500000000008,30,64.0,0.07137207031250002,-0.33663222000000004,-1.0026220703125008,290,0.0003,0.008445622,-0.013809633150231093,0.2,-1.9977833300828933,0.04404296875,0.4121798574924469,0.8176124095916748,1.3180152088403703,0.49881343338638534
24,31744,16,1287,0.26249999999999996,31,64.0,0.0488369140625,-0.10073081000000006,0.21366308593750014,300,0.0003,0.0092504565,-0.0095555292267818,0.2,-1.894120979309082,0.07431640625,0.2539635896682739,0.809578537940979,1.177624642290175,0.49973158016800867
25,32768,16,1293,-2.2125000000000004,32,64.0,0.11258691406250002,-0.3759481300000001,-2.3250869140625006,310,0.0003,0.009419601,-0.012614126811968163,0.2,-1.8170454308390618,0.07744140625,0.5882838368415833,0.8249947428703308,1.041583079472184,0.4996831601485609
26,33792,16,1293,1.69375,33,64.0,0.05504980468750001,-0.25301173,1.6387001953125,320,0.0003,0.010456449,-0.01118589443503879,0.2,-1.8161843344569206,0.06689453125,0.31215789914131165,0.9185863733291626,0.8474695738404989,0.49924947004765263
26,34816,16,1298,-0.20625000000000013,34,64.0,0.0854482421875,-0.14856674000000006,-0.2916982421875001,330,0.0003,0.006834718,-0.009000729260151275,0.2,-1.7687346443533898,0.03154296875,0.8460816740989685,0.7755644917488098,1.8908494740724564,0.49992728158831595
27,35840,16,1307,-2.359375000000001,35,64.0,0.09460839843750002,-0.5870489400000001,-2.453983398437501,340,0.0003,0.0106987115,-0.008626758813625202,0.2,-1.8715967699885367,0.065625,0.899027407169342,0.842936098575592,1.871227989718318,0.4999995738267899
28,36864,16,1312,-0.2718750000000002,36,64.0,0.08695703125000001,-0.66693361,-0.3588320312500002,350,0.0003,0.0097982455,-0.012974180481978691,0.2,-1.9094136357307434,0.08017578125,0.6204958558082581,0.8341531753540039,1.483765621110797,0.49999965000897656
28,37888,16,1311,1.7656249999999996,37,64.0,0.04905371093750001,-0.38617502000000004,1.7165712890624993,360,0.0003,0.010576299,-0.011041422831476666,0.2,-1.6068520985543728,0.0796875,0.7400147318840027,0.809677243232727,1.410834278538823,0.49970580451190505
29,38912,16,1308,2.234375,38,64.0,0.048625,0.3896496499999999,2.1857499999999996,370,0.0003,0.0072338143,-0.0059705966705223545,0.2,-1.6245043143630027,0.02978515625,1.9584319591522217,0.6760910749435425,3.142109300941229,0.49999972879886656
30,39936,16,1300,-0.35312500000000013,39,64.0,0.078822265625,0.11339309000000013,-0.4319472656250002,380,0.0003,0.00861513,-0.007031901009031572,0.2,-1.469412514567375,0.0498046875,0.6315000653266907,0.8199628591537476,1.312430327385664,0.499999595247209
31,40960,16,1299,1.0468749999999984,40,64.0,0.100359375,0.31297372,0.9465156249999983,390,0.0003,0.0070519242,-0.011783185732201672,0.2,-1.7785042814910412,0.07705078125,0.7282314300537109,0.8144826889038086,1.8197455439716577,0.4999996544793247
32,41984,16,1294,1.2343749999999993,41,64.0,0.06738183593750002,0.7765729499999999,1.1669931640624995,400,0.0003,0.007961668,-0.010379371940507554,0.2,-1.6381826765835286,0.05,1.2736988067626953,0.8254696130752563,2.257621770352125,0.4999996922910213
33,43008,16,1296,-0.009375000000000133,42,64.0,0.0776787109375,0.9686144999999999,-0.08705371093750008,410,0.0003,0.0064966707,-0.010551117398426868,0.2,-1.6614017173647881,0.05107421875,1.0151430368423462,0.871044397354126,2.4458449475467203,0.4999996922910213
33,44032,16,1298,0.6499999999999998,43,64.0,0.05196484375000001,0.78786968,0.5980351562499997,420,0.0003,0.008878655,-0.009444737547892147,0.2,-1.735539910942316,0.0689453125,0.8248072266578674,0.9010140895843506,1.4593320205807685,0.4999996660277247
34,45056,16,1300,-0.8906250000000002,44,64.0,0.0760576171875,0.2929039200000001,-0.9666826171875003,430,0.0003,0.009697035,-0.009460788493743166,0.2,-1.6581902645528317,0.05244140625,0.9899504780769348,0.7570117712020874,1.6622155651450157,0.49999963734298947
35,46080,16,1302,0.22499999999999942,45,64.0,0.05522656250000001,0.25506877000000006,0.1697734374999994,440,0.0003,0.009928783,-0.008586430543800816,0.2,-1.810859878361225,0.074609375,0.7251313328742981,0.8423292636871338,1.3637194380164146,0.499999624863267
36,47104,16,1301,2.0093750000000004,46,64.0,0.03794140625000001,0.6305084500000001,1.9714335937500005,450,0.0003,0.0096599,-0.014155109945568256,0.2,-1.701648584753275,0.10615234375,1.5946797132492065,0.8401761054992676,1.4825091380625963,0.4997470291331411
36,48128,16,1303,1.1906249999999998,47,64.0,0.05475292968750001,0.48179159,1.1358720703124998,460,0.0003,0.007140851,-0.006049437992624007,0.2,-1.6072200864553452,0.041796875,0.412036657333374,0.7075456380844116,1.8097396444529295,0.4999996507540344
37,49152,16,1306,0.8093749999999993,48,64.0,0.06629003906250003,0.54822581,0.7430849609374993,470,0.0003,0.00903145,-0.013150877665611915,0.2,-1.5989144921302796,0.083984375,1.4866377115249634,0.7425203919410706,1.954966203868389,0.49999965094029897
38,50176,16,1306,-0.4875000000000008,49,64.0,0.0894716796875,0.5269376700000001,-0.576971679687501,480,0.0003,0.010651181,-0.015811705082887782,0.2,-1.652130976319313,0.07763671875,0.2795797884464264,0.8712568879127502,0.9614988103508949,0.4998889993876219
39,51200,16,1307,0.6593749999999998,50,64.0,0.059603515625000006,0.6135293599999999,0.5997714843749999,490,0.0003,0.009300632,-0.010723741998663171,0.2,-1.6800990901887416,0.0595703125,0.617423415184021,0.870542585849762,1.629533003643155,0.4999996615573762
39,52224,16,1309,0.4750000000000003,51,64.0,0.0675234375,0.75064122,0.40747656250000047,500,0.0003,0.0077419872,-0.011329469953489024,0.2,-1.4486984685063362,0.064453125,0.4129396080970764,0.8873641490936279,0.90361172221601,0.4999995382502676
40,53248,16,1308,2.1999999999999993,52,64.0,0.0922451171875,0.77479218,2.1077548828124995,510,0.0003,0.00659019,-0.01071399923239369,0.2,-1.5556987337768078,0.04736328125,0.6246028542518616,0.8844748139381409,1.5526039037853478,0.4999996086582543
41,54272,16,1310,1.5125000000000002,53,64.0,0.05209667968750001,0.76997812,1.4604033203125,520,0.0003,0.007501034,-0.008446121000451967,0.2,-1.420405875891447,0.04677734375,0.6555386781692505,0.8964648842811584,1.2990262128412724,0.4999996330589056
42,55296,16,1312,0.09062499999999996,54,64.0,0.06178125,0.6019035899999998,0.028843749999999974,530,0.0003,0.008616667,-0.009755364869488404,0.2,-1.569013924151659,0.062109375,0.9112961292266846,0.8566267490386963,2.061460870504379,0.49999967403709866
42,56320,16,1315,0.01875000000000021,55,64.0,0.1080966796875,0.7303603200000002,-0.08934667968749999,540,0.0003,0.0060450495,-0.008363583488971926,0.2,-1.5605351366102695,0.06064453125,0.5782988667488098,0.8414071202278137,1.489858004450798,0.49994785096496336
43,57344,16,1317,0.1375000000000005,56,64.0,0.0791943359375,0.6648371999999999,0.058305664062500484,550,0.0003,0.008400658,-0.009389187424676492,0.2,-1.5659214951097966,0.06103515625,0.6718690991401672,0.8686747550964355,1.4397309739142656,0.4999996339902281
44,58368,16,1319,1.88125,57,64.0,0.04925,0.8770567199999999,1.832,560,0.0003,0.006173641,-0.011076600122032687,0.2,-1.4577251002192497,0.03125,0.4237964153289795,0.8783742785453796,1.1169839430600406,0.49999956283718355
44,59392,16,1320,0.175,58,64.0,0.07431738281250001,0.5462081099999999,0.10068261718749993,570,0.0003,0.0074153296,-0.010850615432718768,0.2,-1.3970131434500217,0.0451171875,1.0644326210021973,0.764302134513855,1.5545771099627017,0.4999996194615958
45,60416,16,1320,1.9031249999999993,59,64.0,0.04568554687500001,0.7226593700000002,1.8574394531249991,580,0.0003,0.0063218125,-0.008809897203173022,0.2,-1.4484496369957924,0.04580078125,0.3390902876853943,0.9144998788833618,0.9976648166775703,0.4999995520338418
46,61440,16,1321,1.7187499999999996,60,64.0,0.04859179687500001,0.82065405,1.6701582031249995,590,0.0003,0.008765656,-0.012461968936258927,0.2,-1.4833576172590255,0.07900390625,0.7905359268188477,0.8607718348503113,1.474598240852356,0.49999959710985425
47,62464,16,1323,0.9937499999999997,61,64.0,0.0733916015625,1.01901372,0.9203583984374997,600,0.0003,0.007900963,-0.010522399059846066,0.2,-1.3372569851577283,0.07177734375,0.42803797125816345,0.8364839553833008,1.2955718260258435,0.4997559612616896
47,63488,16,1325,2.16875,62,64.0,0.04352246093750001,1.4824823000000003,2.1252275390625,610,0.0003,0.0058956677,-0.0037349404912674798,0.2,-1.4723194263875485,0.0228515625,0.6532811522483826,0.8691284656524658,1.286122177168727,0.49999958761036406
48,64512,16,1321,2.434375,63,64.0,0.05856738281250001,1.4625257600000001,2.3758076171875,620,0.0003,0.009588679,-0.0068001419596839694,0.2,-1.336912878602743,0.07509765625,0.9431642293930054,0.8119838237762451,1.5516254357993602,0.4997606541961435
49,65536,16,1320,1.65625,64,64.0,0.05817089843750001,1.6913548500000002,1.5980791015625,630,0.0003,0.0073296297,-0.009816175181185827,0.2,-1.2739276051521302,0.05390625,0.695361852645874,0.8496487736701965,1.4413616020232438,0.49999963343143466
50,66560,16,1317,1.853125,65,64.0,0.04615039062500001,1.7481968699999997,1.806974609375,640,0.0003,0.0048071872,-0.008422603263170458,0.2,-1.2894270844757556,0.02568359375,0.7568520307540894,0.8282109498977661,1.6868701372295618,0.49999964255839613
51,67584,16,1319,1.98125,66,64.0,0.06226660156250002,1.8014382599999998,1.9189833984374998,650,0.0003,0.012254311,-0.012330007020500489,0.2,-1.34139584004879,0.10009765625,0.5387164950370789,0.8223028779029846,1.2434383265674114,0.499396026134491
52,68608,16,1319,1.4593750000000012,67,64.0,0.08063476562500001,1.7975730900000002,1.3787402343750013,660,0.0003,0.007829084,-0.008245748531771823,0.2,-1.3043838053941728,0.04267578125,0.7752474546432495,0.8100248575210571,1.6361794728785752,0.49999962877482174
52,69632,16,1320,1.3468749999999998,68,64.0,0.036115234375000006,1.7633491799999998,1.3107597656249999,670,0.0003,0.008100765,-0.011058823320490773,0.2,-1.3155807666480541,0.0759765625,0.3628263771533966,0.877424955368042,1.1235984396189451,0.4999995838850735
53,70656,16,1319,2.3406249999999997,69,64.0,0.03779296875000001,1.76060717,2.30283203125,680,0.0003,0.0086999405,-0.009506699524354189,0.2,-1.4408890143036843,0.06982421875,0.4441235661506653,0.8905820846557617,0.8551557786762715,0.49916483126580696
54,71680,16,1320,2.434375,70,64.0,0.05448339843750001,1.9354023099999997,2.3798916015625,690,0.0003,0.0054028956,-0.010573663082323038,0.2,-1.4689016222953797,0.04560546875,0.37738555669784546,0.8328264355659485,1.2470804028213025,0.49954965673387036
54,72704,16,1322,1.95,71,64.0,0.0481357421875,1.91031761,1.9018642578125,700,0.0003,0.004788137,-0.005411200356320478,0.2,-1.2513431757688522,0.02958984375,0.7137675285339355,0.8911144733428955,1.1859225604683161,0.49975621066987524
55,73728,16,1324,2.0249999999999995,72,64.0,0.06411230468750001,1.8380738600000002,1.9608876953124994,710,0.0003,0.007960031,-0.009663105942308903,0.2,-1.225781761109829,0.0763671875,0.3771078288555145,0.8672502040863037,1.2757364608347417,0.499999606795609
56,74752,16,1326,1.9406249999999998,73,64.0,0.06066210937500001,1.81902527,1.8799628906249999,720,0.0003,0.012421019,-0.014495178399374708,0.2,-1.2299949184060097,0.0849609375,0.4612063467502594,0.8096582889556885,1.6352449409663676,0.4999042462557555
57,75776,16,1325,1.9687500000000002,74,64.0,0.053613281250000006,2.0752840499999996,1.91513671875,730,0.0003,0.006403801,-0.009888382465578615,0.2,-1.1677572935819627,0.045703125,0.5260372161865234,0.8488630652427673,1.5131064284592868,0.49999961052089914
57,76800,16,1326,2.409375,75,64.0,0.0553388671875,2.02222701,2.3540361328125,740,0.0003,0.006655858,-0.009174383175559343,0.2,-1.140231615304947,0.03798828125,0.5918208360671997,0.8407326340675354,1.2260824404656887,0.4996634904295207
58,77824,16,1326,2.0374999999999996,76,64.0,0.05682226562500001,2.09510717,1.9806777343749995,750,0.0003,0.008489646,-0.010867325006984174,0.2,-1.1134041517972946,0.08037109375,0.38328033685684204,0.8359458446502686,1.4402051750570535,0.49943563546985403
59,78848,16,1328,2.559375,77,64.0,0.041198242187500005,2.18339125,2.5181767578125,760,0.0003,0.006949285,-0.012271582760149613,0.2,-1.1979623056948185,0.07314453125,1.0368878841400146,0.7880244255065918,2.0244941256940363,0.4999996727332474
60,79872,16,1325,3.256249999999999,78,64.0,0.044127929687500005,2.32986311,3.2121220703124997,770,0.0003,0.006862583,-0.009411533721140586,0.2,-1.1715963698923588,0.081640625,0.6499932408332825,0.8686054348945618,1.0247821930795908,0.49871001075953253
61,80896,16,1325,1.3062500000000004,79,64.0,0.05166308593750002,2.1578831,1.2545869140625006,780,0.0003,0.0063325632,-0.00967053210188169,0.2,-1.16374381929636,0.05947265625,0.9763271808624268,0.8520119786262512,1.4530520409345626,0.4999996321275829
61,81920,16,1326,2.35625,80,64.0,0.08220996093750002,2.2893602899999994,2.2740400390625,790,0.0003,0.008227328,-0.008257203178072815,0.2,-1.1315219588577747,0.0513671875,0.7117730379104614,0.8306589126586914,1.9421283327043057,0.4997651092708111
62,82944,16,1325,0.09687499999999921,81,64.0,0.10270507812500002,1.8088777700000003,-0.005830078125000915,800,0.0003,0.0061054667,-0.0052936895517632365,0.2,-0.9624084290117025,0.02626953125,1.2748507261276245,0.783420741558075,2.2614458478987216,0.49999972488731165
63,83968,16,1326,-0.0031250000000003775,82,64.0,0.061220703125,1.56831277,-0.06434570312500054,810,0.0003,0.0077918814,-0.009435857291100547,0.2,-1.0022563789039851,0.071484375,0.536165714263916,0.9142844676971436,1.3104852832853795,0.49999957755208024
64,84992,16,1324,1.7687500000000003,83,64.0,0.05811425781250001,1.5069413600000001,1.7106357421875003,820,0.0003,0.005829424,-0.007068040547892451,0.2,-0.9482196476310492,0.04814453125,0.5308364033699036,0.8791385293006897,1.0948310252279043,0.4980955254286528
64,86016,16,1325,1.7656249999999996,84,64.0,0.041994140625,1.14140325,1.7236308593749996,830,0.0003,0.0054866606,-0.00546832483378239,0.2,-0.8760371543467045,0.0423828125,0.6302338242530823,0.8361119031906128,1.4535331699997187,0.4999996056780221
65,87040,16,1324,-0.1843749999999995,85,64.0,0.12169921875,0.9613435800000001,-0.3060742187499995,840,0.0003,0.0046409806,-0.004004757522488944,0.2,-0.8512406598776578,0.033203125,0.4797498285770416,0.8196538686752319,1.1333277344703674,0.49994071293622255
66,88064,16,1326,2.075,86,64.0,0.05637792968750001,0.85609029,2.0186220703125,850,0.0003,0.0066534746,-0.007849591292324477,0.2,-0.8771970335394144,0.0453125,0.42137715220451355,0.9147030711174011,1.0083236863836647,0.4994261987507341
67,89088,16,1326,1.3874999999999997,87,64.0,0.05475878906250001,1.0423706,1.3327412109374999,860,0.0003,0.0042165066,-0.0065613660932285715,0.2,-0.8068254709243774,0.03154296875,0.4783455729484558,0.8507392406463623,1.0089454162865876,0.4993518602102993
67,90112,16,1327,1.7437500000000006,88,64.0,0.0808564453125,1.24556135,1.6628935546875,870,0.0003,0.0045667198,-0.004636753410159145,0.2,-0.7835990104824304,0.03076171875,0.23322148621082306,0.8617504835128784,0.8525030661374331,0.4975479263812305
68,91136,16,1328,2.071875,89,64.0,0.0407568359375,1.43447402,2.0311181640625,880,0.0003,0.00422432,-0.0071716131031280385,0.2,-0.7521008882671595,0.04853515625,0.34869903326034546,0.8851436972618103,1.0782883558422327,0.4984628463163969
69,92160,16,1327,1.134375,90,64.0,0.08410546875000001,1.3530283900000004,1.05026953125,890,0.0003,0.0047238106,-0.005534176839864813,0.2,-0.7752012237906456,0.04345703125,0.38771867752075195,0.8695838451385498,0.9329380437731742,0.4995924700051545
70,93184,16,1328,2.6343750000000004,91,64.0,0.05885742187500001,1.6552162,2.5755175781250004,900,0.0003,0.007041893,-0.007966358892736026,0.2,-0.795220834761858,0.05771484375,0.7213916182518005,0.8736860156059265,1.2887273360043765,0.499999592266977
70,94208,16,1329,1.0625000000000004,92,64.0,0.08620507812500003,1.64431212,0.9762949218750007,910,0.0003,0.0067343893,-0.00674274777120445,0.2,-0.7786955203860998,0.0501953125,0.353428453207016,0.844494104385376,1.5824654243886471,0.49999963305890543
71,95232,16,1330,2.0937500000000004,93,64.0,0.08457031250000002,1.7471786900000001,2.0091796875000005,920,0.0003,0.00627076,-0.0092683906579623,0.2,-0.785932720080018,0.07060546875,0.4578130543231964,0.84282386302948,1.3305506154894828,0.49995741080492734
72,96256,16,1330,1.1843750000000006,94,64.0,0.0807802734375,1.6871124499999999,1.1035947265625006,930,0.0003,0.0055162073,-0.008710073423571885,0.2,-0.7101066283881664,0.069140625,0.5722524523735046,0.8929134607315063,1.4705360624939203,0.49999963492155064
73,97280,16,1331,1.7625000000000004,95,64.0,0.06544921875000001,1.54937244,1.6970507812500006,940,0.0003,0.004202529,-0.005425342501257546,0.2,-0.7065403640270234,0.0283203125,0.5113895535469055,0.8746373653411865,1.2227819699794054,0.4999691512435673
73,98304,16,1330,2.531250000000001,96,64.0,0.051599609375000015,1.7230141400000003,2.4796503906250007,950,0.0003,0.005322694,-0.008044613583479077,0.2,-0.6661622501909733,0.0494140625,0.6066149473190308,0.885101854801178,1.2826471503823995,0.49871214460581553
74,99328,16,1331,1.4468750000000012,97,64.0,0.06997070312500002,1.69526556,1.3769042968750014,960,0.0003,0.0024573896,-0.0038928545982344076,0.2,-0.5847652494907379,0.01806640625,0.5842991471290588,0.8776273131370544,1.0701846729964017,0.49814291130751337
75,100352,16,1331,1.6843750000000004,98,64.0,0.07397851562500002,1.73713699,1.6103964843750003,970,0.0003,0.005607159,-0.00663297453938867,0.2,-0.5336468230932951,0.0599609375,0.9634407758712769,0.8653088808059692,1.521216407418251,0.49841766916215413
76,101376,16,1330,1.675000000000001,99,64.0,0.0993310546875,1.5807206,1.5756689453125008,980,0.0003,0.0033919278,-0.003183716646162793,0.2,-0.5874150156974792,0.0263671875,0.44796887040138245,0.9026352763175964,1.247206835821271,0.4992780970409514
77,102400,16,1329,2.509375,100,64.0,0.04301171875000001,1.8708767,2.4663632812499996,990,0.0003,0.009311425,-0.014095107960747555,0.2,-0.6495637096464634,0.112890625,0.5545600652694702,0.8852139115333557,1.5171308632940055,0.49999962970614426
77,103424,16,1330,2.025,101,64.0,0.045134765625,1.88611297,1.9798652343749996,1000,0.0003,0.0030049132,-0.003336865938035771,0.2,-0.575928856804967,0.0236328125,0.5928254127502441,0.8544727563858032,1.39441392198205,0.4990062093362213
78,104448,16,1330,2.865625,102,64.0,0.061535156250000014,1.9808762599999996,2.80408984375,1010,0.0003,0.0037541683,-0.005403235660924111,0.2,-0.6412315383553505,0.03818359375,0.5980604887008667,0.7861770987510681,1.4715241216123105,0.4999995993450283
79,105472,16,1330,1.8125000000000002,103,64.0,0.075869140625,2.01469844,1.736630859375,1020,0.0003,0.005011607,-0.004840663410141133,0.2,-0.6527058959007264,0.02705078125,0.9236295223236084,0.8300195336341858,1.960520412027836,0.4999996358528733
80,106496,16,1330,3.421875,104,64.0,0.059331054687499996,2.41699266,3.3625439453125,1030,0.0003,0.004211474,-0.006591756668058224,0.2,-0.6894297923892736,0.05390625,0.7537612318992615,0.8793333768844604,1.5707694992423058,0.4999996289610864
80,107520,16,1330,2.453125,105,64.0,0.05451367187500002,2.4977820200000003,2.398611328125,1040,0.0003,0.002944264,-0.0064828762522665785,0.2,-0.6593822106719017,0.030859375,0.6788386106491089,0.844048261642456,1.794357954710722,0.4999996555969121
81,108544,16,1330,0.83125,106,64.0,0.05988964843750001,2.1721072,0.7713603515625002,1050,0.0003,0.0025918214,-0.005336112374789081,0.2,-0.6872658997774124,0.023828125,0.8468644022941589,0.8018861413002014,1.7196579348295926,0.49999965485185416
82,109568,16,1331,0.9312500000000001,107,64.0,0.07414453125,1.93337391,0.85710546875,1060,0.0003,0.005898052,-0.006259738860535435,0.2,-0.7104848388582468,0.0484375,0.44253891706466675,0.8823261260986328,1.0446523616090417,0.49939146880060487
83,110592,16,1331,1.362499999999999,108,64.0,0.08977636718750001,1.65530173,1.272723632812499,1070,0.0003,0.003671939,-0.00547298003511969,0.2,-0.5600279169157147,0.0310546875,0.3324618339538574,0.9354323744773865,0.8034102700650692,0.4981006296351553
83,111616,16,1330,3.240625,109,64.0,0.0342412109375,2.06036498,3.2063837890625004,1080,0.0003,0.004639332,-0.008209878337220288,0.2,-0.5577944960445166,0.06220703125,0.9369279742240906,0.8522562980651855,2.0981660105288027,0.4999996656551957
84,112640,16,1331,1.8000000000000007,110,64.0,0.08970019531250001,1.8944742200000002,1.7102998046875006,1090,0.0003,0.005852453,-0.0068783577633439565,0.2,-0.47906384859234097,0.0443359375,0.4989757537841797,0.8729038238525391,1.0430026778951287,0.49633612465113375
85,113664,16,1330,2.403125,111,64.0,0.035375000000000004,1.6401754599999996,2.36775,1100,0.0003,0.005081215,-0.00695369511959143,0.2,-0.5409112017601728,0.05791015625,0.9796627163887024,0.8715853691101074,1.3627631302922965,0.49999959114938985
86,114688,16,1331,3.5687500000000005,112,64.0,0.04942675781250001,2.1278196800000004,3.5193232421875007,1110,0.0003,0.0031633005,-0.0026392665546154602,0.2,-0.43110654316842556,0.016796875,0.3055022954940796,0.8565018773078918,0.9397176694124937,0.4988980386406183
86,115712,16,1331,2.421875,113,64.0,0.05384960937500001,2.3693008,2.368025390625,1120,0.0003,0.0031774684,-0.006883895263308659,0.2,-0.4411014592275023,0.02421875,0.5925405025482178,0.8521658778190613,1.3040445748716594,0.499358539097011
87,116736,16,1332,2.021875,114,64.0,0.07397949218750002,2.45666082,1.9478955078124998,1130,0.0003,0.0038725738,-0.0070198095971136356,0.2,-0.568942048959434,0.03671875,0.5707434415817261,0.8737218976020813,1.1834217820316553,0.4973480414599181
88,117760,16,1333,2.162499999999998,115,64.0,0.06387890625,2.3283667400000003,2.0986210937499985,1140,0.0003,0.004786476,-0.004940947945578955,0.2,-0.5365490414202213,0.05400390625,0.5698082447052002,0.8984777927398682,1.3960343841463327,0.4996751775965095
89,118784,16,1332,2.95,116,64.0,0.05432910156250001,2.5542861,2.8956708984374995,1150,0.0003,0.0045854645,-0.0058933149877702816,0.2,-0.5223596332594752,0.0533203125,0.6973366737365723,0.8531478047370911,1.2823879975825547,0.4999995432794096
89,119808,16,1332,1.8374999999999997,117,64.0,0.04451953125000001,2.4962275099999998,1.79298046875,1160,0.0003,0.0033912,-0.0040848695673048495,0.2,-0.5118635054677725,0.01591796875,0.5129945278167725,0.8583325743675232,1.1827850185334683,0.4999995512887834
90,120832,16,1333,3.5906249999999997,118,64.0,0.02098828125,2.49958452,3.56963671875,1170,0.0003,0.003801648,-0.007389155798591673,0.2,-0.6302852854132652,0.04951171875,0.44183316826820374,0.8464211225509644,1.1873028386384248,0.49956343434751044
91,121856,16,1334,0.2656249999999988,119,64.0,0.10564062500000002,1.98781264,0.1599843749999989,1180,0.0003,0.004711422,-0.00736557254276704,0.2,-0.477018216997385,0.05712890625,0.1940886229276657,0.7587890028953552,0.754761065542698,0.49632304422557366
92,122880,16,1335,2.5625,120,64.0,0.0666748046875,2.10023731,2.4958251953124995,1190,0.0003,0.008484836,-0.00878497189260088,0.2,-0.6092990476638078,0.09404296875,0.26126569509506226,0.9453118443489075,0.6891607593744993,0.49796130862087007
92,123904,16,1336,2.031249999999999,121,64.0,0.06736718750000001,2.18380545,1.9638828124999994,1200,0.0003,0.0041064876,-0.008053208625642582,0.2,-0.5599763281643391,0.05166015625,0.27532637119293213,0.8661766052246094,1.1303796641528607,0.49953016489744173
93,124928,16,1337,3.1031249999999995,122,64.0,0.035510742187500006,2.22626719,3.067614257812499,1210,0.0003,0.0041870605,-0.0034748657693853603,0.2,-0.5437079796567559,0.03232421875,1.123679280281067,0.8339303731918335,1.875712176784873,0.499999630637467
94,125952,16,1336,3.675,123,64.0,0.04762207031250002,2.46480939,3.6273779296874995,1220,0.0003,0.011020903,-0.009745849983301014,0.2,-0.532019923068583,0.05751953125,0.29042550921440125,0.8292639255523682,0.9106721594929695,0.4990180036053062
94,126976,16,1336,2.653125,124,64.0,0.0461826171875,2.38347907,2.6069423828125,1230,0.0003,0.004549532,-0.005576135357841849,0.2,-0.5851378381252289,0.0431640625,0.4485662281513214,0.8627520799636841,1.33627066090703,0.49919165819883354
95,128000,16,1337,2.9312500000000004,125,64.0,0.0640556640625,2.6659879799999993,2.8671943359375005,1240,0.0003,0.0030958396,-0.0058931033199769445,0.2,-0.5585756130516529,0.04072265625,0.49076715111732483,0.8952429294586182,1.1474513847380876,0.4978382892906666
96,129024,16,1338,1.1437499999999998,126,64.0,0.06208691406250001,2.56434406,1.0816630859374998,1250,0.0003,0.0020543244,-0.0019183582655387,0.2,-0.42732533160597086,0.0107421875,0.5241024494171143,0.8848307132720947,1.354696562513709,0.49883428271859903
97,130048,16,1337,0.9406249999999998,127,64.0,0.06738574218749999,2.4009207799999994,0.8732392578124997,1260,0.0003,0.0036270802,-0.004248561104759574,0.2,-0.5809039203450084,0.0294921875,0.42715173959732056,0.9002478718757629,1.1702189952135087,0.4995889522135256
97,131072,16,1337,3.3249999999999997,128,64.0,0.03486718750000001,2.4537553300000003,3.2901328124999996,1270,0.0003,0.0026208418,-0.005640484071045648,0.2,-0.5656059743836522,0.03720703125,0.47919321060180664,0.9032620191574097,1.084771417826414,0.4984266037121415
98,132096,16,1338,1.5749999999999997,129,64.0,0.04649609375000001,2.1180098500000004,1.5285039062499997,1280,0.0003,0.0035047196,-0.0060803194879554216,0.2,-0.492495989240706,0.03193359375,0.6208855509757996,0.6928362846374512,2.2651035569608213,0.4999996602535246
99,133120,16,1339,2.1031250000000004,130,64.0,0.053208984375000004,1.97654812,2.0499160156250005,1290,0.0003,0.0056484425,-0.007321392664744053,0.2,-0.5766208065673709,0.0376953125,0.4209108352661133,0.8977455496788025,0.795860249735415,0.4983143588528038
100,134144,16,1339,1.7281249999999992,131,64.0,0.08298925781250002,1.8287498399999997,1.6451357421874993,1300,0.0003,0.0057579693,-0.005938720505218953,0.2,-0.5580823792144656,0.04990234375,0.2532157897949219,0.7878607511520386,1.359859855659306,0.4996784459799526
100,135168,16,1340,2.3687499999999995,132,64.0,0.08769238281250001,1.9443276700000005,2.281057617187499,1310,0.0003,0.0037427726,-0.0029371889861067755,0.2,-0.5739660641178489,0.02060546875,0.592003345489502,0.8502215147018433,1.4811151824891566,0.4999996120110153
101,136192,16,1340,3.884375,133,64.0,0.022678710937500002,2.40473628,3.8616962890624995,1320,0.0003,0.0040485417,-0.0048446509230416265,0.2,-0.5637035375460983,0.03095703125,0.6406118869781494,0.8926579356193542,1.2398813620209694,0.4999995559453964
102,137216,16,1341,2.5812499999999994,134,64.0,0.06799218750000002,2.41289204,2.513257812499999,1330,0.0003,0.0019175637,-0.004611908658989705,0.2,-0.3636752270162106,0.018359375,0.6260825991630554,0.5634433031082153,1.7058330846950411,0.4996363040059807
103,138240,16,1341,3.815625,135,64.0,0.03630175781250001,2.6158515700000002,3.7793232421874996,1340,0.0003,0.0020753117,-0.0035134800506057217,0.2,-0.47740689404308795,0.03291015625,0.8896310925483704,0.7986620664596558,2.005082359164953,0.49999960381537706
103,139264,16,1341,2.7312499999999993,136,64.0,0.0506220703125,2.88914249,2.6806279296874997,1350,0.0003,0.0025610807,-0.0025662837055278943,0.2,-0.42378957122564315,0.02080078125,0.5074965357780457,0.8614675998687744,1.119558534771204,0.4992312479764224
104,140288,16,1341,1.5937500000000007,137,64.0,0.08878320312500002,2.6320076599999993,1.5049667968750007,1360,0.0003,0.003977552,-0.00305840343789896,0.2,-0.5216859702020884,0.02392578125,0.22399885952472687,0.8829635381698608,0.9414343697950244,0.49993768688291307
105,141312,16,1341,1.9281249999999994,138,64.0,0.0498544921875,2.7212098400000007,1.8782705078124995,1370,0.0003,0.004536934,-0.004329344379948452,0.2,-0.5899841753765941,0.02587890625,0.4257124960422516,0.9040044546127319,1.0653255984187127,0.499645399302244
106,142336,16,1342,0.8093749999999995,139,64.0,0.075921875,2.3257362099999996,0.7334531249999995,1380,0.0003,0.004679937,-0.008064351306529716,0.2,-0.45754192005842925,0.06845703125,0.32834354043006897,0.916110634803772,0.7222800750285387,0.497270364314318
106,143360,16,1343,3.040625,140,64.0,0.040840820312500005,2.3838261999999997,2.9997841796874996,1390,0.0003,0.0052276663,-0.007306478213286028,0.2,-0.5290824005380272,0.04130859375,0.3166244924068451,0.9209309220314026,0.8261782836169005,0.49682380948215715
107,144384,16,1343,1.6343749999999995,141,64.0,0.060833007812500006,2.0134611900000006,1.5735419921874998,1400,0.0003,0.004751375,-0.0076346673275111245,0.2,-0.4631886165589094,0.05263671875,0.7088155746459961,0.770819902420044,1.4340936906635762,0.4992496544495224
108,145408,16,1343,2.6843749999999993,142,64.0,0.046899414062500006,2.00346198,2.6374755859374996,1410,0.0003,0.0035311298,-0.005837440383038484,0.2,-0.4747236881405115,0.0427734375,0.4862968921661377,0.8831026554107666,0.776096735522151,0.4991026330739257
108,146432,16,1344,1.9218749999999998,143,64.0,0.07512304687500002,1.90842856,1.8467519531249998,1420,0.0003,0.0030103554,-0.0033788183362048587,0.2,-0.37022553402930497,0.0232421875,0.4144211411476135,0.8498930335044861,0.9487896142527461,0.499292466416955
109,147456,16,1343,1.2281250000000012,144,64.0,0.07851074218750001,1.8367351299999999,1.1496142578125013,1430,0.0003,0.0075899167,-0.011035930557409302,0.2,-0.5017579989507794,0.060546875,0.44370248913764954,0.8915485143661499,0.9345120809972286,0.4998999891802667
110,148480,16,1344,0.8000000000000012,145,64.0,0.10496679687500002,1.75024326,0.6950332031250012,1440,0.0003,0.0038280073,-0.0043241676641628144,0.2,-0.4800431726500392,0.02900390625,0.28791648149490356,0.9084077477455139,0.865746396034956,0.49858483914285906
111,149504,16,1345,1.553125,146,64.0,0.06713476562500001,1.5944614099999999,1.485990234375,1450,0.0003,0.009579839,-0.007280174522020388,0.2,-0.5830484259873628,0.0837890625,0.47789064049720764,0.9067224264144897,1.0882854331284761,0.49881162159144843
111,150528,16,1346,1.9312500000000006,147,64.0,0.050156250000000006,1.6279590900000003,1.8810937500000005,1460,0.0003,0.003014411,-0.0029790042142849417,0.2,-0.5343182742595672,0.023046875,0.4174800515174866,0.9020476341247559,0.887331597879529,0.49951556641608486
112,151552,16,1341,1.6531250000000015,148,64.0,0.09346875,1.4797911000000001,1.5596562500000015,1470,0.0003,0.0056160223,-0.004110694499104284,0.2,-0.4806220097467303,0.037890625,0.5710812211036682,0.8677303194999695,0.9392103035002947,0.4996304769068958
114,152576,16,1335,2.14375,149,64.0,0.04523828125000001,1.5382871800000002,2.09851171875,1480,0.0003,0.005247402,-0.009227555320831016,0.2,-0.45436209104955194,0.03984375,0.3488941192626953,0.8795976042747498,1.4359522126615047,0.49999957662075767
115,153600,16,1331,2.003125000000001,150,64.0,0.06256640625000001,1.4616006099999996,1.9405585937500014,1490,0.0003,0.003847571,-0.009995126764988527,0.2,-0.46438225731253624,0.03505859375,0.3717789053916931,0.8844678401947021,0.8256319416686893,0.4988352864980697
116,154624,16,1326,1.7718750000000005,151,64.0,0.074654296875,1.8437767200000001,1.6972207031250002,1500,0.0003,0.009024225,-0.010264585795812308,0.2,-0.5013797203078866,0.04716796875,0.47262248396873474,0.8543863296508789,1.07868332862854,0.4988779749721292
117,155648,16,1324,1.2875000000000023,152,64.0,0.107623046875,1.8208143799999998,1.1798769531250024,1510,0.0003,0.005574805,-0.008853328914847225,0.2,-0.4725894007831812,0.04814453125,0.607347846031189,0.8699797987937927,1.328398672118783,0.499529878422618
118,156672,16,1321,1.4437500000000014,153,64.0,0.09636718749999999,1.76037328,1.3473828125000016,1520,0.0003,0.0043245265,-0.0060361998883308845,0.2,-0.5175365535542369,0.0455078125,0.5912573933601379,0.8928065896034241,1.2733767461031675,0.49969528913497907
119,157696,16,1320,2.762500000000001,154,64.0,0.07049707031250002,1.7143756300000002,2.6920029296875017,1530,0.0003,0.002904803,-0.005423319392139092,0.2,-0.44131918512284757,0.0333984375,0.6028916835784912,0.9088050127029419,1.1729096740484237,0.4993730068206788
120,158720,16,1320,2.2062500000000003,155,64.0,0.0586083984375,1.87123108,2.1476416015625004,1540,0.0003,0.0029754927,-0.004240157283493318,0.2,-0.39959992486983537,0.0275390625,1.2313464879989624,0.8745008111000061,1.6612267568707466,0.49999960307031893
120,159744,16,1320,0.9875000000000004,156,64.0,0.06846582031250002,1.6589115799999998,0.9190341796875003,1550,0.0003,0.0041264584,-0.0038435006194049493,0.2,-0.4089197564870119,0.03427734375,0.4107152223587036,0.8765213489532471,1.1811903446912766,0.4989874392747879
121,160768,16,1319,1.5624999999999998,157,64.0,0.06832421875,1.5788364199999998,1.4941757812499996,1560,0.0003,0.0029398922,-0.003926796023733914,0.2,-0.38132903091609477,0.0291015625,0.406182199716568,0.9253448843955994,0.7684337683022022,0.49775772131979473
122,161792,16,1316,2.6062499999999993,158,64.0,0.05222949218750001,1.78557844,2.5540205078124996,1570,0.0003,0.003376564,-0.007096745411399752,0.2,-0.3807876525446773,0.03427734375,0.4620819687843323,0.914883553981781,0.9491608496755362,0.49687811918556707
123,162816,16,1316,2.39375,159,64.0,0.06073144531250001,2.0167861,2.3330185546874995,1580,0.0003,0.0028270753,-0.0027271337603451684,0.2,-0.40830267015844585,0.0220703125,0.5273079872131348,0.8733094334602356,1.1252499960362912,0.4998393625020981
124,163840,16,1315,2.0625000000000018,160,64.0,0.05795996093750001,1.9659670400000002,2.0045400390625012,1590,0.0003,0.0024904837,-0.003416299301898107,0.2,-0.43571680746972563,0.01806640625,0.6010862588882446,0.8730195164680481,1.4318165056407453,0.49986096080392617
125,164864,16,1308,0.6656250000000006,161,64.0,0.08187597656250001,1.6542272000000005,0.5837490234375006,1600,0.0003,0.0035315596,-0.005560534779215231,0.2,-0.4101349161937833,0.03583984375,0.6538909673690796,0.8618944883346558,1.523885763436556,0.4998659025877714
127,165888,16,1305,2.071875000000001,162,64.0,0.05853906250000001,1.7757839000000004,2.0133359375000013,1610,0.0003,0.0071551544,-0.00826833516766783,0.2,-0.4795544931665063,0.06689453125,0.4933049976825714,0.9095758199691772,1.5570921190083027,0.4994408441707491
128,166912,16,1300,2.7562499999999996,163,64.0,0.04458300781250001,1.94247545,2.7116669921874994,1620,0.0003,0.0027780407,-0.006429964059498161,0.2,-0.40314622055739163,0.02685546875,0.5381765365600586,0.8670149445533752,1.119649139791727,0.49815061539411554
129,167936,16,1298,1.3468750000000005,164,64.0,0.07146582031250003,1.74590326,1.2754091796875007,1630,0.0003,0.0036586574,-0.00604622780228965,0.2,-0.41422831993550063,0.0310546875,0.6086181402206421,0.9031104445457458,1.1656924434006215,0.49802168607711805
130,168960,16,1296,1.3625000000000003,165,64.0,0.057606445312500004,1.63018732,1.3048935546875002,1640,0.0003,0.0048720436,-0.007334850533516147,0.2,-0.5043556394055486,0.0552734375,0.5913543701171875,0.9108452796936035,1.4620679877698421,0.49999958071857686
131,169984,16,1292,1.184375000000001,166,64.0,0.05610449218750001,1.6410599800000003,1.1282705078125013,1650,0.0003,0.0026398906,-0.0034480242247809656,0.2,-0.4611030139029026,0.01728515625,0.33525604009628296,0.9169313907623291,0.8351255808025598,0.497970437631011
133,171008,16,1285,2.40625,167,64.0,0.0503935546875,1.8007965799999999,2.3558564453125004,1660,0.0003,0.0060727256,-0.005790786567376927,0.2,-0.4770016174763441,0.05673828125,0.35268786549568176,0.8542885780334473,0.8834699405357241,0.49809902086853974
133,172032,16,1284,1.440625000000001,168,64.0,0.06303613281250002,1.6033028200000001,1.3775888671875007,1670,0.0003,0.0036127965,-0.006505637586815283,0.2,-0.4816740743815899,0.03330078125,0.2974659204483032,0.8315877914428711,0.8586298547685146,0.4980366691946982
134,173056,16,1283,1.946875000000001,169,64.0,0.06396484375,1.5861692600000004,1.882910156250001,1680,0.0003,0.004390245,-0.010041379666654393,0.2,-0.5119048677384853,0.05078125,0.4779932200908661,0.9003573656082153,0.9723834794014692,0.4990072324872014
135,174080,16,1282,0.5937500000000013,170,64.0,0.09273242187500003,1.4049339299999997,0.5010175781250013,1690,0.0003,0.003367974,-0.0064674474531784655,0.2,-0.4919232090935111,0.0322265625,0.6692723631858826,0.8477597832679749,1.5044116731733084,0.4999996289610863
136,175104,16,1278,2.4781250000000012,171,64.0,0.05287890625000002,1.52361395,2.4252460937500016,1700,0.0003,0.006051086,-0.007663227169541642,0.2,-0.5422693716362119,0.07900390625,0.411888062953949,0.9307944178581238,0.9773429844528436,0.49919659905135627
137,176128,16,1276,2.675000000000001,172,64.0,0.06400976562500002,1.8648422100000002,2.6109902343750013,1710,0.0003,0.00266927,-0.003648596873972565,0.2,-0.47020497303456066,0.02763671875,0.5683043599128723,0.8583410382270813,1.3352461770176887,0.49999959468841526
138,177152,16,1277,2.1312500000000005,173,64.0,0.0553828125,1.81851094,2.0758671875,1720,0.0003,0.0041262503,-0.005478163572843186,0.2,-0.4932319948449731,0.05546875,0.4035753607749939,0.9002200365066528,1.0858818430453538,0.49922934100031874
139,178176,16,1278,1.1468749999999999,174,64.0,0.09004589843750001,1.6888154700000002,1.0568291015625002,1730,0.0003,0.007876681,-0.014465270197251811,0.2,-0.5284307604655624,0.08017578125,0.2525635063648224,0.9196400046348572,0.7290429588407278,0.4966220770031212
140,179200,16,1277,1.3687500000000008,175,64.0,0.070486328125,1.7452070100000003,1.298263671875001,1740,0.0003,0.00752894,-0.009940527100116014,0.2,-0.6777133833616972,0.07548828125,0.7075505256652832,0.8688211441040039,1.5632376071065663,0.49999964237213146
141,180224,16,1274,0.6875000000000002,176,64.0,0.0893388671875,1.6627803099999996,0.5981611328125005,1750,0.0003,0.004269853,-0.006154444318963215,0.2,-0.5920729814097285,0.02880859375,0.8495747447013855,0.7971639633178711,1.7337183490395547,0.49995513539761277
142,181248,16,1275,3.809375,177,64.0,0.04430761718750001,1.9199021600000004,3.7650673828125,1760,0.0003,0.0034570864,-0.0048400265688542275,0.2,-0.6675727378576994,0.02490234375,0.5034677982330322,0.9030945301055908,1.1931213531643152,0.4998843602836131
142,182272,16,1275,2.784375,178,64.0,0.037077148437500006,1.91633825,2.7472978515625,1770,0.0003,0.0027312406,-0.005335452544386499,0.2,-0.4859401311725378,0.03291015625,0.5602734088897705,0.8332451581954956,1.2552492003887892,0.49999957866966716
143,183296,16,1274,1.7906250000000015,179,64.0,0.08769042968750002,1.83905154,1.7029345703125012,1780,0.0003,0.003366587,-0.0074891995172947645,0.2,-0.489761614613235,0.0283203125,0.4158712923526764,0.8581278324127197,0.8871368426829577,0.4993054393678904
144,184320,16,1274,2.6218749999999993,180,64.0,0.05434179687500001,1.9297477799999998,2.5675332031249996,1790,0.0003,0.0040027946,-0.006634227625909261,0.2,-0.4847600873559713,0.04775390625,0.6161383986473083,0.8773995637893677,1.4089245036244393,0.49999965596944096
145,185344,16,1275,1.2000000000000002,181,64.0,0.05169824218750001,1.9846726199999998,1.1483017578125,1800,0.0003,0.004581444,-0.006072980118915439,0.2,-0.5318765845149755,0.04677734375,0.699009895324707,0.8867191076278687,1.3929288763552905,0.499599976465106
145,186368,16,1276,2.7374999999999994,182,64.0,0.05158789062500001,2.30163462,2.6859121093749994,1810,0.0003,0.0070224516,-0.008623285320936702,0.2,-0.5607791317626833,0.0658203125,0.4335622489452362,0.9212067127227783,0.8089017864316702,0.4992556093260646
146,187392,16,1277,2.45,183,64.0,0.06362988281250001,2.26290762,2.3863701171875,1820,0.0003,0.0028185553,-0.004848355174181052,0.2,-0.45269435830414295,0.0380859375,0.5102750658988953,0.8724359273910522,1.0118304163217544,0.4979996675625444
147,188416,16,1278,1.8749999999999993,184,64.0,0.058750976562500015,2.0868591800000003,1.816249023437499,1830,0.0003,0.004784998,-0.005521001000306569,0.2,-0.45643870793282987,0.05234375,0.6829697489738464,0.8562418818473816,1.3941919256001711,0.4999996244907379
148,189440,16,1279,1.446875,185,64.0,0.08212109375,2.1316552699999995,1.36475390625,1840,0.0003,0.0025441288,-0.0032090348642668685,0.2,-0.5141946706920862,0.021875,0.47789615392684937,0.8775138258934021,1.2568839229643345,0.49891376439481977
148,190464,16,1279,3.5406250000000004,186,64.0,0.075025390625,2.19300716,3.4655996093750003,1850,0.0003,0.0040009916,-0.007530848527676426,0.2,-0.4476994419470429,0.0294921875,0.4638125002384186,0.896294891834259,1.0004473872482778,0.49984984677284955
149,191488,16,1280,2.921875,187,64.0,0.03023632812500001,2.38930358,2.8916386718750005,1860,0.0003,0.0022306526,-0.0033621063688769937,0.2,-0.3248916434124112,0.01875,1.1274504661560059,0.8561427593231201,1.6919405829161405,0.49999965727329254
150,192512,16,1280,2.446875,188,64.0,0.060489257812500016,2.36394331,2.3863857421874997,1870,0.0003,0.0073282947,-0.012025789709878155,0.2,-0.39032172625884415,0.05234375,0.28278908133506775,0.8046780228614807,0.9966295143589378,0.4987376917153593
151,193536,16,1278,1.9843750000000009,189,64.0,0.060724609375,2.2361033200000002,1.9236503906250009,1880,0.0003,0.004149867,-0.006147805142973084,0.2,-0.5679912813007831,0.0435546875,0.5409530401229858,0.8731999397277832,1.1949925873428584,0.4994264990091324
152,194560,16,1277,3.0531249999999996,190,64.0,0.07189941406250001,2.4334442499999995,2.9812255859374996,1890,0.0003,0.0012173972,-0.0027789673855295404,0.2,-0.4262061895802617,0.01298828125,0.4978932738304138,0.8732633590698242,1.4678706906735897,0.4997709406539798
153,195584,16,1277,2.9812499999999997,191,64.0,0.04281347656250001,2.71035863,2.9384365234374994,1900,0.0003,0.002413028,-0.00378102847316768,0.2,-0.3432967748492956,0.01455078125,0.8785412311553955,0.8887999653816223,1.247756677865982,0.4999996133148669
153,196608,16,1277,1.0281249999999993,192,64.0,0.1027763671875,2.39742237,0.9253486328124993,1910,0.0003,0.004351789,-0.007360541555681266,0.2,-0.4016166156157851,0.0474609375,0.7764180898666382,0.8765347003936768,1.364217671379447,0.4982207786291837
154,197632,16,1277,2.0687499999999988,193,64.0,0.064177734375,2.1673933,2.004572265624999,1920,0.0003,0.003576083,-0.006070875897421502,0.2,-0.4223087649792433,0.031640625,0.49515408277511597,0.9204345345497131,1.168377330340445,0.4991043712943792
155,198656,16,1278,2.3843749999999995,194,64.0,0.07931738281250002,2.1849756,2.305057617187499,1930,0.0003,0.003575286,-0.006021642423002049,0.2,-0.40854110922664405,0.03369140625,0.438029944896698,0.9328790903091431,0.8370717776939273,0.4987594107165933
156,199680,16,1278,2.3999999999999995,195,64.0,0.05892187500000002,2.26499603,2.3410781249999997,1940,0.0003,0.0038458838,-0.004187142089358531,0.2,-0.38340880535542965,0.03671875,0.6797285676002502,0.874811053276062,1.1786427769809962,0.4998173611238599
156,200704,16,1279,1.615624999999999,196,64.0,0.05444824218750001,2.0435533699999997,1.561176757812499,1950,0.0003,0.0043769586,-0.009528482388122938,0.2,-0.40803768336772916,0.05234375,0.7655184864997864,0.8767582774162292,1.2365350928157568,0.4995843769982458
157,201728,16,1279,2.431249999999999,197,64.0,0.05243359375000001,1.8972794800000004,2.3788164062499986,1960,0.0003,0.0031931382,-0.0066388612729497256,0.2,-0.36738745542243123,0.032421875,0.3788820803165436,0.8843955397605896,0.9946823485195637,0.4999173879623413
158,202752,16,1279,2.578124999999999,198,64.0,0.0823740234375,2.18133527,2.4957509765624994,1970,0.0003,0.0031249404,-0.003455196585855447,0.2,-0.3577815767377615,0.02734375,0.5291124582290649,0.9087936282157898,0.927751581557095,0.49991430472582576
159,203776,16,1277,2.815624999999999,199,64.0,0.04171972656250001,2.27122904,2.7739052734374985,1980,0.0003,0.002272608,-0.0046320955894771036,0.2,-0.37633709199726584,0.0255859375,0.49052634835243225,0.8570089340209961,1.7385112565010785,0.4999996582046151
160,204800,16,1277,3.246875,200,64.0,0.0707236328125,2.48920453,3.1761513671875,1990,0.0003,0.004320438,-0.004954571501002647,0.2,-0.35393088711425663,0.03330078125,0.5320225358009338,0.8420916795730591,1.2089806135743857,0.4999995520338414
161,205824,16,1277,0.496875,201,64.0,0.06826074218750001,2.1728884399999995,0.42861425781249995,2000,0.0003,0.0035313447,-0.004667947851703502,0.2,-0.37871438525617124,0.0328125,0.5503275394439697,0.8911710977554321,1.1810210701078176,0.499999604560435
161,206848,16,1278,3.906249999999999,202,64.0,0.04517773437500001,2.48444859,3.8610722656249994,2010,0.0003,0.00384929,-0.005743455933406949,0.2,-0.4415690965950489,0.0375,0.6336230635643005,0.892610490322113,1.3417983546853065,0.49999963156878924
162,207872,16,1278,1.5156250000000009,203,64.0,0.09828613281250001,2.36406608,1.417338867187501,2020,0.0003,0.0014585003,-0.0018389875651337207,0.2,-0.3362510358914733,0.01015625,0.6547197103500366,0.8206828832626343,1.4122304785996675,0.49844344165176147
163,208896,16,1279,3.303124999999999,204,64.0,0.0654365234375,2.46179435,3.237688476562499,2030,0.0003,0.003308332,-0.004811876057647169,0.2,-0.4385148523375392,0.03798828125,0.4895212948322296,0.9111854434013367,1.328874596953392,0.49999965243041516
164,209920,16,1278,1.9500000000000002,205,64.0,0.0705341796875,2.3314866800000003,1.8794658203124999,2040,0.0003,0.0062261918,-0.0071962753718253225,0.2,-0.4019783478230238,0.06533203125,0.9960936903953552,0.909108579158783,1.2044067278504371,0.4998014561831952
164,210944,16,1278,2.2656249999999996,206,64.0,0.0831044921875,2.22678418,2.1825205078124994,2050,0.0003,0.0038546943,-0.004129379172809422,0.2,-0.3723297383636236,0.0337890625,0.5033206939697266,0.9033211469650269,1.4192150477319956,0.499999580346048
165,211968,16,1279,2.1031249999999986,207,64.0,0.05506640625000002,2.3781253,2.0480585937499987,2060,0.0003,0.002800574,-0.004262537890463136,0.2,-0.33183808736503123,0.0181640625,0.7962175011634827,0.9204859733581543,1.290529365092516,0.4999996010214092
166,212992,16,1279,3.271875,208,64.0,0.05321191406250002,2.34481268,3.2186630859375,2070,0.0003,0.0067809424,-0.007959207425301429,0.2,-0.4142356527969241,0.04794921875,0.556547999382019,0.8456865549087524,1.0604978907853364,0.499999600276351
167,214016,16,1278,2.51875,209,64.0,0.030217773437500012,2.5252679799999997,2.488532226562499,2080,0.0003,0.0042998306,-0.00449783410585951,0.2,-0.30790246622636913,0.02568359375,0.2871250808238983,0.9189374446868896,0.7623594671487808,0.49912748858332645
168,215040,16,1279,2.2906249999999995,210,64.0,0.04576660156250001,2.40643173,2.2448583984374997,2090,0.0003,0.008307817,-0.0069088202551938595,0.2,-0.4707892840728164,0.0474609375,0.2852647304534912,0.8953183889389038,0.7932280791923404,0.4999738370999693
168,216064,16,1279,2.859374999999999,211,64.0,0.029469726562500007,2.46009534,2.8299052734374994,2100,0.0003,0.008112926,-0.006855027202982455,0.2,-0.4953526023775339,0.07060546875,0.5281012058258057,0.8770193457603455,0.928968644887209,0.49837482646107667
169,217088,16,1280,2.6374999999999997,212,64.0,0.06007714843750002,2.51193705,2.5774228515624995,2110,0.0003,0.00441473,-0.004131779915769585,0.2,-0.5717982728034258,0.04384765625,0.32796522974967957,0.8398784399032593,0.8215974235907197,0.49766572285443544
170,218112,16,1281,2.6343750000000004,213,64.0,0.05291308593750002,2.62829342,2.5814619140625,2120,0.0003,0.005645902,-0.010081898141652345,0.2,-0.5805218076333404,0.06640625,0.2563609480857849,0.8572755455970764,0.9834520805627107,0.4999995782971382
171,219136,16,1281,1.6062500000000002,214,64.0,0.07188085937500001,2.4535735699999996,1.534369140625,2130,0.0003,0.0036948198,-0.008747585510718636,0.2,-0.5135501736775041,0.0291015625,0.5751034021377563,0.8896259069442749,1.018989760056138,0.49999957866966704
172,220160,16,1276,1.5749999999999988,215,64.0,0.05674609375000001,2.33546685,1.518253906249999,2140,0.0003,0.004039745,-0.006458007736364379,0.2,-0.6335999388247728,0.061328125,0.5487107038497925,0.8957281708717346,1.2117397401481866,0.49999963231384764
173,221184,16,1274,1.7593749999999992,216,64.0,0.08006835937500001,2.0623187200000004,1.6793066406249992,2150,0.0003,0.0030965316,-0.008022157920640894,0.2,-0.5710269503295422,0.02509765625,0.3146653473377228,0.8716515302658081,0.9359446885064244,0.49968275912106036
174,222208,16,1274,3.0312499999999982,217,64.0,0.05953222656250001,2.1858043499999997,2.9717177734374984,2160,0.0003,0.003425204,-0.0042138339194934815,0.2,-0.4872478239238262,0.036328125,0.3952585756778717,0.9177353382110596,1.0678216978907584,0.49999961610883475
175,223232,16,1271,4.159374999999999,218,64.0,0.030990234375000005,2.3892419900000004,4.128384765625,2170,0.0003,0.0032825829,-0.0034292491676751525,0.2,-0.46066458616405725,0.025390625,0.542540431022644,0.9020678997039795,1.0525511173531412,0.49972254112362874
176,224256,16,1269,2.271875,219,64.0,0.05274218750000001,2.2941615100000003,2.2191328125000003,2180,0.0003,0.0032593533,-0.005768564163008705,0.2,-0.5172857571393251,0.0271484375,0.505323588848114,0.7987136244773865,1.1303223095834256,0.4997773231938481
177,225280,16,1269,1.8374999999999995,220,64.0,0.0457421875,2.3762177700000002,1.7917578124999995,2190,0.0003,0.005480212,-0.010257714643375947,0.2,-0.5284852761775255,0.07333984375,0.27667534351348877,0.8430366516113281,0.7532149493694306,0.49999958556145435
178,226304,16,1270,2.6343749999999995,221,64.0,0.058409179687500014,2.4763694999999997,2.575965820312499,2200,0.0003,0.004824099,-0.006256184502854012,0.2,-0.6207507645711303,0.04423828125,0.3881920576095581,0.8816074132919312,0.8957713078707457,0.4997565664350988
178,227328,16,1270,2.7593749999999995,222,64.0,0.04608984375000001,2.66576371,2.7132851562499996,2210,0.0003,0.004849661,-0.013893789803842083,0.2,-0.5693908251821995,0.07177734375,0.5287041664123535,0.8649689555168152,1.0249064296483994,0.499902417138219
179,228352,16,1271,2.121874999999999,223,64.0,0.05354199218750001,2.56025511,2.068333007812499,2220,0.0003,0.004400396,-0.005516757734585554,0.2,-0.4527229480445385,0.04326171875,0.5644057393074036,0.8767479062080383,1.0279449995607137,0.49971020519733417
180,229376,16,1272,2.4624999999999995,224,64.0,0.04676269531250001,2.38617826,2.4157373046874993,2230,0.0003,0.002229566,-0.0054846386483404785,0.2,-0.4442217517644167,0.02333984375,0.33076009154319763,0.8671076893806458,0.9063343131914735,0.4992554154247045
181,230400,16,1272,2.593749999999998,225,64.0,0.06741015625,2.36195092,2.526339843749998,2240,0.0003,0.0033544137,-0.0064953749009873715,0.2,-0.4250346576794982,0.05986328125,0.30164584517478943,0.9040064811706543,0.7877099795266986,0.4982663618400694
181,231424,16,1273,2.5593749999999993,226,64.0,0.04832910156250001,2.36948996,2.5110458984374993,2250,0.0003,0.003928965,-0.008037259310367518,0.2,-0.4082582091912627,0.0580078125,0.4346655607223511,0.9390161633491516,0.7731435179710389,0.49781302213668827
182,232448,16,1274,2.931249999999999,227,64.0,0.043347656250000005,2.42864978,2.887902343749999,2260,0.0003,0.004182349,-0.007112730627704877,0.2,-0.5311704242601991,0.02548828125,0.5901823043823242,0.8031173348426819,1.321551274880767,0.4999996291473507
183,233472,16,1274,2.528124999999999,228,64.0,0.030955078125000007,2.4203896499999997,2.497169921874999,2270,0.0003,0.0031219546,-0.004442095934064127,0.2,-0.43843252807855604,0.032421875,0.29874926805496216,0.875507652759552,1.0551445558667183,0.499512331187725
183,234496,16,1275,3.6031249999999986,229,64.0,0.045922851562500006,2.72600967,3.557202148437499,2280,0.0003,0.007818753,-0.006898598922998644,0.2,-0.46820092797279356,0.05,0.3046760559082031,0.9093932509422302,0.5513224503025412,0.4942555511370303
184,235520,16,1276,2.2343749999999982,230,64.0,0.046416015625000015,2.64148653,2.187958984374998,2290,0.0003,0.0025860732,-0.006581547664245591,0.2,-0.5051150264218449,0.040625,0.38970696926116943,0.8679547905921936,1.092002959176898,0.49999955222010595
185,236544,16,1276,2.890625,231,64.0,0.04366992187500001,2.7986210799999998,2.8469550781249993,2300,0.0003,0.0032227915,-0.003289799798221793,0.2,-0.5213199408724905,0.0251953125,0.3561165928840637,0.894922137260437,0.698233880288899,0.4999715257436037
185,237568,16,1277,2.409374999999999,232,64.0,0.07818554687500001,2.7139968800000007,2.331189453124999,2310,0.0003,0.003248179,-0.006662436012993567,0.2,-0.5501760527491569,0.0388671875,0.27043360471725464,0.9091760516166687,0.840810346417129,0.49964351803064355
186,238592,16,1277,1.8218750000000001,233,64.0,0.0422900390625,2.6476653000000003,1.7795849609375,2320,0.0003,0.0030469096,-0.005969228829781059,0.2,-0.49037565346807244,0.0419921875,0.2136087417602539,0.9390059113502502,0.6975159702822566,0.4960605865344408
187,239616,16,1278,1.64375,234,64.0,0.04895507812500001,2.42922668,1.5947949218750002,2330,0.0003,0.005553002,-0.008471735534840263,0.2,-0.6694036744534969,0.0482421875,0.26623305678367615,0.8911605477333069,0.9643859261646867,0.49988655373454094
188,240640,16,1279,2.346874999999999,235,64.0,0.0573408203125,2.18982775,2.2895341796874984,2340,0.0003,0.0016497208,-0.00234140754037071,0.2,-0.49373839516192675,0.0189453125,0.35596707463264465,0.8920337557792664,0.709882091358304,0.49960497636348017
188,241664,16,1280,2.537499999999998,236,64.0,0.07683984375000003,2.2166247900000005,2.460660156249998,2350,0.0003,0.00359951,-0.0030057681491598488,0.2,-0.45867376700043677,0.0216796875,0.6115665435791016,0.8877996802330017,1.0082168834283949,0.4995296049863102
189,242688,16,1281,3.0281249999999993,237,64.0,0.08020898437500001,2.2437738400000002,2.9479160156249997,2360,0.0003,0.003930001,-0.0056803327199304475,0.2,-0.5446763442829251,0.04423828125,0.3838275372982025,0.9186137914657593,0.9862636502832174,0.4998764747753739
190,243712,16,1281,0.6218749999999984,238,64.0,0.0951748046875,1.8349399199999994,0.5267001953124983,2370,0.0003,0.0050667217,-0.005221132922451943,0.2,-0.4564817871898413,0.0380859375,0.5023635029792786,0.9152782559394836,1.2805774852633476,0.4999996569007634
190,244736,16,1282,1.9093749999999994,239,64.0,0.049098632812500015,1.9223729,1.8602763671874993,2380,0.0003,0.0037932422,-0.004587240179535002,0.2,-0.6100642878562212,0.0359375,0.22615164518356323,0.9316505193710327,0.9186771800741553,0.4999995939433577
191,245760,16,1283,2.5093749999999986,240,64.0,0.0640068359375,2.03451807,2.445368164062498,2390,0.0003,0.004215761,-0.0034529305383330213,0.2,-0.6238118592649698,0.02939453125,0.47408097982406616,0.8501598238945007,1.2927297201007604,0.4999996215105057
192,246784,16,1283,3.0781250000000004,241,64.0,0.02691113281250001,2.3204960600000004,3.0512138671875,2400,0.0003,0.0049348227,-0.006323713458550628,0.2,-0.5711665330454707,0.0455078125,0.4454391300678253,0.8577067255973816,1.1505990412086249,0.4999995596706865
192,247808,16,1284,2.1374999999999993,242,64.0,0.07282812500000001,2.0726719900000004,2.0646718749999993,2410,0.0003,0.0022284586,-0.004816876584663987,0.2,-0.4824566915631294,0.021875,0.2734622657299042,0.6822072267532349,0.921999461017549,0.4993243381381037
193,248832,16,1284,2.471874999999999,243,64.0,0.05446386718750001,2.10461516,2.417411132812499,2420,0.0003,0.002365395,-0.0036402492405613884,0.2,-0.4757300874218345,0.02685546875,0.22867168486118317,0.925133466720581,0.5195973177440465,0.4986663414165379
194,249856,16,1285,2.8999999999999986,244,64.0,0.023416015625000005,2.3456209599999998,2.8765839843749985,2430,0.0003,0.0039149704,-0.005029283711337484,0.2,-0.4255145462229848,0.034375,0.24313496053218842,0.9360641241073608,0.5454568658024073,0.4995113285258413
195,250880,16,1286,2.290625,245,64.0,0.053469726562500014,2.4686446899999996,2.2371552734374998,2440,0.0003,0.0029967478,-0.005452853505266831,0.2,-0.501744887791574,0.028515625,0.3245358169078827,0.8662531971931458,0.633494153432548,0.49728644117712995
195,251904,16,1287,2.665624999999999,246,64.0,0.043844726562500005,2.6667657700000005,2.6217802734374986,2450,0.0003,0.0044613904,-0.004416209270129911,0.2,-0.5481647590175271,0.0396484375,0.34410741925239563,0.92571622133255,0.7734401451423765,0.49756905995309353
196,252928,16,1287,2.4374999999999982,247,64.0,0.07481347656250001,2.44246765,2.3626865234374987,2460,0.0003,0.0037894757,-0.005441499745938927,0.2,-0.5476001542061567,0.03291015625,0.3150598108768463,0.8941178917884827,1.0002147175371647,0.49999959208071254
197,253952,16,1287,2.4656249999999984,248,64.0,0.06931542968750001,2.53181001,2.3963095703124986,2470,0.0003,0.00446931,-0.007307856096304022,0.2,-0.5416647398844361,0.04150390625,0.3887568712234497,0.9246410727500916,0.7871820284053683,0.4998827924951912
198,254976,16,1287,2.721874999999997,249,64.0,0.056560546875000006,2.52275856,2.6653144531249975,2480,0.0003,0.005098339,-0.008635055265040137,0.2,-0.5058752244338394,0.05986328125,0.38997501134872437,0.9138713479042053,0.8670703396201134,0.4999996004626154
199,256000,16,1286,1.3375,250,64.0,0.08630078125000001,2.23860452,1.25119921875,2490,0.0003,0.0038458153,-0.008889605777221731,0.2,-0.5070347942411899,0.0423828125,0.3897225260734558,0.9103037118911743,0.9725030772387981,0.4995496837422254
200,257024,16,1283,1.8249999999999986,251,64.0,0.06233105468750001,2.2040474700000003,1.7626689453124986,2500,0.0003,0.0065233633,-0.008534017755300738,0.2,-0.5419019782915712,0.055078125,0.31532028317451477,0.9536517858505249,0.6508406236767769,0.49988071564584957
201,258048,16,1282,2.268749999999997,252,64.0,0.05729687500000001,2.1436928,2.211453124999997,2510,0.0003,0.0032530269,-0.0030845605331705885,0.2,-0.5682520214468241,0.0271484375,0.6567507982254028,0.8705271482467651,1.52708685323596,0.4999996790662409
202,259072,16,1277,2.228124999999998,253,64.0,0.05766015625000001,2.1660197,2.1704648437499983,2520,0.0003,0.0062896917,-0.006571168982191011,0.2,-0.5908758057281375,0.05029296875,0.25258690118789673,0.8810485005378723,0.9534204661846161,0.49999168235808605
203,260096,16,1276,2.218749999999999,254,64.0,0.042374023437500005,1.96782704,2.176375976562499,2530,0.0003,0.005173048,-0.005643226820393465,0.2,-0.5574657646939158,0.05390625,0.7430540323257446,0.8724231719970703,1.2582475394010544,0.4999996097758414
204,261120,16,1274,2.6593749999999985,255,64.0,0.06152832031250001,2.00459237,2.597846679687499,2540,0.0003,0.0048427843,-0.0059243154217256235,0.2,-0.5553891900926828,0.07373046875,0.26748180389404297,0.9127290844917297,0.7482214584946633,0.4993384324014188
205,262144,16,1272,3.0874999999999995,256,64.0,0.028293945312500006,2.25565299,3.0592060546874995,2550,0.0003,0.006419521,-0.007193569256924093,0.2,-0.48758684415370224,0.07724609375,0.30527862906455994,0.9037220478057861,1.0414988856762648,0.49999957326799654
206,263168,16,1271,1.2531249999999985,257,64.0,0.07676171875000001,2.2200139300000004,1.1763632812499984,2560,0.0003,0.0035869956,-0.004836579598486423,0.2,-0.44186659194529054,0.040625,0.354579895734787,0.8238235116004944,0.735219549573958,0.4983215140178801
207,264192,16,1271,2.6906249999999985,258,64.0,0.07084082031250001,2.22735722,2.6197841796874983,2570,0.0003,0.0060220286,-0.007049383810954169,0.2,-0.5984455389901996,0.06787109375,0.7069113850593567,0.9116806387901306,0.8983249524608254,0.4999619523063303
208,265216,16,1271,2.4093749999999994,259,64.0,0.0408408203125,2.3550506,2.368534179687499,2580,0.0003,0.0041521545,-0.0030899324046913534,0.2,-0.3849146839231253,0.03408203125,0.41872066259384155,0.913800060749054,0.787500623986125,0.49992109350860126
209,266240,16,1268,3.478125,260,64.0,0.021256835937500006,2.5536079299999996,3.4568681640624996,2590,0.0003,0.0065309405,-0.006984132627258078,0.2,-0.4406284859403968,0.04951171875,0.29806363582611084,0.9079008102416992,0.5990991808474064,0.4994003927335144
210,267264,16,1268,3.634374999999999,261,64.0,0.04839062500000001,2.78455884,3.5859843749999984,2600,0.0003,0.0049302997,-0.0064719433983555065,0.2,-0.44421029929071665,0.05576171875,0.39775994420051575,0.7785924077033997,0.7936510039493442,0.496896582841873
211,268288,16,1268,2.362499999999999,262,64.0,0.06716406250000001,2.52684213,2.295335937499999,2610,0.0003,0.00481354,-0.008628426940413192,0.2,-0.4581580663099885,0.032421875,0.16928520798683167,0.8845505714416504,0.5847543943673372,0.49893673360347723
212,269312,16,1268,2.168749999999998,263,64.0,0.04216308593750001,2.6256667899999995,2.1265869140624982,2620,0.0003,0.0030890927,-0.0070546519214985896,0.2,-0.504390474036336,0.03994140625,0.2680375874042511,0.926826536655426,0.5761725919321179,0.49818893838673806
213,270336,16,1266,2.699999999999998,264,64.0,0.07576757812500001,2.77271776,2.6242324218749977,2630,0.0003,0.004890739,-0.00829236802237574,0.2,-0.5090281115844846,0.05927734375,0.2394041121006012,0.9231258034706116,0.48666990380734204,0.4972142031416294
214,271360,16,1266,3.3499999999999988,265,64.0,0.03383007812500001,2.9316891900000006,3.316169921874998,2640,0.0003,0.002954297,-0.005796853365609422,0.2,-0.3824411449953914,0.0423828125,0.5765246152877808,0.9241013526916504,1.1224192351102829,0.49999964050948664
215,272384,16,1266,3.6375000000000006,266,64.0,0.024014648437500008,2.94629639,3.6134853515625007,2650,0.0003,0.0023823287,-0.0023634237237274646,0.2,-0.49496079348027705,0.019140625,0.45645275712013245,0.8165305256843567,0.7697217851877213,0.49953522942960255
215,273408,16,1266,3.396874999999998,267,64.0,0.05665527343750001,2.95630656,3.3402197265624975,2660,0.0003,0.004403334,-0.0061709701243671585,0.2,-0.45592200513929126,0.03740234375,0.2336963266134262,0.822708249092102,0.8230968069285154,0.4999995736405254
216,274432,16,1267,2.8124999999999982,268,64.0,0.049125976562500014,2.8738483,2.763374023437499,2670,0.0003,0.0024755811,-0.0055372213901137,0.2,-0.4179420402273536,0.03603515625,0.37802398204803467,0.9165856838226318,0.86786281298846,0.49952117092907433
217,275456,16,1268,2.3812499999999988,269,64.0,0.056808593750000004,2.9632884599999993,2.324441406249999,2680,0.0003,0.004378157,-0.004864783972152509,0.2,-0.4583370899781585,0.040234375,0.4444881081581116,0.8825712203979492,1.3080195393413305,0.4993035858497024
217,276480,16,1269,3.546874999999999,270,64.0,0.05223535156250001,3.1441065800000008,3.494639648437499,2690,0.0003,0.003220804,-0.006129736590082757,0.2,-0.39748751781880853,0.0306640625,0.29230087995529175,0.8965230584144592,0.8048808814957737,0.49935419168323275
218,277504,16,1269,3.3437499999999987,271,64.0,0.037060546875,3.08248235,3.3066894531249984,2700,0.0003,0.0037382687,-0.007083437309483997,0.2,-0.3899330301210284,0.04423828125,0.5080239772796631,0.9029053449630737,0.9192279621958732,0.49999957736581563
219,278528,16,1269,2.1749999999999976,272,64.0,0.07136328125000002,2.93675142,2.1036367187499976,2710,0.0003,0.003212568,-0.005317138900863938,0.2,-0.4702154314145446,0.0193359375,0.3916263282299042,0.8641331195831299,0.729291619360447,0.4995962888002395
220,279552,16,1268,1.6624999999999976,273,64.0,0.07301464843750002,2.6123481400000004,1.589485351562498,2720,0.0003,0.014928221,-0.013568851933814585,0.2,-0.5580630360171199,0.06796875,0.1923503875732422,0.9064300060272217,0.5297158651985228,0.4996322154998779
221,280576,16,1268,2.1625,274,64.0,0.07246191406250001,2.5151942,2.0900380859375,2730,0.0003,0.00514104,-0.009190020980895497,0.2,-0.5340287828817963,0.05048828125,0.3218177258968353,0.9427725672721863,0.7309312947094441,0.49999957736581585
221,281600,16,1269,1.9218749999999991,275,64.0,0.04792578125000001,2.41622249,1.8739492187499993,2740,0.0003,0.0042211893,-0.006251672802318353,0.2,-0.41643627509474757,0.0328125,0.35202261805534363,0.8992882370948792,1.0534829184412957,0.49999962989240904
222,282624,16,1270,3.221874999999999,276,64.0,0.04654296875,2.38322813,3.1753320312499995,2750,0.0003,0.0032737395,-0.004436099700978957,0.2,-0.4926483089104295,0.03486328125,0.3656376898288727,0.9027442336082458,0.737344890460372,0.49999950695782935
223,283648,16,1270,2.5281249999999984,277,64.0,0.03135156250000001,2.29029047,2.496773437499999,2760,0.0003,0.0041247304,-0.0055746857324265875,0.2,-0.5244639042764903,0.0455078125,0.4800669550895691,0.8520811200141907,1.283761604502797,0.49999961573630564
223,284672,16,1271,2.596874999999999,278,64.0,0.06579296875000001,2.23990156,2.531082031249999,2770,0.0003,0.0073032277,-0.0075709500262746586,0.2,-0.49570898376405237,0.051953125,0.3426488935947418,0.8813421726226807,0.7603591777384281,0.4995978664606809
224,285696,16,1272,3.2218749999999994,279,64.0,0.04172070312500001,2.6479726299999995,3.180154296874999,2780,0.0003,0.0038285798,-0.004855679927277379,0.2,-0.3566056130453944,0.03671875,0.34023240208625793,0.9329164624214172,0.7499401997774839,0.49977616667747504
225,286720,16,1273,2.9374999999999982,280,64.0,0.0430595703125,2.61280528,2.8944404296874984,2790,0.0003,0.0048191193,-0.004601579997688532,0.2,-0.4207151910290122,0.04384765625,0.46618327498435974,0.8905233144760132,0.9766009520739317,0.49999956674873847
226,287744,16,1272,2.759374999999998,281,64.0,0.05948144531250001,2.81906636,2.6998935546874985,2800,0.0003,0.00283746,-0.004710798928863369,0.2,-0.39559850450605155,0.034375,0.5510032176971436,0.7841578722000122,1.2888364367187024,0.4999996131286025
226,288768,16,1272,3.484374999999999,282,64.0,0.04291601562500001,2.9182464699999997,3.441458984374999,2810,0.0003,0.0033438648,-0.0026238170044962316,0.2,-0.38125158566981554,0.0240234375,0.3054589331150055,0.9087902903556824,0.8910453237593174,0.4994647257030011
227,289792,16,1271,1.8374999999999995,283,64.0,0.03620703125000001,2.7331261600000003,1.8012929687499992,2820,0.0003,0.005548629,-0.00458202890586108,0.2,-0.3795333232730627,0.04921875,0.2377539575099945,0.8979937434196472,0.8233336990699172,0.49999954383820294
228,290816,16,1271,3.0124999999999993,284,64.0,0.04956640625000001,2.8148758500000004,2.962933593749999,2830,0.0003,0.0056600305,-0.008169269694190007,0.2,-0.460755623690784,0.06650390625,0.1786353886127472,0.8574351072311401,0.9091094861738384,0.4999996149912476
229,291840,16,1272,1.881249999999998,285,64.0,0.05951464843750001,2.7288903999999996,1.821735351562498,2840,0.0003,0.004635275,-0.004480465519009158,0.2,-0.3583014028146863,0.03828125,0.49520227313041687,0.8832396864891052,1.0843352392315864,0.4999995809048414
230,292864,16,1272,3.062499999999998,286,64.0,0.0411455078125,2.7111590100000003,3.0213544921874975,2850,0.0003,0.003748064,-0.005555989082495216,0.2,-0.42580567877739667,0.04150390625,0.622094452381134,0.881760835647583,1.0311013715341688,0.49999960493296386
230,293888,16,1272,2.459374999999997,287,64.0,0.07216796875,2.5776708699999995,2.3872070312499964,2860,0.0003,0.0051856264,-0.004124117564060725,0.2,-0.4080400481820107,0.0404296875,0.45436426997184753,0.8438202738761902,0.9757958061993122,0.4999379429966211
231,294912,16,1272,1.4812499999999984,288,64.0,0.0758603515625,2.2831617999999994,1.4053896484374984,2870,0.0003,0.003946203,-0.006373122686636634,0.2,-0.4011482670903206,0.03642578125,0.26115015149116516,0.9259397983551025,0.7543024528771639,0.4999995220452546
232,295936,16,1272,2.921874999999999,289,64.0,0.033516601562500005,2.4269905699999996,2.888358398437499,2880,0.0003,0.0049408404,-0.010231678691343404,0.2,-0.4248569875955582,0.0693359375,0.31529468297958374,0.9421322345733643,0.6806231277063489,0.4996514270082116
233,296960,16,1273,2.2999999999999985,290,64.0,0.08313964843750002,2.32579446,2.2168603515624987,2890,0.0003,0.0016385745,-0.003587261089705862,0.2,-0.39469752199947833,0.0130859375,0.4389824867248535,0.8626415133476257,0.9423067379742861,0.49979100078344346
233,297984,16,1273,3.453124999999998,291,64.0,0.045450195312500004,2.50983587,3.4076748046874976,2900,0.0003,0.0067671193,-0.006477221209206618,0.2,-0.35581301245838404,0.05537109375,0.40098050236701965,0.9081483483314514,0.8346971895545721,0.49995407704263944
234,299008,16,1274,1.8187499999999992,292,64.0,0.062210937500000014,2.41769366,1.756539062499999,2910,0.0003,0.0016854214,-0.003099720721365884,0.2,-0.3525864833034575,0.03720703125,0.708320140838623,0.8802329897880554,1.0828897379338742,0.4999995848163962
235,300032,16,1275,3.9062499999999982,293,64.0,0.037351562500000005,2.4967602600000003,3.8688984374999986,2920,0.0003,0.0027720341,-0.004357656530919485,0.2,-0.4267894461750984,0.02890625,0.3461286127567291,0.9163944721221924,1.09760677292943,0.49999957624822855
,,,,,,,,,,2930,0.0003,0.003930851,-0.0059949643502477555,0.2,-0.3515435140579939,0.0373046875,0.5005348920822144,0.8642047047615051,1.1801224678754807,0.499954729899764
