economics/inventory_penalty_total_mean,time/total_timesteps,economics/episodes,time/iterations,rollout/ep_rew_mean,time/time_elapsed,economics/objective_mean,economics/profit_mean,rollout/ep_len_mean,time/fps,train/policy_gradient_loss,train/post_clip_gradient_norm,train/clip_fraction,train/loss,train/learning_rate,train/entropy_loss,train/n_updates,train/value_loss,train/clip_range,train/explained_variance,train/approx_kl
0.06228710937500002,1024,16,1,-0.7497873125,0,-0.7497871093750001,-0.6875000000000001,64.0,8021,,,,,,,,,,,
0.0543623046875,2048,16,2,-0.63644978125,0,-0.5231123046875008,-0.46875000000000056,64.0,3253,-0.015400064637651667,0.49999972525984027,0.04560546875,2.506298065185547,0.0003,-2.2974218666553496,10,4.687472538650036,0.2,-0.13004255294799805,0.00835647
0.06943652343750001,3072,16,3,-0.6474453749999999,1,-0.6694365234375014,-0.6000000000000012,64.0,2552,-0.013596984584000892,0.49999970085918893,0.020703125,1.7326061725616455,0.0003,-2.2899906918406487,20,3.209981556981802,0.2,0.3677201271057129,0.008074075
0.06568945312499999,4096,16,4,-0.673881421875,1,-0.7531894531250004,-0.6875000000000004,64.0,2207,-0.023698114242870362,0.49999974481761456,0.09306640625,1.8225136995315552,0.0003,-2.277685432136059,30,4.708276513963938,0.2,0.32450228929519653,0.009588874
0.056781250000000005,5120,16,5,-0.6079614249999998,2,-0.34428125000000076,-0.28750000000000087,64.0,2026,-0.015749948308803143,0.4999996943399312,0.05,1.5554499626159668,0.0003,-2.274247792363167,40,2.7554486736655237,0.2,0.5185867547988892,0.008618221
0.042112304687500005,6144,16,6,-0.43136158333333324,3,0.45163769531249975,0.4937499999999997,64.0,1945,-0.018451898329658434,0.4999996645376089,0.0689453125,1.6594129800796509,0.0003,-2.269255167245865,50,2.726386854797602,0.2,0.40923893451690674,0.009138986
0.07324804687500001,7168,16,7,-0.5277425600000002,3,-0.5419980468750007,-0.46875000000000067,64.0,1900,-0.024724386568414046,0.49999960884451855,0.0994140625,0.7282017469406128,0.0003,-2.254878917336464,60,2.029618966951966,0.2,0.2962201237678528,0.010924317
0.07695605468750001,8192,16,8,-0.5661132,4,-0.7613310546875008,-0.6843750000000006,64.0,1893,-0.019941433856729418,0.49999972917139557,0.0380859375,1.2185702323913574,0.0003,-2.248582251369953,70,4.191849798709154,0.2,0.359743595123291,0.0063589984
0.08200390625000001,9216,16,9,-0.81483742,4,-1.7851289062500002,-1.7031250000000002,64.0,1864,-0.02184608279494569,0.49999972693622113,0.05283203125,1.007190465927124,0.0003,-2.239195354282856,80,2.4029930576682093,0.2,0.5831636190414429,0.0075203152
0.050344726562500004,10240,16,10,-0.46099758,5,0.4434052734374989,0.49374999999999913,64.0,1845,-0.018258963081461844,0.4999997587874531,0.04970703125,1.0073860883712769,0.0003,-2.2319993317127227,90,2.8645700968801977,0.2,0.6179256439208984,0.006698236
0.03899023437500001,11264,16,11,-0.36851599000000007,6,0.08913476562499989,0.12812499999999982,64.0,1835,-0.01858097426738823,0.4999997280538082,0.0701171875,0.7061878442764282,0.0003,-2.2197753444314,100,1.8256987482309341,0.2,0.4767664074897766,0.009536324
0.10264453125000003,12288,16,12,-0.9523469400000002,6,-2.9995195312500007,-2.8968750000000005,64.0,1795,-0.02037450478528626,0.49999972004443405,0.06064453125,0.7051441073417664,0.0003,-2.2070848777890206,110,1.5298527892678977,0.2,0.6222468018531799,0.0078034224
0.09039160156250002,13312,16,13,-1.05445179,7,-2.5528916015625,-2.4625000000000004,64.0,1790,-0.024160142795881256,0.4999997127801179,0.07236328125,0.41068726778030396,0.0003,-2.1830069422721863,120,1.1595538057386876,0.2,0.8386210799217224,0.008634974
0.06862109375000001,14336,16,14,-1.09476101,7,0.5157539062499992,0.5843749999999991,64.0,1793,-0.02491283876588568,0.4999997342005371,0.07724609375,0.4113699197769165,0.0003,-2.1506757393479345,130,1.1109223902225493,0.2,0.8611676692962646,0.009649219
0.04983984375,15360,16,15,-0.87906272,8,-0.2935898437500002,-0.24375000000000013,64.0,1781,-0.014906224355218,0.49999984744936266,0.0576171875,0.8762315511703491,0.0003,-2.136950913071632,140,3.822246699035168,0.2,0.4242856502532959,0.0077913366
0.1126650390625,16384,16,16,-0.9005291100000001,9,-1.200165039062501,-1.0875000000000008,64.0,1790,-0.018978764532948843,0.4999997701495885,0.05908203125,0.6355342268943787,0.0003,-2.1241058483719826,150,1.3907754495739937,0.2,0.7399465441703796,0.009896366
0.07579492187500003,17408,16,17,-0.9390288100000003,9,-0.04141992187500099,0.034374999999999045,64.0,1797,-0.0221773004042916,0.49999984670430414,0.0595703125,0.7630307078361511,0.0003,-2.084984038770199,160,2.5258857160806656,0.2,0.7957988977432251,0.008918408
0.070859375,18432,16,18,-0.8867020699999999,10,-0.8614843750000001,-0.7906250000000001,64.0,1797,-0.021408937929663807,0.499999799951911,0.06669921875,0.6410626769065857,0.0003,-2.0515927135944367,170,1.3447463020682335,0.2,0.8750752210617065,0.0074799843
0.05229101562500001,19456,16,19,-0.4079564299999999,10,0.2477089843749994,0.2999999999999996,64.0,1787,-0.02134162163711153,0.499999815411866,0.05263671875,0.648868203163147,0.0003,-2.0294586099684238,180,1.3596455741673708,0.2,0.8711128830909729,0.007887141
0.0703076171875,20480,16,20,-0.48008956999999997,11,-1.6390576171875006,-1.5687500000000003,64.0,1787,-0.01920108910999261,0.4999998133629562,0.070703125,0.7576476335525513,0.0003,-2.0323344334959983,190,1.4152772434055805,0.2,0.8394905924797058,0.0083856955
0.06756054687500002,21504,16,21,-0.73068849,12,-1.445685546875001,-1.3781250000000012,64.0,1787,-0.024423004750860854,0.4999998122453688,0.094921875,0.4270693063735962,0.0003,-2.0292292930185796,200,1.192411170899868,0.2,0.8553319573402405,0.010260388
0.049994140625,22528,16,22,-0.7442339500000001,12,-0.22811914062500022,-0.17812500000000028,64.0,1776,-0.02638120093033649,0.4999997625127433,0.09560546875,0.42324939370155334,0.0003,-2.0281358510255814,210,0.924189506098628,0.2,0.8406587243080139,0.009963715
0.06826660156250001,23552,16,23,-0.6563722299999999,13,-0.4151416015625007,-0.3468750000000007,64.0,1777,-0.021662194855161944,0.4999997980892658,0.098828125,1.095588207244873,0.0003,-2.037411143630743,220,1.4736401572823525,0.2,0.725183367729187,0.009785105
0.04058886718750001,24576,16,24,-0.6702891099999999,13,-0.5905888671875005,-0.5500000000000005,64.0,1777,-0.024496014602482317,0.49999979324638844,0.0791015625,0.3402040898799896,0.0003,-2.0209905698895456,230,1.2792094361037016,0.2,0.8417304754257202,0.010177357
0.044703125,25600,16,25,-0.4887978499999999,14,1.2834218749999993,1.3281249999999993,64.0,1775,-0.027993695985060185,0.49999977406114343,0.096875,0.3129981756210327,0.0003,-1.978550238162279,240,0.9548460636287928,0.2,0.8423862457275391,0.009716893
0.043684570312500004,26624,16,26,-0.32010223,15,0.18756542968749967,0.23124999999999973,64.0,1773,-0.023289103619754316,0.499999808333814,0.080078125,0.5313458442687988,0.0003,-1.9550668857991695,250,1.3361017614603043,0.2,0.834973931312561,0.00753823
0.052326171875000015,27648,16,27,-0.04329723000000007,15,-0.2273261718750006,-0.1750000000000007,64.0,1774,-0.027225620596436784,0.49999977871775625,0.0958984375,0.3390393853187561,0.0003,-1.942370443791151,260,0.9656661301851273,0.2,0.864070475101471,0.008715399
0.0675751953125,28672,16,28,0.13431368999999996,16,0.38554980468749933,0.45312499999999944,64.0,1771,-0.021242199250264094,0.4999997735023499,0.05673828125,0.25498223304748535,0.0003,-1.9122108802199365,270,0.8649975910782814,0.2,0.8928928375244141,0.007774468
0.070888671875,29696,16,29,-0.008030989999999981,16,-0.17401367187500044,-0.10312500000000052,64.0,1770,-0.021001294066081755,0.4999998556450008,0.0494140625,1.2500888109207153,0.0003,-1.8888069450855256,280,2.3799288883805274,0.2,0.7269867062568665,0.0076945233
0.05534472656250001,30720,16,30,0.16384243999999995,17,-0.5303447265625004,-0.4750000000000004,64.0,1773,-0.026981848262948915,0.49999981224536877,0.08330078125,0.5633798241615295,0.0003,-1.9193346545100212,290,1.1836283966898917,0.2,0.8936973810195923,0.008407174
0.037755859375,31744,16,31,0.17122352,17,1.4247441406249994,1.4624999999999995,64.0,1765,-0.023268593999091536,0.49999981988221415,0.0724609375,0.5915476083755493,0.0003,-1.904997606575489,300,1.3496124479919671,0.2,0.8409844636917114,0.008720727
0.0583115234375,32768,16,32,0.21319071,18,0.388563476562499,0.4468749999999991,64.0,1761,-0.020467836187162903,0.49999982081353644,0.06728515625,0.445669949054718,0.0003,-1.8521424762904644,310,2.0071446359157563,0.2,0.694633960723877,0.009528363
0.04329492187500002,33792,16,33,0.35723929000000004,19,0.3879550781249995,0.43124999999999963,64.0,1750,-0.026671600979170762,0.4999997809529305,0.0880859375,0.3399111032485962,0.0003,-1.8477739803493023,320,0.8370945310220123,0.2,0.9002411961555481,0.009667093
0.03653710937500001,34816,16,34,0.40785586,20,0.42283789062499944,0.4593749999999995,64.0,1740,-0.027034649581764825,0.4999997982755306,0.10751953125,0.39674022793769836,0.0003,-1.8158576160669326,330,1.0187059085816146,0.2,0.8612459301948547,0.010552939
0.041753906250000014,35840,16,35,0.4396095900000001,20,0.37387109374999916,0.4156249999999992,64.0,1728,-0.01936925343470648,0.49999981094151735,0.047265625,0.7059564590454102,0.0003,-1.7808902479708195,340,1.6287260804325343,0.2,0.7573866844177246,0.0072284313
0.06353515625,36864,16,36,0.31983585,21,-0.9510351562500002,-0.8875000000000004,64.0,1719,-0.02940280974144116,0.4999997647479175,0.1044921875,0.36983993649482727,0.0003,-1.754073516279459,350,0.8055829893797636,0.2,0.8758057951927185,0.010595454
0.051583984375,37888,16,37,0.08646116999999999,22,0.08904101562499922,0.14062499999999922,64.0,1706,-0.02798842623597011,0.4999997679144147,0.07841796875,0.28937646746635437,0.0003,-1.7378183327615262,360,0.7010643918067216,0.2,0.9070844054222107,0.0097152935
0.06652441406250001,38912,16,38,-0.11657771000000001,22,-0.7165244140625004,-0.6500000000000005,64.0,1694,-0.021157114653033205,0.49999983180314306,0.07197265625,0.8530886769294739,0.0003,-1.716081254929304,370,1.5581990133970975,0.2,0.7984358668327332,0.009428294
0.04036914062500001,39936,16,39,0.024912469999999985,23,1.003380859374999,1.043749999999999,64.0,1686,-0.023251007980434224,0.4999998157843944,0.07802734375,0.44686102867126465,0.0003,-1.6936206191778183,380,1.3138492453843356,0.2,0.8505035638809204,0.009921238
0.03866406250000001,40960,16,40,0.10416092,24,1.1957109374999997,1.2343749999999996,64.0,1679,-0.02719271226087585,0.4999998178333045,0.09638671875,0.5116851329803467,0.0003,-1.6773897506296636,390,1.3872266966849565,0.2,0.7584160566329956,0.012223203
0.042355468750000014,41984,16,41,0.27075187,25,1.2607695312499998,1.3031249999999996,64.0,1678,-0.022764451149851084,0.49999981205910454,0.07177734375,0.5985622406005859,0.0003,-1.6842175275087357,400,1.4810282655060292,0.2,0.7645923495292664,0.008397421
0.02677539062500001,43008,16,42,0.70946546,25,2.0388496093749993,2.065625,64.0,1671,-0.02541006343672052,0.4999998236075044,0.06689453125,0.6525102853775024,0.0003,-1.6410876616835595,410,1.644140251725912,0.2,0.807222306728363,0.009010976
0.022126953125000005,44032,16,43,0.9226126499999998,26,1.7466230468749995,1.7687499999999994,64.0,1666,-0.027629576169420033,0.499999832548201,0.0927734375,0.92149418592453,0.0003,-1.6733528465032577,420,1.7980898220092059,0.2,0.6657470464706421,0.008814567
0.045050781250000005,45056,16,44,1.18524153,26,-0.18567578125000023,-0.14062500000000022,64.0,1671,-0.02815995412238408,0.49999971389770514,0.12890625,0.2521626949310303,0.0003,-1.6609763115644456,430,0.8257780861109495,0.2,0.795961320400238,0.01110262
0.05865820312500001,46080,16,45,0.9698590200000003,27,-0.11803320312500079,-0.05937500000000079,64.0,1674,-0.030934882487053984,0.49999976232647897,0.12880859375,0.15020433068275452,0.0003,-1.6649239964783191,440,0.716312445141375,0.2,0.8958066701889038,0.01266385
0.026878906250000004,47104,16,46,0.9776021300000001,28,0.7324960937499994,0.7593749999999995,64.0,1678,-0.026630389035562984,0.4999998303130269,0.074609375,0.5616418123245239,0.0003,-1.6279379226267339,450,1.3784214619547128,0.2,0.8693771362304688,0.009411054
0.0732509765625,48128,16,47,0.7091193200000001,28,-0.6138759765625015,-0.5406250000000017,64.0,1680,-0.02677986006019637,0.49999974686652415,0.07509765625,0.23486356437206268,0.0003,-1.5982560828328132,460,0.6603888330981136,0.2,0.8462913036346436,0.009552242
0.06319921875000001,49152,16,48,0.24175790000000003,29,-0.16007421875000108,-0.096875000000001,64.0,1677,-0.03145221443846822,0.4999997440725565,0.10771484375,0.26806601881980896,0.0003,-1.5825610496103764,470,0.6481254488229752,0.2,0.9306285977363586,0.010780921
0.03222949218750001,50176,16,49,0.1620132,29,1.0177705078124997,1.0499999999999998,64.0,1675,-0.02663627474830719,0.49999980460852395,0.07275390625,0.41303354501724243,0.0003,-1.5669242464005948,480,1.3587017878890038,0.2,0.8249994516372681,0.00976501
0.05043261718750001,51200,16,50,0.21653086000000002,30,0.049567382812499394,0.09999999999999937,64.0,1666,-0.026271002998691985,0.4999997438862919,0.09453125,0.20572276413440704,0.0003,-1.5541630938649178,490,0.6967034917324781,0.2,0.8845327496528625,0.010692434
0.016331054687500006,52224,16,51,0.25595696999999995,31,0.36491894531249963,0.38124999999999964,64.0,1661,-0.0342031902866438,0.49999977741390467,0.1431640625,0.39420196413993835,0.0003,-1.5091798305511475,500,0.9064493097364903,0.2,0.8744235038757324,0.013185853
0.037916992187500005,53248,16,52,0.08259150999999999,32,-0.35979199218750035,-0.32187500000000036,64.0,1660,-0.031849977938691154,0.49999967459589245,0.14482421875,0.17317110300064087,0.0003,-1.467522632330656,510,0.4998879570513964,0.2,0.7469849586486816,0.013692357
0.038076171874999995,54272,16,53,0.17636293000000006,32,0.05254882812499972,0.09062499999999979,64.0,1658,-0.02872579937102273,0.4999997384846213,0.08740234375,0.22730867564678192,0.0003,-1.4640484020113944,520,0.6399713829159737,0.2,0.892508327960968,0.010446437
0.038858398437500004,55296,16,54,0.3725577899999999,33,1.3236416015625,1.3624999999999998,64.0,1653,-0.026982575879083016,0.4999997209757567,0.1064453125,0.1809869259595871,0.0003,-1.4398780405521392,530,0.5544874327257275,0.2,0.9176296591758728,0.012357746
0.024958984375000007,56320,16,55,0.47119749000000005,34,1.2969160156249997,1.3218749999999997,64.0,1653,-0.02465471431496553,0.49999981615692374,0.09970703125,1.2443859577178955,0.0003,-1.4188126862049102,540,1.7225041259080172,0.2,0.7495507001876831,0.009491358
0.029411132812500004,57344,16,56,0.5977690600000001,34,1.4705888671874991,1.4999999999999991,64.0,1653,-0.022955770988482983,0.49999975133687263,0.08310546875,0.5397323369979858,0.0003,-1.3656143479049205,550,0.9364880047738552,0.2,0.7077163457870483,0.009734428
0.029822265625000007,58368,16,57,0.8388806100000002,35,1.0576777343749992,1.0874999999999995,64.0,1653,-0.029448509274516255,0.49999970551580203,0.11904296875,0.19904860854148865,0.0003,-1.3276643373072148,560,0.5630968376994133,0.2,0.8686717748641968,0.010704478
0.03592968750000001,59392,16,58,0.7988703300000001,35,-0.27342968750000035,-0.23750000000000027,64.0,1654,-0.02848988475743681,0.49999972227960804,0.10107421875,0.3121357560157776,0.0003,-1.327660871297121,570,0.6385117013007402,0.2,0.8893341422080994,0.009286782
0.036283203125,60416,16,59,0.98918469,36,1.1699667968749996,1.2062499999999996,64.0,1658,-0.019571817328687756,0.49999976288527237,0.067578125,0.4123189151287079,0.0003,-1.3061595730483533,580,0.9090479200705885,0.2,0.8489745259284973,0.008384377
0.02982714843750001,61440,16,60,1.0002337300000002,37,0.9482978515624993,0.9781249999999995,64.0,1659,-0.027100920927478,0.49999974332749825,0.119140625,0.29594433307647705,0.0003,-1.260668471455574,590,0.7552867848426104,0.2,0.8872570395469666,0.010449685
0.0468916015625,62464,16,61,0.8977995000000001,37,0.47498339843749937,0.5218749999999994,64.0,1657,-0.023859618458664043,0.4999997628852727,0.08955078125,0.3158164322376251,0.0003,-1.2460531890392303,600,0.7796139229089022,0.2,0.8821617364883423,0.009417533
0.03666113281250001,63488,16,62,0.8292713800000001,38,0.9133388671874998,0.9499999999999996,64.0,1655,-0.023587606940418483,0.4999997351318596,0.08818359375,0.16350987553596497,0.0003,-1.2559444665908814,610,0.5859198419377207,0.2,0.9294794201850891,0.00974194
0.037363281250000005,64512,16,63,0.67657796,38,0.39076171874999954,0.42812499999999953,64.0,1657,-0.026782439154339956,0.4999997511506081,0.07705078125,0.22982892394065857,0.0003,-1.2554518580436707,620,0.75392871722579,0.2,0.8890437483787537,0.008597262
0.043249023437500006,65536,16,64,0.8566543600000002,39,1.4723759765624993,1.5156249999999993,64.0,1660,-0.02071181041537784,0.4999997610226274,0.07578125,0.21183282136917114,0.0003,-1.2196808487176896,630,0.7599514450877904,0.2,0.8875327706336975,0.008221654
0.015250000000000001,66560,16,65,1.1883696600000002,40,2.625375,2.6406249999999996,64.0,1661,-0.025042322746594438,0.4999997302889825,0.1130859375,0.5702868700027466,0.0003,-1.1319720819592476,640,0.8714027050882578,0.2,0.863703191280365,0.009531414
0.05436328125000002,67584,16,66,1.1929388799999998,40,1.3612617187499991,1.4156249999999992,64.0,1662,-0.02917322830762714,0.49999967385083466,0.1267578125,0.227904811501503,0.0003,-1.173369462788105,650,0.5002962931990623,0.2,0.8435006141662598,0.010514002
0.0760830078125,68608,16,67,1.0338579199999998,41,-0.35733300781250155,-0.28125000000000144,64.0,1664,-0.024973401927854865,0.4999997632578017,0.07392578125,0.19600948691368103,0.0003,-1.1396631754934787,660,1.3831980731338263,0.2,0.8103287816047668,0.009022983
0.04490136718750001,69632,16,68,1.0537229099999998,41,0.5988486328124993,0.6437499999999994,64.0,1665,-0.02450281268102117,0.49999972060322745,0.0919921875,0.24983644485473633,0.0003,-1.090297931432724,670,0.6428939754143357,0.2,0.9308069944381714,0.009998986
0.05562207031250001,70656,16,69,0.9589648100000001,42,0.08500292968749956,0.14062499999999958,64.0,1667,-0.025598535139579326,0.49999968241900195,0.10478515625,0.16293179988861084,0.0003,-1.0722235567867755,680,0.44066744251176715,0.2,0.9379907250404358,0.01080324
0.031103515625000005,71680,16,70,1.1068824400000004,43,1.8938964843749988,1.924999999999999,64.0,1664,-0.02754507759527769,0.4999996844679118,0.122265625,0.153499037027359,0.0003,-1.104411069303751,690,0.45086979065090416,0.2,0.9440963864326477,0.012429613
0.062298828125000004,72704,16,71,0.7455041700000001,43,0.3189511718749982,0.3812499999999982,64.0,1658,-0.025091091805370523,0.49999974220991134,0.0892578125,0.36230581998825073,0.0003,-1.056379232928157,700,0.750890769995749,0.2,0.8585496544837952,0.009527376
0.04251171875000001,73728,16,72,0.60812419,44,1.2262382812499995,1.2687499999999994,64.0,1647,-0.026726941257948056,0.4999996418133378,0.10576171875,0.10422820597887039,0.0003,-0.9644736014306545,710,0.35597836608067157,0.2,0.9488013386726379,0.010084389
0.0509267578125,74752,16,73,0.83456279,45,0.8146982421874991,0.8656249999999991,64.0,1639,-0.021705796901369468,0.4999996729195119,0.1091796875,0.10199141502380371,0.0003,-0.9815170902758836,720,0.46272753830999136,0.2,0.9268600940704346,0.008937034
0.05144140625000001,75776,16,74,0.91081121,46,1.2641835937499986,1.3156249999999985,64.0,1630,-0.031018811103422195,0.49999962989240887,0.1271484375,0.07443173229694366,0.0003,-0.9734393302351236,730,0.29024698827415707,0.2,0.9528577327728271,0.013444312
0.030327148437500003,76800,16,75,1.18570242,47,1.847797851562499,1.8781249999999994,64.0,1619,-0.02964546764851548,0.49999961368739604,0.1330078125,0.07881743460893631,0.0003,-0.9107876863330603,740,0.2975300305522978,0.2,0.9543359875679016,0.014279103
0.05129003906250001,77824,16,76,1.25039884,48,1.7862099609374977,1.837499999999998,64.0,1608,-0.020228769487584942,0.4999996729195117,0.0876953125,0.2818455696105957,0.0003,-0.9265962980687619,750,0.5422383606433868,0.2,0.8940305113792419,0.009256871
0.03515625,78848,16,77,1.3291235299999997,49,1.3773437499999996,1.4124999999999996,64.0,1599,-0.022718907202943228,0.49999966584146016,0.08447265625,0.2700618505477905,0.0003,-0.862155593559146,760,0.5015744717791677,0.2,0.9307805299758911,0.008508167
0.014144531250000003,79872,16,78,1.6343800999999996,50,3.0014804687499996,3.015625,64.0,1596,-0.023993938037892803,0.499999669753015,0.110546875,0.28850317001342773,0.0003,-0.9056128893047571,770,0.5267645673826337,0.2,0.9032951593399048,0.01143118
0.04177636718750001,80896,16,79,1.7425841499999999,50,1.6332236328124996,1.6749999999999996,64.0,1591,-0.02524738809443079,0.49999970346689215,0.11337890625,0.29593876004219055,0.0003,-0.9843380585312843,780,0.8221554201096296,0.2,0.7238836884498596,0.011803067
0.03446972656250001,81920,16,80,1.8957677699999997,51,1.8717802734374986,1.9062499999999987,64.0,1592,-0.02387499194010161,0.49999963361769934,0.1015625,0.11613626778125763,0.0003,-0.8828307054936886,790,0.44895062781870365,0.2,0.9235733151435852,0.010387055
0.048503906250000006,82944,16,81,1.96375686,52,2.0889960937499983,2.1374999999999984,64.0,1590,-0.021322867498383857,0.4999996930360796,0.08017578125,0.22933520376682281,0.0003,-0.8711598843336106,800,0.4634854644536972,0.2,0.9245913028717041,0.008593513
0.04519042968750001,83968,16,82,1.9621807699999996,52,2.1610595703124993,2.206249999999999,64.0,1591,-0.01772682058508508,0.4999996719881894,0.07021484375,0.20432960987091064,0.0003,-0.8170592177659273,810,0.4546530439518392,0.2,0.9390378594398499,0.0085021965
0.023632812500000003,84992,16,83,2.20814389,53,2.2263671874999993,2.249999999999999,64.0,1589,-0.023252371052512898,0.499999687448144,0.09697265625,0.22118201851844788,0.0003,-0.8218993753194809,820,0.6660572020336986,0.2,0.9001010656356812,0.009074651
0.05591601562500001,86016,16,84,1.9867560700000002,54,1.4253339843749993,1.4812499999999993,64.0,1590,-0.025989857089007272,0.4999996319413187,0.109375,0.15865609049797058,0.0003,-0.8726818412542343,830,0.40242393389344217,0.2,0.8854058980941772,0.0098437015
0.05795703125000001,87040,16,85,1.8326729599999996,54,1.385792968749998,1.4437499999999979,64.0,1593,-0.0242841889266856,0.4999995933845639,0.09033203125,0.16963118314743042,0.0003,-0.7933716788887978,840,0.36106697730720044,0.2,0.9517996311187744,0.009182905
0.037235351562500005,88064,16,86,1.9710513899999997,55,2.453389648437499,2.4906249999999988,64.0,1595,-0.020754026132635772,0.49999958965927327,0.08583984375,0.11634080111980438,0.0003,-0.8013001285493374,850,0.3884135804139078,0.2,0.947928249835968,0.007971777
0.03301269531250001,89088,16,87,1.90698466,55,1.7169873046874984,1.7499999999999984,64.0,1596,-0.02215887063066475,0.49999960847198965,0.0869140625,0.1387101411819458,0.0003,-0.8386042021214962,860,0.38172477576881647,0.2,0.9192793965339661,0.009434806
0.025124023437500004,90112,16,88,1.88588841,56,1.8967509765624988,1.9218749999999991,64.0,1598,-0.022708560404134916,0.4999996595084668,0.09072265625,0.3698316514492035,0.0003,-0.8253289796411991,870,0.5782462410628796,0.2,0.8963682055473328,0.009149249
0.03248828125,91136,16,89,1.90256137,56,2.3518867187499994,2.384374999999999,64.0,1600,-0.027240391226951034,0.4999996475875375,0.12802734375,0.15289945900440216,0.0003,-0.85296079069376,880,0.512062718719244,0.2,0.9014946222305298,0.0104952715
0.038560546875,92160,16,90,1.93206059,57,2.267689453124999,2.3062499999999995,64.0,1600,-0.0234868685452966,0.4999996716156603,0.09541015625,0.19863617420196533,0.0003,-0.835698752477765,890,0.575708475150168,0.2,0.8964881300926208,0.011131786
0.060519531249999994,93184,16,91,1.98781385,58,1.351980468749999,1.412499999999999,64.0,1599,-0.01925825016296585,0.49999962095171213,0.07265625,0.16856294870376587,0.0003,-0.803242265060544,900,0.4929256479255855,0.2,0.9063255786895752,0.0075884103
0.05853515625000001,94208,16,92,1.7899636799999998,58,0.9289648437499987,0.9874999999999987,64.0,1599,-0.019842470149160362,0.4999996231868864,0.0759765625,0.08768396079540253,0.0003,-0.7382858023047447,910,0.3913606394082308,0.2,0.9385756850242615,0.0076922993
0.047569335937500005,95232,16,93,1.8436627599999997,59,2.346180664062499,2.393749999999999,64.0,1599,-0.02153016531956382,0.4999995397403835,0.08759765625,0.05377824604511261,0.0003,-0.7530973277986049,920,0.2937909786589444,0.2,0.9629275798797607,0.009763839
0.03882128906250001,96256,16,94,1.8527516700000002,60,1.917428710937498,1.956249999999998,64.0,1599,-0.022975686128484087,0.49999959338456385,0.11015625,0.1504550576210022,0.0003,-0.7544583402574062,930,0.4025641279295087,0.2,0.9295290112495422,0.010745456
0.0217802734375,97280,16,95,1.9400177599999995,60,2.4282197265624994,2.4499999999999997,64.0,1599,-0.03177554278227035,0.4999995870515702,0.134765625,0.06186281144618988,0.0003,-0.798616286739707,940,0.3973579387180507,0.2,0.9293397665023804,0.015702501
0.020635742187500007,98304,16,96,1.86029261,61,2.3043642578124994,2.3249999999999993,64.0,1597,-0.022211635860730893,0.4999996164813636,0.09755859375,0.297464519739151,0.0003,-0.8125060848891735,950,0.5227061407640576,0.2,0.8408936262130737,0.012301499
0.055473632812500014,99328,16,97,1.84321778,62,1.3539013671874989,1.409374999999999,64.0,1591,-0.02385598174878396,0.49999960456043496,0.10185546875,0.11357273906469345,0.0003,-0.7745823509991169,960,0.4253641770221293,0.2,0.8611279726028442,0.009801067
0.05066796875,100352,16,98,2.0344353,63,1.983707031249999,2.034374999999999,64.0,1587,-0.02284888004651293,0.4999996140599251,0.115625,0.16515737771987915,0.0003,-0.7055168800055981,970,0.4141831529326737,0.2,0.9402898550033569,0.01283523
0.0452998046875,101376,16,99,1.9123354399999997,64,1.3797001953124992,1.4249999999999992,64.0,1582,-0.02336181314312853,0.4999996157363057,0.085546875,0.10593599081039429,0.0003,-0.7054751954972744,980,0.42726695258170366,0.2,0.9455441236495972,0.0073967446
0.04879785156250001,102400,16,100,1.8916806,64,1.816827148437498,1.865624999999998,64.0,1580,-0.02181618527683895,0.49999959729611904,0.0890625,0.11540605127811432,0.0003,-0.6516453828662634,990,0.29652741448953746,0.2,0.9415223002433777,0.010558477
0.037628906250000003,103424,16,101,1.8456292100000002,65,2.1904960937499984,2.2281249999999986,64.0,1582,-0.022538573492784052,0.49999957755208047,0.08974609375,0.10478927195072174,0.0003,-0.6521883990615607,1000,0.32956242142245173,0.2,0.9469441771507263,0.009653866
0.03625781250000001,104448,16,102,1.7718213900000004,66,1.8481171874999982,1.8843749999999981,64.0,1581,-0.019789481910993344,0.49999960567802193,0.0912109375,0.11295674741268158,0.0003,-0.6961921408772469,1010,0.4807006161659956,0.2,0.9191221594810486,0.008872823
0.0336298828125,105472,16,103,1.9801429700000002,66,2.7632451171874983,2.796874999999999,64.0,1581,-0.019658753654221074,0.49999965373426675,0.0763671875,0.17330105602741241,0.0003,-0.7010714143514634,1020,0.5518840122967958,0.2,0.9003515839576721,0.008080642
0.063470703125,106496,16,104,1.9548253,67,1.9334042968749992,1.9968749999999993,64.0,1582,-0.017532804812071846,0.49999962598085423,0.08017578125,0.27428507804870605,0.0003,-0.6937943812459707,1030,0.5149959806352854,0.2,0.8862558007240295,0.009141248
0.041877929687499996,107520,16,105,1.9951244,67,1.5424970703124992,1.5843749999999992,64.0,1584,-0.018640817899722606,0.49999959412962197,0.073828125,0.1566924750804901,0.0003,-0.593215923011303,1040,0.4401006443426013,0.2,0.9192739129066467,0.008263674
0.032774414062500014,108544,16,106,1.9425948599999998,68,1.5984755859374988,1.6312499999999988,64.0,1585,-0.016181750831310637,0.49999959394335763,0.0765625,0.23474985361099243,0.0003,-0.6177989359945059,1050,0.3694663839414716,0.2,0.93741375207901,0.007476257
0.023328125000000005,109568,16,107,2.01225451,69,2.4829218749999997,2.5062499999999996,64.0,1585,-0.019838941737543792,0.4999995542690159,0.0796875,0.06725877523422241,0.0003,-0.6540244579315185,1060,0.28039794797077777,0.2,0.938663899898529,0.008877862
0.027103515625000005,110592,16,108,1.9536476500000004,69,1.1728964843749992,1.1999999999999993,64.0,1585,-0.020492186991032214,0.49999960623681544,0.08662109375,0.1247238963842392,0.0003,-0.6660819981247187,1070,0.3814185593277216,0.2,0.9194914698600769,0.008853791
0.03355859375000001,111616,16,109,1.7058923400000003,70,1.541441406249999,1.574999999999999,64.0,1585,-0.022826178660034203,0.4999995639547706,0.08798828125,0.08588991314172745,0.0003,-0.6733361590653658,1080,0.31506318002939226,0.2,0.9275333285331726,0.011691043
0.028425781250000007,112640,16,110,1.81450764,70,2.0090742187499995,2.0374999999999996,64.0,1587,-0.02140672364621423,0.49999960549175726,0.0912109375,0.15697884559631348,0.0003,-0.6431074492633343,1090,0.3864457538351417,0.2,0.9216648936271667,0.008686561
0.0540673828125,113664,16,111,1.83623839,71,2.5115576171874996,2.565625,64.0,1588,-0.017828046792419627,0.4999995904043317,0.06650390625,0.1464100182056427,0.0003,-0.6401437941938639,1100,0.40243950271978973,0.2,0.8929386734962463,0.009435072
0.07426367187500002,114688,16,112,1.8626971499999998,72,1.3038613281249969,1.3781249999999967,64.0,1589,-0.018571767484536393,0.4999995831400156,0.06953125,0.07043902575969696,0.0003,-0.5605782207101584,1110,0.3333894833922386,0.2,0.9348925948143005,0.0076634553
0.03602734375000001,115712,16,113,1.9087266799999998,72,2.763972656249999,2.799999999999999,64.0,1588,-0.017104609281523152,0.49999966602772494,0.06640625,0.24545398354530334,0.0003,-0.5069133337587118,1120,0.6505151443183422,0.2,0.9243136644363403,0.005431395
0.04914257812500001,116736,16,114,1.9860429199999998,73,1.8789824218749986,1.928124999999999,64.0,1588,-0.016126602879376152,0.4999995950609446,0.07919921875,0.15454640984535217,0.0003,-0.5800018632784486,1130,0.35952182551845907,0.2,0.9303247928619385,0.010122515
0.021592773437500004,117760,16,115,2.0610336699999996,74,2.3377822265624992,2.3593749999999996,64.0,1587,-0.022688201116397976,0.49999955426901593,0.098828125,0.1941090077161789,0.0003,-0.5560971178114414,1140,0.31701281704008577,0.2,0.9577296376228333,0.010352166
0.057359375000000004,118784,16,116,2.1483963399999997,74,2.1613906249999992,2.218749999999999,64.0,1588,-0.018745172281342093,0.49999957233667347,0.08759765625,0.20407803356647491,0.0003,-0.6194839831441641,1150,0.41271561235189436,0.2,0.8846388459205627,0.010668752
0.0395849609375,119808,16,117,2.1319389600000003,75,2.329165039062499,2.3687499999999986,64.0,1589,-0.015161801394424402,0.4999995326623322,0.0568359375,0.14156286418437958,0.0003,-0.5423106510192156,1160,0.2941737348213792,0.2,0.9516782164573669,0.0069728284
0.030752929687500007,120832,16,118,2.26208866,75,2.2911220703125004,2.3218750000000004,64.0,1590,-0.01824944235268049,0.49999949838966107,0.083984375,0.0823889896273613,0.0003,-0.5667969988659024,1170,0.2426189945079386,0.2,0.9435442686080933,0.010258334
0.04877441406250001,121856,16,119,2.19092399,76,2.251225585937498,2.299999999999998,64.0,1589,-0.020584920211695133,0.4999995516613125,0.0958984375,0.11406216770410538,0.0003,-0.5744769217446446,1180,0.3191285842098296,0.2,0.9243960380554199,0.013111644
0.043371093750000006,122880,16,120,2.23601961,77,2.409753906249998,2.453124999999998,64.0,1588,-0.021557711067725905,0.49999955147504815,0.07373046875,0.07780784368515015,0.0003,-0.48088972326368096,1190,0.3233154499903321,0.2,0.9481900930404663,0.008233087
0.026719726562500004,123904,16,121,2.21254744,77,1.7951552734374991,1.8218749999999992,64.0,1589,-0.021760826349054695,0.4999996030703186,0.08876953125,0.18282613158226013,0.0003,-0.48866832107305525,1200,0.49316331632435323,0.2,0.905070424079895,0.010187672
0.03936914062500001,124928,16,122,2.36380729,78,2.9481308593749995,2.9875,64.0,1590,-0.018247433728538452,0.4999996174126866,0.0892578125,0.11101369559764862,0.0003,-0.5346242882311344,1210,0.3813005187548697,0.2,0.916972815990448,0.010841586
0.0324228515625,125952,16,123,2.40248748,79,2.8207021484374986,2.8531249999999986,64.0,1591,-0.018282718458794988,0.4999996401369572,0.095703125,0.15576794743537903,0.0003,-0.47041508071124555,1220,0.4696575229987502,0.2,0.9237971901893616,0.00967971
0.059814453125,126976,16,124,2.3975188700000003,79,2.0026855468749982,2.0624999999999982,64.0,1593,-0.016607244365150108,0.4999996276572346,0.0865234375,0.16500666737556458,0.0003,-0.46851933021098374,1230,0.5571667222306133,0.2,0.8973632454872131,0.009408331
0.04834277343750001,128000,16,125,2.3380030799999996,80,1.9891572265624986,2.0374999999999983,64.0,1594,-0.01548272924264893,0.49999951031059015,0.0705078125,0.06435894221067429,0.0003,-0.4352915769442916,1240,0.3011562923900783,0.2,0.9550896286964417,0.008267683
0.035210937500000004,129024,16,126,2.2996409099999995,80,2.4647890624999986,2.4999999999999987,64.0,1595,-0.015195304190274327,0.49999957829713815,0.063671875,0.11681581288576126,0.0003,-0.4760404830798507,1250,0.3607993179932237,0.2,0.9456753730773926,0.006449123
0.07727246093750001,130048,16,127,2.3518923099999998,81,1.991477539062496,2.068749999999996,64.0,1595,-0.015629160433309152,0.49999958556145435,0.078515625,0.25137633085250854,0.0003,-0.5203306602314115,1260,0.4448224646039307,0.2,0.9244920611381531,0.010652712
0.03877636718750001,131072,16,128,2.24885074,82,2.367473632812499,2.406249999999999,64.0,1596,-0.014823407100629992,0.4999996135011316,0.0615234375,0.19657091796398163,0.0003,-0.4015041133388877,1270,0.5000696884468198,0.2,0.9527244567871094,0.00627641
0.03217871093750001,132096,16,129,2.3301251300000003,82,3.0178212890624985,3.049999999999999,64.0,1596,-0.01552762245410122,0.49999955575913196,0.062109375,0.14024366438388824,0.0003,-0.433728675916791,1280,0.37700335690751674,0.2,0.9091252088546753,0.008631159
0.08310546875000001,133120,16,130,2.15627652,83,1.248144531249998,1.331249999999998,64.0,1596,-0.014877141697797924,0.49999968130141487,0.0580078125,0.20899561047554016,0.0003,-0.4618983229622245,1290,0.7899331543594599,0.2,0.8469499945640564,0.0070598884
0.04477343750000001,134144,16,131,2.11617199,83,2.0083515624999992,2.053124999999999,64.0,1598,-0.014779084478504956,0.4999995686113832,0.0453125,0.08636172860860825,0.0003,-0.3540751369670033,1300,0.2821721056476235,0.2,0.9651291966438293,0.0052784197
0.0325966796875,135168,16,132,2.10059684,84,2.0455283203124996,2.0781249999999996,64.0,1597,-0.016657465416938067,0.4999996356666088,0.072265625,0.12311303615570068,0.0003,-0.4452016528695822,1310,0.4142971344292164,0.2,0.9391650557518005,0.0074704704
0.0485166015625,136192,16,133,2.1348470099999997,85,2.3733583984374977,2.421874999999998,64.0,1598,-0.017801334310206585,0.4999995980411769,0.1060546875,0.16909156739711761,0.0003,-0.471988295763731,1320,0.40621259734034537,0.2,0.9202783107757568,0.016135653
0.04170605468750001,137216,16,134,2.31010933,85,3.3114189453124983,3.353124999999998,64.0,1598,-0.015077643617405555,0.4999995810911062,0.07041015625,0.15948107838630676,0.0003,-0.3916857587173581,1330,0.35342735862359403,0.2,0.955670952796936,0.0073629334
0.020166015625000002,138240,16,135,2.25721239,86,2.4610839843749996,2.48125,64.0,1597,-0.01204151432029903,0.4999995354563,0.05576171875,0.08994003385305405,0.0003,-0.417767645791173,1340,0.3333448144607246,0.2,0.9094380736351013,0.007643642
0.03514941406250001,139264,16,136,2.3575355100000004,87,2.349225585937498,2.384374999999998,64.0,1598,-0.017020013491855935,0.499999561533332,0.0951171875,0.1083579882979393,0.0003,-0.5110702715814114,1350,0.4004892005585134,0.2,0.8802120685577393,0.009154543
0.06952343750000001,140288,16,137,2.46926835,87,2.227351562499999,2.296874999999999,64.0,1598,-0.015644764323951676,0.49983631577342774,0.07080078125,0.09642362594604492,0.0003,-0.4083558363839984,1360,0.2944785983301699,0.2,0.9444617629051208,0.006905537
0.04792285156250001,141312,16,138,2.47732038,88,2.073952148437499,2.121874999999999,64.0,1599,-0.013637876047869212,0.49873859360814105,0.066015625,0.08428773283958435,0.0003,-0.3940182926133275,1370,0.2779585912823677,0.2,0.9505256414413452,0.0072646746
0.0612451171875,142336,16,139,2.3364761400000003,88,1.651254882812498,1.7124999999999977,64.0,1599,-0.012662895148969256,0.4994790526106955,0.06181640625,0.11060836911201477,0.0003,-0.4058127965778112,1380,0.30846889978274705,0.2,0.9406052827835083,0.0077181635
0.0319912109375,143360,16,140,2.35865771,89,3.096133789062499,3.128124999999999,64.0,1598,-0.013947568519506603,0.49999961350113137,0.06259765625,0.19914737343788147,0.0003,-0.3975716345012188,1390,0.4558523306623101,0.2,0.936606228351593,0.0069160685
0.064171875,144384,16,141,2.36375883,90,2.5045781249999974,2.5687499999999974,64.0,1596,-0.014045400061877444,0.49999957978725434,0.06455078125,0.12816031277179718,0.0003,-0.42740006279200315,1400,0.4267765425145626,0.2,0.9109888672828674,0.007462108
0.018590820312500006,145408,16,142,2.4619458699999996,91,3.2439091796874995,3.2624999999999993,64.0,1596,-0.014103645569412038,0.4999995822086931,0.05498046875,0.17912569642066956,0.0003,-0.41598679181188347,1410,0.4262215978465974,0.2,0.9448565244674683,0.0052726464
0.031647460937500003,146432,16,143,2.5664208600000005,91,2.8996025390624984,2.931249999999998,64.0,1595,-0.018925505824154244,0.49999957121908695,0.08984375,0.13830141723155975,0.0003,-0.5112252656370402,1420,0.4119484147056937,0.2,0.8930594325065613,0.010435057
0.039509765625000005,147456,16,144,2.6028303999999998,92,2.610490234374999,2.649999999999999,64.0,1595,-0.01780066124338191,0.4999995242804286,0.08818359375,0.11227366328239441,0.0003,-0.484530571103096,1430,0.2987459201365709,0.2,0.9470912218093872,0.011276698
0.0495400390625,148480,16,145,2.70917102,93,2.322334960937498,2.3718749999999984,64.0,1595,-0.016163915547076614,0.4999995596706868,0.07763671875,0.2300957441329956,0.0003,-0.4735952103510499,1440,0.4228439311496913,0.2,0.9316163659095764,0.008445908
0.03918457031250001,149504,16,146,2.5465568100000002,93,1.9670654296874983,2.0062499999999988,64.0,1597,-0.017430654366035015,0.4999995807185771,0.0796875,0.22934205830097198,0.0003,-0.4014717280864716,1450,0.4280158204957843,0.2,0.9470126032829285,0.009889948
0.04440917968750001,150528,16,147,2.7112071500000003,94,2.714965820312497,2.759374999999997,64.0,1598,-0.018935152972699144,0.49963874891400356,0.08994140625,0.0987052172422409,0.0003,-0.38768550399690865,1460,0.23812424847856165,0.2,0.9593312740325928,0.009618849
0.060935546875,151552,16,148,2.50631515,94,2.4046894531249974,2.4656249999999975,64.0,1599,-0.013901533433818258,0.4999995667487383,0.07265625,0.1759318858385086,0.0003,-0.3983510699123144,1470,0.42072512209415436,0.2,0.9383189678192139,0.0070805373
0.0277822265625,152576,16,149,2.47337045,95,2.6440927734374986,2.6718749999999982,64.0,1600,-0.009946769447560655,0.4999995455145835,0.04599609375,0.16281883418560028,0.0003,-0.32309037130326035,1480,0.41005471963435414,0.2,0.9236582517623901,0.005146804
0.03382324218750001,153600,16,150,2.49683874,95,3.1318017578124993,3.165624999999999,64.0,1601,-0.017291611587279477,0.4999995168298481,0.0791015625,0.10583178699016571,0.0003,-0.4218091983348131,1490,0.34869540063664317,0.2,0.9169338345527649,0.010143569
0.05608593750000001,154624,16,151,2.52457703,96,2.343914062499998,2.3999999999999977,64.0,1602,-0.01165011381963268,0.4999996080994607,0.06572265625,0.1503724902868271,0.0003,-0.369709262624383,1500,0.5479303250089288,0.2,0.8778036832809448,0.0076740347
0.03577343750000002,155648,16,152,2.50505733,97,2.301726562499999,2.3374999999999995,64.0,1603,-0.011139987051137723,0.4999995682388545,0.056640625,0.146527498960495,0.0003,-0.35666781896725297,1510,0.4013633265160024,0.2,0.9475641250610352,0.0058141327
0.06761035156250002,156672,16,153,2.58105999,97,2.7511396484374973,2.8187499999999974,64.0,1604,-0.01213970257085748,0.4993890848010782,0.06279296875,0.12692244350910187,0.0003,-0.3834561353549361,1520,0.33743690168485047,0.2,0.9348069429397583,0.008600465
0.054649414062500005,157696,16,154,2.6397223000000003,98,2.7516005859374992,2.8062499999999995,64.0,1605,-0.013447486856603064,0.4999996619299055,0.051171875,0.3265020251274109,0.0003,-0.35974412178620696,1530,0.6206537112593651,0.2,0.9279926419258118,0.0072930334
0.0433984375,158720,16,155,2.6531040299999997,98,2.6816015624999987,2.7249999999999988,64.0,1607,-0.01618835430708714,0.4999995641410351,0.07001953125,0.09846019744873047,0.0003,-0.33904676539823414,1540,0.39515325203537943,0.2,0.9415194392204285,0.007874766
0.038729492187500006,159744,16,156,2.5656469899999994,99,2.7768955078124993,2.815624999999999,64.0,1606,-0.01401227152091451,0.4999996330589056,0.063671875,0.22173547744750977,0.0003,-0.3700534820556641,1550,0.5279461739584803,0.2,0.9242956042289734,0.008804641
0.042640625,160768,16,157,2.64784009,100,2.526109374999999,2.5687499999999988,64.0,1607,-0.014346637926064432,0.4999995719641446,0.062890625,0.17214424908161163,0.0003,-0.3585702982731164,1560,0.4149193692952394,0.2,0.9340860843658447,0.007966243
0.03590527343750001,161792,16,158,2.62928259,100,2.579719726562499,2.6156249999999988,64.0,1607,-0.014678327523870393,0.4999995922669767,0.0765625,0.26302284002304077,0.0003,-0.33784923143684864,1570,0.4658432933501899,0.2,0.9408912658691406,0.008061807
0.0584345703125,162816,16,159,2.5923852400000005,101,2.2134404296874983,2.2718749999999988,64.0,1608,-0.014360894309356808,0.49999961350113153,0.0693359375,0.2037651538848877,0.0003,-0.335015757009387,1580,0.5153993808664381,0.2,0.8882207870483398,0.011056366
0.06968164062500001,163840,16,160,2.5816688400000003,101,2.4178183593749973,2.487499999999997,64.0,1610,-0.013403913160436787,0.49999966770410537,0.059375,0.372222363948822,0.0003,-0.32341373795643447,1590,0.8133734116330743,0.2,0.8955622315406799,0.005770197
0.043356445312500005,164864,16,161,2.3974033500000003,102,2.178518554687498,2.2218749999999976,64.0,1611,-0.01414366570825223,0.4999995045363903,0.05107421875,0.13303162157535553,0.0003,-0.29846424320712683,1600,0.31596789220348,0.2,0.9585090279579163,0.00797795
0.03598632812500001,165888,16,162,2.45597367,102,2.6765136718749987,2.712499999999999,64.0,1612,-0.016770970742800272,0.49999955967068693,0.080078125,0.1328757107257843,0.0003,-0.34579431228339674,1610,0.37339448276907206,0.2,0.9508256316184998,0.011386365
0.03685058593750001,166912,16,163,2.39612633,103,2.1975244140624985,2.234374999999999,64.0,1613,-0.015593384907697327,0.4999995319172741,0.07275390625,0.12987521290779114,0.0003,-0.3567111998796463,1620,0.2807447209954262,0.2,0.9428535103797913,0.008117959
0.042066406250000014,167936,16,164,2.4293763599999996,104,3.2141835937499996,3.2562499999999996,64.0,1612,-0.012824117610580287,0.49999950211495153,0.0765625,0.12577086687088013,0.0003,-0.3740026669576764,1630,0.35865280060097576,0.2,0.9170904755592346,0.007906926
0.06494628906250001,168960,16,165,2.44198106,104,1.969428710937498,2.034374999999998,64.0,1613,-0.013661159327602946,0.49999959636479596,0.06962890625,0.14866109192371368,0.0003,-0.3242732794955373,1640,0.5476801947690546,0.2,0.874435544013977,0.00837981
0.040620117187500006,169984,16,166,2.5300815300000004,105,3.1031298828124987,3.143749999999999,64.0,1614,-0.007690163899678737,0.4999995209276678,0.0412109375,0.08856998383998871,0.0003,-0.27499331180006265,1650,0.2875312604941428,0.2,0.9569976329803467,0.0043793945
0.05107031250000001,171008,16,167,2.6708699700000005,105,2.620804687499999,2.6718749999999987,64.0,1615,-0.011816179606830702,0.49999961033463486,0.062109375,0.25503063201904297,0.0003,-0.31239286148920653,1660,0.576752282306552,0.2,0.9178474545478821,0.0065071834
0.027778320312500007,172032,16,168,2.6156206299999996,106,2.6097216796874996,2.6374999999999993,64.0,1616,-0.013318880536826328,0.49999957717955096,0.07373046875,0.17990539968013763,0.0003,-0.3310298786498606,1670,0.4144877094775438,0.2,0.9423595070838928,0.010067536
0.0408759765625,173056,16,169,2.49455969,107,1.4309990234374985,1.4718749999999983,64.0,1616,-0.012175829557236284,0.49999964982271167,0.05634765625,0.4216998815536499,0.0003,-0.3222207979299128,1680,0.718640829436481,0.2,0.8485164642333984,0.0068630143
0.06070996093750001,174080,16,170,2.35082387,107,2.4486650390624978,2.5093749999999977,64.0,1617,-0.01247086024377495,0.4999995809048416,0.05830078125,0.18485644459724426,0.0003,-0.32996141258627176,1690,0.38748443610966204,0.2,0.9325453042984009,0.008519907
0.03408886718750001,175104,16,171,2.6051361600000003,108,3.269036132812499,3.303124999999999,64.0,1617,-0.013538873486686498,0.49999957587569943,0.05986328125,0.15535125136375427,0.0003,-0.2634442087262869,1700,0.39294931618496776,0.2,0.9566949009895325,0.008840032
0.04065429687500001,176128,16,172,2.6463108200000005,108,3.1687207031249978,3.209374999999998,64.0,1617,-0.01265324741252698,0.49984076768159874,0.0583984375,0.28544190526008606,0.0003,-0.26445950074121355,1710,0.4084059837274253,0.2,0.9250826239585876,0.006959314
0.029299804687500007,177152,16,173,2.6349591000000006,109,2.964450195312499,2.993749999999999,64.0,1617,-0.014570114802336321,0.4999995253980159,0.0708984375,0.14180795848369598,0.0003,-0.27438361318781973,1720,0.36487425267696383,0.2,0.9322873950004578,0.0151454685
0.044936523437500014,178176,16,174,2.5669345599999995,110,2.1831884765624983,2.2281249999999986,64.0,1617,-0.009638814470963552,0.499999524280429,0.04873046875,0.16277572512626648,0.0003,-0.29478721180930734,1730,0.3188456381671131,0.2,0.9379492998123169,0.0056201946
0.03950976562500001,179200,16,175,2.7549270600000004,110,3.1917402343749988,3.231249999999999,64.0,1618,-0.01009350267413538,0.4999995607882736,0.0599609375,0.14180219173431396,0.0003,-0.2636448306031525,1740,0.3228705795481801,0.2,0.9563753604888916,0.0064433943
0.0452265625,180224,16,176,3.02405205,111,3.4485234374999982,3.4937499999999986,64.0,1620,-0.011184420608333311,0.49999959506094455,0.0603515625,0.18554306030273438,0.0003,-0.25180208226665857,1750,0.5902057057246566,0.2,0.9072014093399048,0.0072837523
0.054397460937499996,181248,16,177,3.0586870900000003,111,3.2831025390625,3.3374999999999995,64.0,1622,-0.011258832394378259,0.4999995904043317,0.05439453125,0.15770748257637024,0.0003,-0.2847796968184412,1760,0.4197928229346871,0.2,0.9230682253837585,0.0047750156
0.0523388671875,182272,16,178,2.8502453899999995,112,1.6757861328124977,1.7281249999999977,64.0,1621,-0.009278036549221724,0.49999955352395764,0.04306640625,0.19468766450881958,0.0003,-0.24835166446864604,1770,0.4261583761312068,0.2,0.9345535039901733,0.0047432217
0.05185351562500001,183296,16,179,2.7853916599999997,113,2.6731464843749984,2.7249999999999983,64.0,1621,-0.011773084755986929,0.4997124645859002,0.05224609375,0.08131307363510132,0.0003,-0.28902187654748557,1780,0.3039195346646011,0.2,0.9560732245445251,0.006886998
0.027733398437500008,184320,16,180,2.81543056,113,2.872266601562499,2.8999999999999995,64.0,1620,-0.013320330492570065,0.4999995402991773,0.05625,0.15715347230434418,0.0003,-0.28763052690774205,1790,0.43053362872451545,0.2,0.9459416270256042,0.0071657817
0.061076171875,185344,16,181,2.76760806,114,2.188923828124998,2.2499999999999973,64.0,1622,-0.015265550676849671,0.4999996215105059,0.08408203125,0.16091038286685944,0.0003,-0.34353783950209615,1800,0.4356934893876314,0.2,0.8933112621307373,0.012290307
0.04260644531250001,186368,16,182,2.63802682,114,2.9542685546874994,2.9968749999999993,64.0,1622,-0.013767063271370717,0.4999995922669768,0.0546875,0.15370726585388184,0.0003,-0.3140339906327426,1810,0.3830861116759479,0.2,0.9595589637756348,0.0070381323
0.06517285156250001,187392,16,183,2.5802710599999994,115,2.772327148437498,2.8374999999999977,64.0,1623,-0.013630092728999444,0.4999995959922673,0.05615234375,0.22138574719429016,0.0003,-0.3319433406926692,1820,0.3946797915734351,0.2,0.946531355381012,0.0073573757
0.0319677734375,188416,16,184,2.71970638,116,3.1555322265624994,3.187499999999999,64.0,1622,-0.010197555151535198,0.4999995689839124,0.054296875,0.11510458588600159,0.0003,-0.26964007671922446,1830,0.4035836149007082,0.2,0.9480141997337341,0.0065424647
0.061234375000000014,189440,16,185,2.60027606,116,2.063765624999998,2.1249999999999982,64.0,1623,-0.011307953658979386,0.4999996408820153,0.0646484375,0.23776037991046906,0.0003,-0.34172419682145116,1840,0.597284834831953,0.2,0.8872472643852234,0.007308487
0.036888671875,190464,16,186,2.72670796,117,2.866236328124999,2.9031249999999993,64.0,1623,-0.012913439603289589,0.499999609403312,0.0486328125,0.20479078590869904,0.0003,-0.3240730190649629,1850,0.43154835952445864,0.2,0.9589016437530518,0.004763332
0.0405302734375,191488,16,187,2.810056549999999,117,3.040719726562499,3.0812499999999985,64.0,1625,-0.015284389810403809,0.4999996159225701,0.07490234375,0.15997792780399323,0.0003,-0.34308207435533405,1860,0.4960345091298223,0.2,0.9257003664970398,0.007116819
0.039684570312500014,192512,16,188,2.7840832800000004,118,2.619690429687499,2.659374999999999,64.0,1624,-0.014678826794261112,0.499999638646841,0.06474609375,0.24879337847232819,0.0003,-0.3523118648678064,1870,0.5464251189492643,0.2,0.9152451157569885,0.0068561365
0.08167871093750001,193536,16,189,2.64593907,119,2.3464462890624986,2.4281249999999983,64.0,1624,-0.017508318304317073,0.49999962579458934,0.074609375,0.16286301612854004,0.0003,-0.3972344884648919,1880,0.43757463060319424,0.2,0.9067045450210571,0.009460568
0.021524414062500007,194560,16,190,2.6576359499999995,119,3.1347255859374994,3.156249999999999,64.0,1625,-0.012306983387679793,0.4999996019527316,0.05048828125,0.1843520998954773,0.0003,-0.2992724190466106,1890,0.5088306445628404,0.2,0.9543334245681763,0.004983968
0.04684179687500001,195584,16,191,2.78966421,120,2.8719082031249985,2.9187499999999984,64.0,1624,-0.012485534575534984,0.4999996731057762,0.0732421875,0.3046894073486328,0.0003,-0.3936394214630127,1900,0.7854024739935994,0.2,0.7530398964881897,0.013071278
0.04350781250000001,196608,16,192,2.70870107,120,2.278367187499999,2.3218749999999986,64.0,1626,-0.015657950562308544,0.4999995565041898,0.07001953125,0.15025418996810913,0.0003,-0.3136185400187969,1910,0.35697326371446253,0.2,0.9441841840744019,0.008696242
0.0472109375,197632,16,193,2.7409378,121,3.0027890624999984,3.049999999999999,64.0,1625,-0.011863942886702717,0.4994859620928764,0.0537109375,0.1078251451253891,0.0003,-0.27171865589916705,1920,0.3483167260885239,0.2,0.9391170144081116,0.007942107
0.04464941406250002,198656,16,194,2.85768108,122,3.4241005859374996,3.4687499999999996,64.0,1626,-0.016165262184222227,0.49999951682984833,0.06962890625,0.16590765118598938,0.0003,-0.32498245742172005,1930,0.3750040724873543,0.2,0.9493539929389954,0.009041017
0.03935742187500001,199680,16,195,2.8481946700000003,122,2.804392578124999,2.843749999999999,64.0,1627,-0.01245379454921931,0.4999995311722161,0.05732421875,0.17059871554374695,0.0003,-0.2855402925051749,1940,0.36037724241614344,0.2,0.9382084012031555,0.0074541094
0.019713867187500005,200704,16,196,2.92133323,123,2.9427861328124996,2.9625,64.0,1628,-0.012032102156081238,0.49999955147504815,0.06328125,0.1325298696756363,0.0003,-0.2856940451078117,1950,0.49866633508354424,0.2,0.8929739594459534,0.0057478254
0.046146484375000005,201728,16,197,2.8246299699999997,123,2.3444785156249988,2.3906249999999987,64.0,1628,-0.01570548734816839,0.4999995369464159,0.073046875,0.1880611628293991,0.0003,-0.3192007292062044,1960,0.47103640493005516,0.2,0.843073844909668,0.010551261
0.0451201171875,202752,16,198,2.8572768499999994,124,2.7392548828124985,2.784374999999998,64.0,1627,-0.012457936099963263,0.4999995661899448,0.06064453125,0.1628522127866745,0.0003,-0.3115309906192124,1970,0.43158174827694895,0.2,0.934121310710907,0.005791962
0.038440429687500006,203776,16,199,2.7876866900000006,125,2.3021845703124986,2.3406249999999984,64.0,1627,-0.00910604115924798,0.49999962765723477,0.0439453125,0.2979925572872162,0.0003,-0.2759172284975648,1980,0.653002250380814,0.2,0.9079720973968506,0.0045587905
0.065552734375,204800,16,200,2.61559309,125,2.512572265624999,2.5781249999999987,64.0,1627,-0.01371002903324552,0.4998098021373152,0.08232421875,0.13888543844223022,0.0003,-0.32665060395374895,1990,0.37152214609086515,0.2,0.9436576962471008,0.012596193
0.028355468750000005,205824,16,201,2.7396090099999997,126,3.31539453125,3.34375,64.0,1629,-0.012639671191573143,0.49999963007867315,0.0599609375,0.19846183061599731,0.0003,-0.30610701348632574,2000,0.5632279573008419,0.2,0.9320603013038635,0.0068144333
0.0422890625,206848,16,202,2.62372183,126,2.3702109374999982,2.4124999999999983,64.0,1629,-0.012960199546068907,0.49999963901936995,0.048046875,0.26393914222717285,0.0003,-0.32161439266055825,2010,0.6597158988937736,0.2,0.8561476469039917,0.0057533327
0.050447265625,207872,16,203,2.62364591,127,2.365177734375,2.4156249999999995,64.0,1630,-0.015476742660393939,0.49985838793218135,0.078125,0.11646304279565811,0.0003,-0.3281689372844994,2020,0.3634034601971507,0.2,0.9252160787582397,0.0087258555
0.06739355468750001,208896,16,204,2.56489263,128,2.523231445312498,2.590624999999998,64.0,1631,-0.010805536556290463,0.49999958854168663,0.0607421875,0.27799850702285767,0.0003,-0.3263553920201957,2030,0.4708896676078439,0.2,0.9383480548858643,0.005966054
0.04815527343750001,209920,16,205,2.4894165600000004,128,1.9424697265624995,1.9906249999999996,64.0,1632,-0.012319006200414151,0.4999996244907379,0.05703125,0.16292685270309448,0.0003,-0.3189286136068404,2040,0.6083268037997186,0.2,0.9366304278373718,0.007155522
0.0497578125,210944,16,206,2.46887627,129,2.5564921874999995,2.6062499999999997,64.0,1632,-0.012156241972115822,0.499999544210732,0.0587890625,0.12580221891403198,0.0003,-0.3133085802197456,2050,0.3305013993754983,0.2,0.9537293910980225,0.0070281117
0.048114257812500005,211968,16,207,2.48387097,129,2.8206357421874992,2.868749999999999,64.0,1632,-0.012143626451143063,0.4999996207654478,0.05107421875,0.22827380895614624,0.0003,-0.29592838510870934,2060,0.5676880134269595,0.2,0.9407342076301575,0.0059286603
0.027063476562500008,212992,16,208,2.46120989,130,2.6229365234374993,2.6499999999999995,64.0,1633,-0.01761550528462976,0.49999960064887994,0.06875,0.14351943135261536,0.0003,-0.33273823047056794,2070,0.4860541687346995,0.2,0.9258265495300293,0.014144723
0.035107421875,214016,16,209,2.57445579,130,2.893017578124998,2.9281249999999988,64.0,1634,-0.015504489163868129,0.4999995844438674,0.073828125,0.1111200824379921,0.0003,-0.3733831349760294,2080,0.39848131136968734,0.2,0.9145467877388,0.008928311
0.029821289062500006,215040,16,210,2.46109656,131,2.057678710937499,2.087499999999999,64.0,1634,-0.014268621688825079,0.4999995961785317,0.0654296875,0.17098967730998993,0.0003,-0.3654782915487885,2090,0.3866927898488939,0.2,0.9226750135421753,0.008331452
0.06385156250000001,216064,16,211,2.5447288899999996,132,2.654898437499999,2.718749999999999,64.0,1635,-0.017241972792544403,0.4999995460733771,0.077734375,0.0877906084060669,0.0003,-0.3980271453037858,2100,0.29726977441459895,0.2,0.9274128079414368,0.010544923
0.05744726562500001,217088,16,212,2.46144825,132,1.8769277343749988,1.9343749999999988,64.0,1635,-0.016575977386673914,0.4999995814636352,0.08154296875,0.14292261004447937,0.0003,-0.39851794075220826,2110,0.47469546739012003,0.2,0.9474878311157227,0.011864305
0.04039257812500001,218112,16,213,2.55630404,133,3.0627324218749985,3.1031249999999986,64.0,1636,-0.014613695192383602,0.49999956507235777,0.071875,0.20299653708934784,0.0003,-0.341338618285954,2120,0.4146191022358835,0.2,0.9476652145385742,0.010604058
0.04442187500000001,219136,16,214,2.5652195,133,2.924328124999998,2.9687499999999982,64.0,1636,-0.011663757788483053,0.49999957103282217,0.05810546875,0.2688833177089691,0.0003,-0.3488626371137798,2130,0.5402276149019599,0.2,0.9058758020401001,0.006540069
0.053208007812500006,220160,16,215,2.5403734499999997,134,2.674916992187498,2.7281249999999977,64.0,1635,-0.012541518127545715,0.49999952092766753,0.0623046875,0.14436188340187073,0.0003,-0.32987111881375314,2140,0.32629241710528734,0.2,0.941848635673523,0.00555787
0.07930078125000001,221184,16,216,2.55744844,135,2.370699218749997,2.4499999999999966,64.0,1636,-0.01634967262216378,0.49999955855309963,0.087890625,0.14862017333507538,0.0003,-0.37272159196436405,2150,0.4267389615997672,0.2,0.9463238716125488,0.009924863
0.041855468750000006,222208,16,217,2.78317545,135,3.4331445312499977,3.474999999999998,64.0,1636,-0.01733419417287223,0.49999955911189314,0.08515625,0.17845351994037628,0.0003,-0.31217935951426623,2160,0.40467965891584756,0.2,0.9602509140968323,0.010091615
0.040509765625000006,223232,16,218,2.8306432900000003,136,2.6688652343749983,2.709374999999998,64.0,1637,-0.015405312136863358,0.49984460584819346,0.08056640625,0.15573030710220337,0.0003,-0.3377698349766433,2170,0.40949084870517255,0.2,0.9331299662590027,0.008707038
0.04928320312500001,224256,16,219,2.85322842,136,2.625716796874998,2.674999999999998,64.0,1637,-0.014388330117799341,0.4999996088445188,0.06484375,0.3521706461906433,0.0003,-0.36424230244010686,2180,0.5810712495818734,0.2,0.9186236262321472,0.0071341055
0.04455859375,225280,16,220,2.75655229,137,2.7241914062499983,2.768749999999998,64.0,1636,-0.018336250615539028,0.4999996107071641,0.0763671875,0.2402106076478958,0.0003,-0.3728274220600724,2190,0.48400494959205387,0.2,0.9413614273071289,0.011576982
0.06048046875,226304,16,221,2.5993242700000003,138,1.9988945312499986,2.0593749999999984,64.0,1635,-0.01532296271980158,0.4999995244666935,0.071875,0.13188070058822632,0.0003,-0.33089916305616496,2200,0.38181713605299594,0.2,0.9438501596450806,0.009824503
0.036824218750000005,227328,16,222,2.7295333200000003,139,2.97255078125,3.0093750000000004,64.0,1632,-0.016643737224512734,0.4999995676800609,0.06396484375,0.13514377176761627,0.0003,-0.36565438080579044,2210,0.4001741951331496,0.2,0.964449942111969,0.008010425
0.0636171875,228352,16,223,2.7004844300000004,139,2.8238828124999973,2.8874999999999975,64.0,1632,-0.014820123760728166,0.49999966900795695,0.06806640625,0.35104048252105713,0.0003,-0.4130129201337695,2220,0.6753285149112344,0.2,0.921769917011261,0.009213577
0.037270507812500006,229376,16,224,2.62622256,140,2.840854492187499,2.8781249999999985,64.0,1632,-0.010922063991893083,0.49999961666762804,0.0607421875,0.19345195591449738,0.0003,-0.3246137212961912,2230,0.4485703779384494,0.2,0.9539603590965271,0.0073734485
0.035262695312499995,230400,16,225,2.76023787,141,3.4584873046874995,3.4937499999999995,64.0,1631,-0.014057726656028535,0.4999995412304996,0.07744140625,0.11479111760854721,0.0003,-0.377720982208848,2240,0.36280105970799925,0.2,0.9182556867599487,0.0138207
0.07791308593750002,231424,16,226,2.6520914700000002,141,1.7095869140624982,1.7874999999999979,64.0,1630,-0.017166388445184567,0.4999995777383446,0.07314453125,0.17007452249526978,0.0003,-0.37182741714641454,2250,0.4691155034117401,0.2,0.9151994585990906,0.009134488
0.023372070312500007,232448,16,227,2.74297398,143,2.751627929687499,2.774999999999999,64.0,1625,-0.015721326603670604,0.4999996772035957,0.06044921875,0.32216066122055054,0.0003,-0.3486875745467842,2260,0.6860213838517666,0.2,0.9434447884559631,0.007158022
0.04115136718750001,233472,16,228,2.8503295999999994,143,3.6463486328125,3.6874999999999996,64.0,1625,-0.01510788148152642,0.49999960921704767,0.07861328125,0.22227543592453003,0.0003,-0.3692524960264564,2270,0.5502659440971911,0.2,0.8736906051635742,0.010333089
0.03570703125,234496,16,229,2.8468596,144,3.0642929687499993,3.099999999999999,64.0,1624,-0.014285961125278846,0.4999996077269317,0.08681640625,0.20092201232910156,0.0003,-0.34007321652024985,2280,0.5471614606678485,0.2,0.9285263419151306,0.009413702
0.03778125,235520,16,230,3.090143330000001,145,3.9122187499999996,3.95,64.0,1623,-0.01791915208741557,0.4995990898460147,0.107421875,0.10508313775062561,0.0003,-0.3900987906381488,2290,0.24625270469114185,0.2,0.9599497318267822,0.013902953
0.0335986328125,236544,16,231,2.97629865,145,2.6226513671874994,2.656249999999999,64.0,1621,-0.013460004329681396,0.4999995673075318,0.07431640625,0.25189435482025146,0.0003,-0.34500197451561687,2300,0.47263078931719066,0.2,0.9092268943786621,0.009193858
0.024754882812500014,237568,16,232,3.22988207,146,3.2283701171874988,3.253124999999999,64.0,1620,-0.014755086397053674,0.49920466709882005,0.0748046875,0.09870733320713043,0.0003,-0.3856200294569135,2310,0.3844901850447059,0.2,0.9284693002700806,0.0105487835
0.06189160156250001,238592,16,233,3.1889430100000005,147,3.0349833984374994,3.0968749999999994,64.0,1619,-0.016395721309527288,0.4999994995072485,0.0857421875,0.11008842289447784,0.0003,-0.3416604449041188,2320,0.37368465568870307,0.2,0.9289162158966064,0.009575218
0.04882226562500001,239616,16,234,3.07515239,148,2.979302734374999,3.0281249999999993,64.0,1617,-0.014328806471894495,0.49953490942716616,0.06982421875,0.18909211456775665,0.0003,-0.3248591613955796,2330,0.38383057843893764,0.2,0.9544830322265625,0.007937368
0.03280078125000001,240640,16,235,3.0873345700000003,148,2.742199218749999,2.7749999999999986,64.0,1615,-0.013563974667340517,0.4998598664999007,0.06982421875,0.1803814321756363,0.0003,-0.31272937571629883,2340,0.37366226594895124,0.2,0.9536576271057129,0.0090811
0.037649414062500004,241664,16,236,2.9700659800000007,149,2.859225585937499,2.896874999999999,64.0,1614,-0.012892607747926377,0.4995127430185675,0.0583984375,0.12291666120290756,0.0003,-0.3080279277637601,2350,0.33954349281266333,0.2,0.9346266388893127,0.006614257
0.025838867187500003,242688,16,237,3.00103348,150,3.2804111328124987,3.3062499999999986,64.0,1611,-0.01332796057104133,0.49999955166131266,0.07978515625,0.1547509878873825,0.0003,-0.35891632866114376,2360,0.36083240043371917,0.2,0.9464726448059082,0.008327328
0.07860449218750001,243712,16,238,2.7334800599999993,151,1.4682705078124985,1.5468749999999987,64.0,1607,-0.018833432119572537,0.4997555714100598,0.08330078125,0.11981981992721558,0.0003,-0.3545704375952482,2370,0.3064185673370957,0.2,0.8906877636909485,0.012076038
0.05735351562500002,244736,16,239,2.6298128899999993,152,2.4551464843749984,2.5124999999999984,64.0,1605,-0.013278184540104121,0.49972455818206096,0.05107421875,0.09430734068155289,0.0003,-0.30566589124500754,2380,0.2692553546279669,0.2,0.9615534543991089,0.0066275722
0.03860937500000001,245760,16,240,2.66754118,153,3.3051406249999995,3.3437499999999996,64.0,1604,-0.01263556609628722,0.49999961107969265,0.0537109375,0.19969496130943298,0.0003,-0.3197649445384741,2390,0.4491555207408965,0.2,0.9509443640708923,0.00582526
0.041597656250000004,246784,16,241,2.6243010100000004,153,2.252152343749999,2.2937499999999984,64.0,1604,-0.011758174703572877,0.49999953750520953,0.0572265625,0.13565248250961304,0.0003,-0.2917695908807218,2400,0.4001693855039775,0.2,0.9317803978919983,0.0072113196
0.050269531250000006,247808,16,242,2.7220613099999995,154,3.5559804687499996,3.6062499999999993,64.0,1604,-0.012666416747379117,0.49984534978866585,0.0576171875,0.08500264585018158,0.0003,-0.3166863304562867,2410,0.3337269444949925,0.2,0.9526135921478271,0.006844186
0.031895507812500015,248832,16,243,2.7880703799999997,155,3.5212294921874996,3.5531249999999996,64.0,1605,-0.011248925761901774,0.4999996401369569,0.0529296875,0.43323737382888794,0.0003,-0.27743579233065246,2420,0.637894632294774,0.2,0.9076908230781555,0.0076990025
0.05507910156250001,249856,16,244,2.96852132,155,3.088670898437498,3.1437499999999985,64.0,1604,-0.013973828876623883,0.4999995995312929,0.0697265625,0.1838008463382721,0.0003,-0.35064646378159525,2430,0.6105556456372142,0.2,0.8952980637550354,0.008802687
0.030290039062500003,250880,16,245,3.1141080199999993,156,3.1697099609374995,3.1999999999999993,64.0,1603,-0.010861261740501504,0.4999996621161699,0.04404296875,0.4009877145290375,0.0003,-0.2554253485053778,2440,0.7527317306026816,0.2,0.9081448912620544,0.005206782
0.021874023437500008,251904,16,246,3.18008476,157,3.6000009765625,3.6218749999999993,64.0,1601,-0.01063555610307958,0.4999995507299899,0.055078125,0.1948932409286499,0.0003,-0.28494962668046353,2450,0.4554968967102468,0.2,0.9131566882133484,0.006053974
0.04214746093750001,252928,16,247,3.2770874199999995,158,2.954727539062498,2.996874999999998,64.0,1599,-0.011875058134319261,0.4996905306354165,0.0666015625,0.15437057614326477,0.0003,-0.31581603856757284,2460,0.3388944033533335,0.2,0.8878613114356995,0.00929164
0.0376396484375,253952,16,248,3.077525080000001,159,2.0873603515624994,2.124999999999999,64.0,1595,-0.010464710966334678,0.49993625599890945,0.05126953125,0.1915714293718338,0.0003,-0.2848953366279602,2470,0.4146969127468765,0.2,0.9374538064002991,0.0053271046
0.057531250000000006,254976,16,249,2.91469431,159,2.354968749999999,2.412499999999999,64.0,1594,-0.011857434958801604,0.4991751994937659,0.07763671875,0.14026202261447906,0.0003,-0.2849817557260394,2480,0.25365928299725055,0.2,0.9615887403488159,0.009588317
0.06479589843750001,256000,16,250,2.7900866500000006,160,2.9227041015624984,2.987499999999999,64.0,1594,-0.010748372733360156,0.499999526143074,0.04462890625,0.09660754352807999,0.0003,-0.26924733715131877,2490,0.3469892897177488,0.2,0.953154444694519,0.006610241
0.057409179687500006,257024,16,251,2.8113018299999992,161,2.6800908203124987,2.737499999999998,64.0,1594,-0.012540936999721452,0.49999957960098973,0.066015625,0.19613124430179596,0.0003,-0.27920501129701736,2500,0.45667478246614335,0.2,0.9490952491760254,0.007841515
0.0448955078125,258048,16,252,2.58353995,161,2.526979492187499,2.571874999999999,64.0,1593,-0.014144388298154809,0.49999966509640226,0.05380859375,0.3143536448478699,0.0003,-0.2896613059565425,2510,0.6617877162992954,0.2,0.9257644414901733,0.0071955128
0.0554521484375,259072,16,253,2.59084261,162,2.8414228515624993,2.8968749999999988,64.0,1591,-0.011629317788174377,0.49999964665621505,0.06103515625,0.3101751208305359,0.0003,-0.29934014966711403,2520,0.6048976151272655,0.2,0.9311824440956116,0.0075381035
0.033166015625,260096,16,254,2.6977877699999993,163,3.0387089843749986,3.0718749999999986,64.0,1590,-0.014203013372025453,0.4999996436759831,0.06435546875,0.21518373489379883,0.0003,-0.29617145424708724,2530,0.5575522514060139,0.2,0.9429415464401245,0.007942201
0.07049804687500001,261120,16,255,2.7413259100000005,164,2.6013769531249986,2.6718749999999987,64.0,1590,-0.012465949627221562,0.4998677223920822,0.069921875,0.14957594871520996,0.0003,-0.2882270066998899,2540,0.3849653033539653,0.2,0.9324241280555725,0.010260797
0.046660156250000015,262144,16,256,2.7853671499999995,164,2.4689648437499994,2.515624999999999,64.0,1589,-0.01159442008647602,0.4999995313584804,0.06494140625,0.13632336258888245,0.0003,-0.2577008373104036,2550,0.3561180495657027,0.2,0.9632687568664551,0.007418189
0.03189746093750001,263168,16,257,2.8011682300000005,165,3.458727539062499,3.4906249999999988,64.0,1588,-0.014078911312390118,0.499999587610364,0.06826171875,0.21188858151435852,0.0003,-0.24794349120929837,2560,0.4701887105591595,0.2,0.9429640173912048,0.00865357
0.04263378906250001,264192,16,258,2.99959917,166,3.6542412109374993,3.6968749999999995,64.0,1588,-0.014154664173838682,0.4999996772035953,0.06728515625,0.1524265855550766,0.0003,-0.30665630800649524,2570,0.6753099427558482,0.2,0.8644592761993408,0.009320185
0.06002832031250001,265216,16,259,3.03828528,166,2.952471679687499,3.0124999999999984,64.0,1588,-0.01206109571212437,0.49999964851886025,0.0513671875,0.24999091029167175,0.0003,-0.25281422641128304,2580,0.67880001924932,0.2,0.886846125125885,0.007298406
0.049942382812500005,266240,16,260,2.9807963699999998,167,2.6813076171874997,2.7312499999999993,64.0,1589,-0.010460021917242556,0.49999956227839,0.04990234375,0.22381524741649628,0.0003,-0.2360247390344739,2590,0.46743221310898664,0.2,0.9516689777374268,0.006027825
0.047650390625000004,267264,16,261,2.9963730799999997,168,2.8304746093749986,2.8781249999999985,64.0,1589,-0.014543531893286854,0.4999996546655893,0.0671875,0.3752526044845581,0.0003,-0.2746553569100797,2600,0.5845315340906382,0.2,0.9392600655555725,0.008047987
0.029546875000000007,268288,16,262,3.03582464,168,2.686078124999999,2.7156249999999993,64.0,1590,-0.011097648250870406,0.49999963156878957,0.05283203125,0.20545651018619537,0.0003,-0.2750723260454834,2610,0.5558478986844421,0.2,0.9298328757286072,0.0075275237
0.04858105468750001,269312,16,263,2.8418293599999993,169,2.235793945312499,2.284374999999999,64.0,1591,-0.0113141108333366,0.4999995505437257,0.07060546875,0.12535879015922546,0.0003,-0.29891219176352024,2620,0.3255718968808651,0.2,0.941771388053894,0.008113619
0.06910156250000002,270336,16,264,2.71055701,169,2.7558984374999977,2.824999999999998,64.0,1591,-0.012355125020258128,0.4999996440485119,0.0673828125,0.2436160296201706,0.0003,-0.26740938080474735,2630,0.6229494301602244,0.2,0.9067692160606384,0.009477554
0.056037109375000005,271360,16,265,2.49316718,170,2.3533378906249975,2.409374999999997,64.0,1591,-0.011842735289246776,0.4999996179714799,0.05830078125,0.1751638948917389,0.0003,-0.2744727979414165,2640,0.4621181646361947,0.2,0.9508646130561829,0.0058599766
0.037423828125,272384,16,266,2.65959059,171,3.0844511718749983,3.1218749999999984,64.0,1592,-0.01220680627739057,0.49999957494437713,0.0669921875,0.15400347113609314,0.0003,-0.27080582100898026,2650,0.39744544932618736,0.2,0.9390004277229309,0.010695469
0.04695996093750002,273408,16,267,2.55793483,171,2.4061650390624987,2.4531249999999982,64.0,1592,-0.01356680279423017,0.49999952130019654,0.0748046875,0.12580981850624084,0.0003,-0.27260883739218117,2660,0.29783566631376746,0.2,0.9510557651519775,0.009703212
0.03978222656250001,274432,16,268,2.618869499999999,172,2.7195927734374994,2.759374999999999,64.0,1592,-0.014568526789662428,0.4966740848496555,0.0828125,0.07010141015052795,0.0003,-0.28335463935509325,2670,0.2306765435729176,0.2,0.9654936194419861,0.0125009585
0.05011523437500001,275456,16,269,2.6125957499999997,173,2.356134765624999,2.406249999999999,64.0,1591,-0.012592105133808217,0.4999995300546289,0.057421875,0.1260274052619934,0.0003,-0.2946053519845009,2680,0.32695272350683807,0.2,0.9543161392211914,0.008308833
0.048483398437500005,276480,16,270,2.6297749699999997,173,2.870266601562498,2.9187499999999984,64.0,1588,-0.010697912803152576,0.49999958388507376,0.06796875,0.16061682999134064,0.0003,-0.25335353733971716,2690,0.4356098031625152,0.2,0.9435309171676636,0.007652412
0.08544140625000002,277504,16,271,2.4935558999999996,174,1.5020585937499984,1.5874999999999984,64.0,1588,-0.009335647622356192,0.4999995881691575,0.0431640625,0.2535788118839264,0.0003,-0.23880819212645293,2700,0.4604284785687923,0.2,0.939274787902832,0.0055425214
0.028153320312500008,278528,16,272,2.4854616899999997,175,2.5249716796874986,2.5531249999999988,64.0,1588,-0.009462025994434953,0.49960821736603994,0.06630859375,0.1949281096458435,0.0003,-0.25172856720164416,2710,0.3610158356837928,0.2,0.9619870781898499,0.0056052636
0.03867382812500001,279552,16,273,2.59446232,176,3.7394511718749994,3.7781249999999993,64.0,1587,-0.010831798863364384,0.49959931392222634,0.05654296875,0.13708604872226715,0.0003,-0.28944269586354493,2720,0.3321026463992894,0.2,0.9228421449661255,0.0070908554
0.044140625,280576,16,274,2.6671474700000006,176,2.887109375,2.9312500000000004,64.0,1587,-0.010674805400776676,0.49989774841815227,0.05146484375,0.1499411165714264,0.0003,-0.23907106509432197,2730,0.42792916130274533,0.2,0.9303024411201477,0.006378485
0.05189746093750001,281600,16,275,2.76273216,177,2.5887275390625,2.6406249999999996,64.0,1586,-0.012159976304974406,0.4999995186924936,0.046875,0.20133069157600403,0.0003,-0.23192277923226357,2740,0.4103917325846851,0.2,0.9379386901855469,0.0065492108
0.053001953125,282624,16,276,2.6074685599999996,178,2.4188730468749986,2.471874999999999,64.0,1586,-0.008604028620175086,0.49963767789304264,0.04560546875,0.1596154421567917,0.0003,-0.23080510133877397,2750,0.47652489291504024,0.2,0.895392119884491,0.0063012587
0.0828486328125,283648,16,277,2.67821451,178,1.9984013671874976,2.0812499999999976,64.0,1586,-0.010359479865292088,0.49999964889138926,0.04033203125,0.24548636376857758,0.0003,-0.23120636055245997,2760,0.5990611350163817,0.2,0.9150863885879517,0.0055912854
0.03585546875,284672,16,278,2.95552997,179,3.72351953125,3.7593750000000004,64.0,1587,-0.011643586138961836,0.49999961014837035,0.06796875,0.24189269542694092,0.0003,-0.23676019627600908,2770,0.48954838048666716,0.2,0.9579046368598938,0.011216415
0.03979003906250001,285696,16,279,2.6284463700000003,180,2.450834960937499,2.4906249999999988,64.0,1586,-0.011160310899140314,0.49999962169677004,0.05009765625,0.2188502699136734,0.0003,-0.2379398980177939,2780,0.5543053707107901,0.2,0.9140881299972534,0.006576091
0.0461923828125,286720,16,280,2.800355910000001,180,3.2881826171874993,3.3343749999999996,64.0,1586,-0.013401442999020219,0.49999964535236385,0.07666015625,0.13623160123825073,0.0003,-0.27570093208923935,2790,0.499733688402921,0.2,0.8935659527778625,0.010683587
0.0277138671875,287744,16,281,2.77986655,181,3.0347861328124996,3.0624999999999996,64.0,1586,-0.012723070775973611,0.49999958220869295,0.0703125,0.12983578443527222,0.0003,-0.2738802113570273,2800,0.43696339819580315,0.2,0.9433289766311646,0.010014866
0.02924902343750001,288768,16,282,2.7495135700000004,182,2.5207509765624994,2.549999999999999,64.0,1585,-0.011838087142677978,0.4997112978249787,0.0763671875,0.11868797242641449,0.0003,-0.2723648033104837,2810,0.32724186815321443,0.2,0.9386423826217651,0.009024114
0.045190429687500006,289792,16,283,2.8269615100000003,183,2.2704345703124993,2.315624999999999,64.0,1583,-0.013013027745182626,0.4997796889394522,0.06796875,0.18473567068576813,0.0003,-0.27729735160246494,2820,0.33897356390953065,0.2,0.9406224489212036,0.014402075
0.036508789062500005,290816,16,284,2.75638652,184,2.9384912109374994,2.9749999999999996,64.0,1580,-0.015305564293521456,0.49966874271631223,0.076953125,0.1161879450082779,0.0003,-0.28001145236194136,2830,0.2976172209717333,0.2,0.9532379508018494,0.013930688
0.034038085937500004,291840,16,285,2.84274884,185,3.2565869140625,3.2906249999999995,64.0,1575,-0.012813123193336651,0.49980263896286503,0.06083984375,0.19376184046268463,0.0003,-0.22444282239302993,2840,0.35721429204568267,0.2,0.9348699450492859,0.008981647
0.054781250000000004,292864,16,286,2.7662527600000004,185,2.7577187499999996,2.812499999999999,64.0,1575,-0.00839345486019738,0.4999994957819579,0.0541015625,0.15666961669921875,0.0003,-0.22946677096188067,2850,0.3304180490784347,0.2,0.9440455436706543,0.008529412
0.024877929687500005,293888,16,287,2.7948765100000004,186,3.2282470703124995,3.253125,64.0,1574,-0.010296892671613022,0.4999995831400157,0.072265625,0.14946365356445312,0.0003,-0.25355131542310116,2860,0.5081064382568001,0.2,0.9199678301811218,0.01120563
0.054497070312500014,294912,16,288,2.84000588,187,2.5736279296874995,2.628124999999999,64.0,1572,-0.014242687812657095,0.4996343204751611,0.06865234375,0.11133845150470734,0.0003,-0.2765581545419991,2870,0.33470440544188024,0.2,0.9371888041496277,0.011402395
0.06133593750000001,295936,16,289,2.9296369899999997,188,2.4355390624999975,2.496874999999998,64.0,1570,-0.009293091410654597,0.4999996120110155,0.04541015625,0.30918413400650024,0.0003,-0.18634352749213576,2880,0.49876512549817564,0.2,0.9276185631752014,0.005216068
0.016595703125,296960,16,290,2.8364038600000003,189,2.739654296875,2.7562499999999996,64.0,1569,-0.010312630829866975,0.49999955464154483,0.062890625,0.11192525178194046,0.0003,-0.23017243752256036,2890,0.351934221200645,0.2,0.9543731808662415,0.00702522
0.02956445312500001,297984,16,291,2.8276377500000005,190,3.0798105468749988,3.1093749999999987,64.0,1564,-0.01534027787274681,0.4988496793434025,0.09775390625,0.07364313304424286,0.0003,-0.29315741499885917,2900,0.26152598494663837,0.2,0.9247925281524658,0.015233101
0.05678808593750002,299008,16,292,2.742502440000001,191,2.321336914062498,2.3781249999999985,64.0,1562,-0.011052513125468977,0.4999996375292539,0.070703125,0.1908111870288849,0.0003,-0.2774787972681224,2910,0.4122833008877933,0.2,0.9237756729125977,0.01030939
0.06320800781250001,300032,16,293,2.5753060300000006,192,2.283666992187499,2.346874999999999,64.0,1559,-0.01025831408041995,0.4999996416270734,0.05859375,0.18901704251766205,0.0003,-0.2487431701272726,2920,0.4562058667652309,0.2,0.9543916583061218,0.006520736
,,,,,,,,,,-0.011443708022125066,0.49999961107969276,0.07666015625,0.15748056769371033,0.0003,-0.26414108416065574,2930,0.4565409105271101,0.2,0.9553106427192688,0.008301012
