economics/inventory_penalty_total_mean,rollout/ep_len_mean,time/time_elapsed,time/iterations,time/fps,time/total_timesteps,economics/objective_mean,economics/episodes,economics/profit_mean,rollout/ep_rew_mean,train/post_clip_gradient_norm,train/loss,train/clip_range,train/n_updates,train/approx_kl,train/explained_variance,train/clip_fraction,train/entropy_loss,train/policy_gradient_loss,train/value_loss,train/learning_rate
0.0560380859375,64.0,0,1,4353,1024,-0.16541308593750081,16,-0.10937500000000089,-0.16541312500000005,,,,,,,,,,,
0.1152509765625,64.0,1,2,1422,2048,-1.8527509765625005,16,-1.7375000000000007,-1.00908203125,0.4978353912010789,0.013791661709547043,0.2,10,0.008996552,0.0037392377853393555,0.0455078125,-2.2995005905628205,-0.003640961795463227,4.823213195195422,0.0003
0.05536718750000001,64.0,2,3,1150,3072,-1.3022421875000005,16,-1.2468750000000004,-1.1068020833333334,0.49999995790421964,1.838578462600708,0.2,20,0.0043627797,0.3846263885498047,0.00478515625,-2.2877919644117357,-0.002888391786837019,5.849969478975981,0.0003
0.062039062500000006,64.0,3,4,1030,4096,-1.3026640625000008,16,-1.240625000000001,-1.1557675625000001,0.4999999230727553,0.4414899945259094,0.2,30,0.0085433945,0.45630109310150146,0.03857421875,-2.2864641919732094,-0.0022419429180445148,2.8125537060666828,0.0003
0.0673251953125,64.0,5,5,968,5120,-0.3704501953124998,16,-0.3031249999999999,-0.9987040875000002,0.49999990668147787,1.0033303499221802,0.2,40,0.008061084,0.1464473009109497,0.01396484375,-2.2878747925162317,-0.0011220624495763333,3.925049255322665,0.0003
0.08604687500000002,64.0,6,6,939,6144,-0.8860468750000006,16,-0.8000000000000005,-0.9799278854166668,0.49890152942389243,0.08011668920516968,0.2,50,0.006645284,0.005402266979217529,0.01025390625,-2.28854790776968,-0.0009107675403356552,4.4410925838164985,0.0003
0.04932617187500001,64.0,7,7,916,7168,-1.093076171875001,16,-1.0437500000000008,-1.2577662299999999,0.49999990835785857,0.47612714767456055,0.2,60,0.011653395,0.03478270769119263,0.07080078125,-2.277132074534893,-0.004298046168696601,5.6473996210843325,0.0003
0.08651171875000002,64.0,9,8,901,8192,-1.1490117187500006,16,-1.0625000000000009,-1.1776310899999998,0.499999953992665,0.5490789413452148,0.2,70,0.00979403,0.45468634366989136,0.04052734375,-2.269142358005047,-0.006266505518578924,2.048753936449066,0.0003
0.08566894531250002,64.0,10,9,884,9216,-2.1356689453125,16,-2.0500000000000003,-1.13389596,0.4999999906867741,0.3103870749473572,0.2,80,0.004825421,0.3975486159324646,0.04912109375,-2.253866198658943,-0.0039785397995729,4.551689999364316,0.0003
0.0872138671875,64.0,11,10,868,10240,-0.18721386718750027,16,-0.10000000000000031,-0.9887776699999999,0.4999999526888133,3.5323104858398438,0.2,90,0.013638613,0.6696746349334717,0.11796875,-2.241600675880909,-0.00947674305352848,2.2761807000264525,0.0003
0.06850195312500001,64.0,12,11,868,11264,0.5752480468749994,16,0.6437499999999994,-0.8989261,0.49999996572732924,13.100486755371094,0.2,100,0.006116922,0.15572088956832886,0.05751953125,-2.2090991258621218,-0.0019520885543897748,6.257446669018828,0.0003
0.07121386718750002,64.0,14,12,868,12288,-0.34621386718750036,16,-0.2750000000000006,-0.7678904800000004,0.4999999752268193,2.967402458190918,0.2,110,0.0070158793,0.14354777336120605,0.03984375,-2.195293979346752,-0.0008088692760793492,5.729524094611406,0.0003
0.05683886718750002,64.0,15,13,861,13312,-0.503713867187501,16,-0.446875000000001,-0.6477498599999998,0.4994290670379997,4.010551929473877,0.2,120,0.009936697,0.30261480808258057,0.0826171875,-2.165084034204483,-0.003126072903978638,4.493107341497671,0.0003
0.07724218750000002,64.0,16,14,859,14336,-0.7959921875,16,-0.71875,-0.6216353099999998,0.499999932385981,0.06221969425678253,0.2,130,0.014134977,0.47725778818130493,0.08212890625,-2.168505999445915,-0.003983879636507481,2.720716817723587,0.0003
0.07988476562500002,64.0,18,15,849,15360,-2.883009765625,16,-2.803125,-0.6731820099999999,0.4999999813735484,2.954075574874878,0.2,140,0.013548432,0.3775526285171509,0.08447265625,-2.1046575754880905,-0.00814618937438354,3.767717680707574,0.0003
0.0547197265625,64.0,19,16,833,16384,0.08590527343750076,16,0.14062500000000067,-0.7263103100000001,0.4999999573454262,1.0008563995361328,0.2,150,0.011026731,0.6904208660125732,0.07109375,-2.022760108858347,-0.004968399796052836,1.804411907494068,0.0003
0.063521484375,64.0,21,17,823,17408,-0.6197714843750002,16,-0.5562500000000001,-0.88624594,0.4999999672174455,0.3111932575702667,0.2,160,0.010855982,0.3189816474914551,0.08662109375,-1.9740645997226238,-0.004540347040165216,2.9630876993061976,0.0003
0.09100585937500001,64.0,22,18,821,18432,-1.666005859375,16,-1.5750000000000002,-1.06827283,0.4999999690800904,2.4949862957000732,0.2,170,0.0141589735,0.48012280464172363,0.18056640625,-1.9721026904881,-0.011671506584389136,2.3082531115971507,0.0003
0.0521884765625,64.0,23,19,822,19456,0.27906152343749946,16,0.33124999999999954,-0.79888521,0.4999999588355422,1.8429051637649536,0.2,180,0.0053413343,0.540184497833252,0.05263671875,-1.9058289602398872,-0.005996761698042974,2.5120757616590708,0.0003
0.07405468750000001,64.0,24,20,826,20480,-0.3334296874999998,16,-0.2593749999999999,-0.82807693,0.4999999297782779,2.1579701900482178,0.2,190,0.0063966527,0.6957162618637085,0.05947265625,-1.877035303413868,-0.0006216488269274123,1.6368103734217585,0.0003
0.06999218750000001,64.0,25,21,827,21504,-0.34499218750000027,16,-0.27500000000000013,-0.5132599,0.4999999463558196,0.04760551452636719,0.2,200,0.008621422,0.6649795770645142,0.11630859375,-1.8466789580881595,-0.0029771263187285514,2.405282573867589,0.0003
0.088384765625,64.0,27,22,830,22528,-1.1540097656250001,16,-1.0656250000000003,-0.6231377,0.4999999471008776,0.2494053691625595,0.2,210,0.013985158,0.7524262070655823,0.12890625,-1.77620497867465,-0.008084490313194692,2.1318914404138924,0.0003
0.0609892578125,64.0,28,23,832,23552,0.36088574218749936,16,0.42187499999999956,-0.45349722000000015,0.49999998267740015,2.411667823791504,0.2,220,0.011751491,0.7956249117851257,0.09482421875,-1.7046831637620925,-0.00691265712666791,1.8851217546500265,0.0003
0.09118945312500001,64.0,29,24,831,24576,-0.39118945312500064,16,-0.3000000000000008,-0.26528097,0.499999974668026,0.7514480948448181,0.2,230,0.0024855952,0.7255892753601074,0.00927734375,-1.692105058580637,-0.0002799065710860305,2.464896567352116,0.0003
0.07075195312500002,64.0,30,25,831,25600,-0.5113769531250008,16,-0.4406250000000007,-0.3450206600000001,0.4999999646097423,0.7075899839401245,0.2,240,0.015455857,0.6403753161430359,0.0546875,-1.6451442204415798,-0.0029635924234753474,3.2079189588781447,0.0003
0.1046650390625,64.0,31,26,832,26624,-1.332790039062501,16,-1.2281250000000008,-0.5339381699999999,0.4999999919906258,0.5347921848297119,0.2,250,0.013084494,0.4981348514556885,0.05107421875,-1.601821480691433,-0.0038059187267208473,2.7575808710418643,0.0003
0.08824609375,64.0,33,27,832,27648,-2.3257460937500003,16,-2.2375000000000003,-0.96356582,0.4999999713152648,0.4134884476661682,0.2,260,0.010307565,0.866387665271759,0.0896484375,-1.6245837092399598,-0.006587559939362109,1.6502385895699263,0.0003
0.0657119140625,64.0,34,28,832,28672,0.1811630859374994,16,0.2468749999999993,-0.6421859900000001,0.4999999759718777,0.9104488492012024,0.2,270,0.017564408,0.8708959817886353,0.15185546875,-1.6177227444946767,-0.004438029343145899,1.280518408631906,0.0003
0.12528808593750002,64.0,35,29,832,29696,-2.3221630859375013,16,-2.1968750000000012,-0.88658191,0.49999996740371,1.6690406799316406,0.2,280,0.0051031043,0.808520495891571,0.0783203125,-1.6846439018845558,-0.0060918263625353575,2.0914403806906194,0.0003
0.05569238281250001,64.0,36,30,831,30720,0.8255576171874994,16,0.8812499999999994,-0.87762816,0.49999998267740003,0.3825387954711914,0.2,290,0.015280943,0.8529120683670044,0.073828125,-1.72685813754797,-0.004385384969646111,2.218543326482177,0.0003
0.0867236328125,64.0,38,31,830,31744,-0.8023486328125004,16,-0.7156250000000004,-0.8665883000000002,0.4999999828636645,1.6545708179473877,0.2,300,0.018439453,0.5136761665344238,0.1001953125,-1.684939194470644,-0.0026256825105519964,2.9123976497445256,0.0003
0.06961816406250002,64.0,39,32,829,32768,-0.8414931640625007,16,-0.7718750000000008,-0.92359268,0.4999999839812517,2.2671289443969727,0.2,310,0.0048220013,0.6750165820121765,0.02607421875,-1.687450008839369,-0.0023582505382364616,2.1849885201081634,0.0003
0.06116796875000001,64.0,40,33,829,33792,1.1857070312499993,16,1.2468749999999995,-0.34905487,0.4999999636784196,0.38751184940338135,0.2,320,0.014049529,0.6420276165008545,0.12353515625,-1.6673398621380329,-0.006670245158602484,1.0416164472931997,0.0003
0.06110253906250001,64.0,42,34,827,34816,1.0763974609374993,16,1.1374999999999993,-0.15927285000000002,0.49999993294477446,0.08225353062152863,0.2,330,0.017660707,0.6495811343193054,0.17060546875,-1.643965622037649,-0.008208334367373027,2.084934546565637,0.0003
0.12390625,64.0,43,35,828,35840,-1.5926562499999994,16,-1.4687499999999993,-0.09176397000000008,0.4999999947845935,0.5142461657524109,0.2,340,0.010495559,0.7479528784751892,0.0728515625,-1.5966695748269557,-0.005935000753379427,2.3486126352567225,0.0003
0.08275195312500001,64.0,44,36,827,36864,-1.0265019531250004,16,-0.9437500000000002,-0.3642385099999999,0.49999999273568413,0.33657652139663696,0.2,350,0.0051335245,0.8847240805625916,0.025,-1.5602291882038117,-0.002540832871454768,2.163796011544764,0.0003
0.059727539062500015,64.0,45,37,827,37888,0.4902724609374993,16,0.5499999999999995,-0.15171911999999996,0.5000000134110444,0.42142611742019653,0.2,360,0.00540099,0.8274745941162109,0.01376953125,-1.5863398544490337,-0.0013842547923559323,2.4324996020644902,0.0003
0.039726562500000014,64.0,47,38,826,38912,1.0790234375000007,16,1.1187500000000004,0.18739882000000005,0.500000012665987,0.2565668523311615,0.2,370,0.0081195235,0.5500502586364746,0.06982421875,-1.5261144101619721,-0.008298136899247766,3.57669516177848,0.0003
0.08471679687500001,64.0,48,39,827,39936,-1.3065917968750005,16,-1.2218750000000003,-0.06805165999999989,0.5000000072643166,0.26172512769699097,0.2,380,0.005336702,0.749997079372406,0.02587890625,-1.47203456684947,-0.0028457108011934905,1.7776432156562805,0.0003
0.04943066406250001,64.0,49,40,828,40960,0.031819335937499915,16,0.08124999999999982,-0.36346292999999996,0.5000000124797221,0.4014367461204529,0.2,390,0.010219596,0.7924824953079224,0.0103515625,-1.5003951437771321,-0.003295726110809483,2.5796756027266383,0.0003
0.06907910156250001,64.0,50,41,827,41984,0.1527958984375002,16,0.22187500000000004,-0.040281989999999955,0.49999998714774835,0.140986829996109,0.2,400,0.0077509084,0.8425642251968384,0.09921875,-1.4977457001805305,-0.008732321596471592,1.2623515261337162,0.0003
0.07710449218750001,64.0,52,42,826,43008,0.3166455078125002,16,0.39375000000000027,0.12567568999999998,0.4999999985098839,0.1276267170906067,0.2,410,0.010118911,0.7304782867431641,0.04677734375,-1.5387977436184883,-0.0036343633168144152,2.2631550868041814,0.0003
0.08365234375000002,64.0,53,43,825,44032,-1.064902343749999,16,-0.9812499999999991,-0.13658507999999997,0.49999997559934833,1.3829623460769653,0.2,420,0.010459344,0.8194189667701721,0.100390625,-1.5601178340613842,-0.004636220828979276,1.5597781133837998,0.0003
0.0814970703125,64.0,54,44,823,45056,0.14350292968749956,16,0.22499999999999948,-0.2713323999999999,0.499999992363155,0.418548583984375,0.2,430,0.00903477,0.8861379027366638,0.18740234375,-1.526782188564539,-0.011673168151173741,1.0761308948509396,0.0003
0.08994628906250002,64.0,55,45,823,46080,-0.011821289062499463,16,0.07812500000000061,-0.20172721000000002,0.4999999962747097,0.24404801428318024,0.2,440,0.013782864,0.870353639125824,0.07890625,-1.490691877156496,-0.00410427222668659,1.2680108899250626,0.0003
0.08866113281250002,64.0,57,46,823,47104,-1.1261611328125003,16,-1.0375000000000003,-0.21810078999999993,0.4999999998137354,12.279144287109375,0.2,450,0.013790399,0.6885600090026855,0.00791015625,-1.4553619928658008,0.00010457834869157523,3.33029864677228,0.0003
0.1128583984375,64.0,58,47,822,48128,-0.9941083984374995,16,-0.8812499999999994,-0.3984802799999999,0.4999999983236195,0.46600645780563354,0.2,460,0.011210047,0.8862468600273132,0.0931640625,-1.3357201680541038,-0.006634544150438159,1.6253039532341063,0.0003
0.07903613281250002,64.0,59,48,822,49152,-0.4134111328124999,16,-0.33437500000000003,-0.4192576499999999,0.4999999990686772,0.4028734862804413,0.2,470,0.011074943,0.9019538164138794,0.06171875,-1.4067908942699432,-0.0024609607324237006,1.4788221730850637,0.0003
0.08707910156250001,64.0,61,49,822,50176,-0.9527041015625002,16,-0.8656250000000002,-0.6415549999999999,0.49999999813735485,0.5820450782775879,0.2,480,0.009168398,0.8202167749404907,0.07412109375,-1.432391031831503,-0.005775382849969901,1.8612222094554454,0.0003
0.0784365234375,64.0,62,50,822,51200,-0.2753115234374994,16,-0.19687499999999936,-0.6865085999999999,0.5000000009313227,0.20997512340545654,0.2,490,0.0077957646,0.9040066599845886,0.10009765625,-1.3942649148404598,-0.00917189303727355,1.3312523394357414,0.0003
0.07920996093750002,64.0,63,51,820,52224,-0.7135849609374996,16,-0.6343749999999997,-0.5716528200000002,0.5000000273808833,0.6879079937934875,0.2,500,0.016616797,0.7659361362457275,0.1087890625,-1.4752095259726048,-0.004361761518521234,2.4375187505967917,0.0003
0.0919189453125,64.0,64,52,819,53248,-0.6825439453124993,16,-0.5906249999999993,-0.6068342099999999,0.5000000126659871,0.35364770889282227,0.2,510,0.008992477,0.8605503439903259,0.04697265625,-1.45774110481143,-0.005861485356581398,1.3492852114140987,0.0003
0.06696679687500001,64.0,66,53,820,54272,0.26428320312500136,16,0.3312500000000012,-0.3483225100000001,0.5000000013038516,0.4296554923057556,0.2,520,0.013759952,0.8973931074142456,0.06494140625,-1.407663233578205,-0.004415519355097786,1.5507959760259837,0.0003
0.07161914062500002,64.0,67,54,820,55296,0.49713085937500034,16,0.5687500000000003,-0.38888641000000007,0.500000006332993,2.0085840225219727,0.2,530,0.009089129,0.876754641532898,0.14326171875,-1.4228958822786808,-0.008226317122171168,1.0716978142969311,0.0003
0.025081054687500007,64.0,68,55,819,56320,1.6999189453125,16,1.725,-0.0015981400000001278,0.5000000238418577,0.07658957690000534,0.2,540,0.009271792,0.8615241646766663,0.084375,-1.3926816530525685,-0.004316608526278287,1.867062773182988,0.0003
0.06132812500000001,64.0,70,56,818,57344,0.6511718749999996,16,0.7124999999999997,0.26919388999999994,0.5000000525265932,0.12513263523578644,0.2,550,0.012428349,0.7556275129318237,0.062890625,-1.4264365397393703,-0.003822572466742713,1.207026937790215,0.0003
0.0758505859375,64.0,71,57,816,58368,-0.30085058593750036,16,-0.22500000000000037,0.24890059999999992,0.5000000322237614,0.8039458990097046,0.2,560,0.015656676,0.8077800869941711,0.088671875,-1.4770857617259026,-0.006754635664401576,2.076100348075852,0.0003
0.1385087890625,64.0,72,58,816,59392,-2.6228837890624996,16,-2.484374999999999,0.0378355999999999,0.5000000219792129,0.6760293841362,0.2,570,0.007038883,0.9025818705558777,0.036328125,-1.4292749658226966,-0.003284696434275247,1.0977453309111298,0.0003
0.08628906250000001,64.0,73,59,817,60416,1.0449609374999995,16,1.1312499999999996,0.1021219899999999,0.5000000156462193,0.21935127675533295,0.2,580,0.012930545,0.9063079953193665,0.06513671875,-1.3426530607044698,-0.0006429467321140692,1.2317799537442624,0.0003
0.0872978515625,64.0,75,60,816,61440,-0.06229785156250045,16,0.024999999999999578,0.09091056999999993,0.5000000102445481,0.35586869716644287,0.2,590,0.012417173,0.6499371528625488,0.04638671875,-1.3002787195146084,-0.0049931756337173285,3.4936794535256923,0.0003
0.09581054687500001,64.0,76,61,816,62464,0.6541894531249994,16,0.7499999999999993,-0.12304927000000003,0.5000000130385163,1.313584804534912,0.2,600,0.009661268,0.7907264232635498,0.0564453125,-1.1810968577861787,-0.0035774001298705116,3.3332812840584665,0.0003
0.08319335937500003,64.0,77,62,817,63488,-0.001943359375000231,16,0.08124999999999982,-0.21708988,0.5000000188127158,1.1287544965744019,0.2,610,0.004431111,0.6923710107803345,0.02373046875,-1.062772211432457,-0.003747199344797991,4.232394237536937,0.0003
0.10156542968750001,64.0,79,63,816,64512,-1.5796904296875007,16,-1.4781250000000006,-0.46260114999999985,0.5000000467523931,3.291048049926758,0.2,620,0.0061504706,0.7665868997573853,0.009375,-1.0078383337706327,-0.001592185493791476,2.799165946803987,0.0003
0.07163867187500002,64.0,80,64,816,65536,-0.4560136718750006,16,-0.3843750000000005,-0.11905583,0.5000000322237612,1.3323513269424438,0.2,630,0.005196849,0.8838086128234863,0.05,-0.9776083312928676,-0.004182881247834303,2.043427437450737,0.0003
0.08227636718750002,64.0,81,65,815,66560,-0.9479013671875004,16,-0.8656250000000005,-0.3438151899999999,0.5000000264495609,0.8512746691703796,0.2,640,0.0041948007,0.8984799981117249,0.04169921875,-1.0352670192718505,-0.0028863414656370876,1.6060588538646698,0.0003
0.10146484375000003,64.0,82,66,814,67584,-0.3077148437500007,16,-0.2062500000000005,-0.3237169099999999,0.5000000452622768,1.0318479537963867,0.2,650,0.0023086355,0.863529622554779,0.0265625,-1.041633316874504,-0.0029005334130488337,1.374486136622727,0.0003
0.15194335937499998,64.0,84,67,814,68608,-2.6988183593749997,16,-2.546875,-0.8342107999999999,0.5000000195577734,0.435274213552475,0.2,660,0.0077100275,0.9077447652816772,0.09072265625,-1.0150884930044413,-0.007372543802193832,1.2374551479704679,0.0003
0.07772265625000001,64.0,85,68,812,69632,-0.3683476562499993,16,-0.29062499999999925,-1.12833973,0.5000000461936003,0.24191230535507202,0.2,670,0.0096498225,0.8518298864364624,0.093359375,-1.0941838413476943,-0.006702752399723977,2.374416374368593,0.0003
0.0929541015625,64.0,86,69,813,70656,-0.8585791015625,16,-0.7656249999999999,-0.9971286100000003,0.5000000311061742,0.29636263847351074,0.2,680,0.0076537877,0.8789861798286438,0.00244140625,-1.0855020791292191,0.000781738810474053,1.5477868453599513,0.0003
0.06432421875000001,64.0,88,70,812,71680,0.3075507812499999,16,0.37187499999999973,-0.7758940700000001,0.5000000337138772,0.13501445949077606,0.2,690,0.009871431,0.8729919195175171,0.070703125,-0.9817590523511172,-0.0026248224472510628,2.6502223145216703,0.0003
0.09970703125000001,64.0,89,71,812,72704,-1.0465820312499998,16,-0.9468749999999999,-0.81355908,0.5000000283122059,0.2340647280216217,0.2,700,0.006780272,0.8388192057609558,0.06416015625,-0.9579040024429559,-0.007421314061502926,1.9786097303032875,0.0003
0.10514062500000002,64.0,90,72,811,73728,-0.07076562500000083,16,0.03437499999999927,-0.72583189,0.5000000247731805,0.5365719199180603,0.2,710,0.009067832,0.9155297875404358,0.04130859375,-0.9965623654425144,-0.0034358597520622427,1.5294402716681361,0.0003
0.07718261718750001,64.0,92,73,812,74752,0.07281738281250077,16,0.1500000000000008,-0.4117365699999999,0.5000000396743416,0.6080107092857361,0.2,720,0.0087692365,0.868437647819519,0.0130859375,-1.021796205639839,-0.0005158666725037619,2.4368200952187182,0.0003
0.086388671875,64.0,93,74,812,75776,-0.2707636718750013,16,-0.18437500000000107,-0.27481689,0.5000000275671485,0.4988166391849518,0.2,730,0.013226973,0.8899708986282349,0.0142578125,-1.049312748014927,-0.003823507923516445,2.012891461793333,0.0003
0.12334277343750001,64.0,94,75,812,76800,-0.19521777343750124,16,-0.07187500000000116,-0.1600953199999998,0.5000000203028317,0.3874361515045166,0.2,740,0.008368351,0.9091922640800476,0.0603515625,-0.9397351488471031,0.0020929989987052977,1.9375995967537165,0.0003
0.10796093749999999,64.0,95,76,812,77824,-0.6642109375000002,16,-0.5562500000000004,-0.3356076799999999,0.5000000227242707,0.2444564253091812,0.2,750,0.0071490565,0.9093623161315918,0.04873046875,-0.864537114650011,-0.0034167629928560928,1.8668058679439128,0.0003
0.13542773437500003,64.0,97,77,811,78848,-1.3354277343749996,16,-1.2,-0.35451659,0.5000000184401868,3.1642658710479736,0.2,760,0.008019057,0.9027547836303711,0.04365234375,-0.7676319122314453,-0.000197228133038152,2.573852000851184,0.0003
0.061889648437500014,64.0,98,78,811,79872,-0.6025146484375006,16,-0.5406250000000004,-0.3868744,0.5000000284984709,0.7953847646713257,0.2,770,0.001282466,0.8567427396774292,0.0130859375,-0.7798899360001087,-0.0001746987851220183,3.0891689786687495,0.0003
0.0891005859375,64.0,99,79,811,80896,-0.44847558593750114,16,-0.359375000000001,-0.57042629,0.500000028871,0.15971392393112183,0.2,780,0.0050057797,0.8128121495246887,0.05546875,-0.8115293871611357,-0.003424000518862158,2.425591359473765,0.0003
0.09932714843750001,64.0,100,80,812,81920,-1.1274521484375004,16,-1.0281250000000002,-0.6808465900000001,0.5000000087544317,0.28952962160110474,0.2,790,0.00380741,0.8490026593208313,0.0916015625,-0.8417054310441017,-0.001154811271408107,2.3681876820046455,0.0003
0.0726435546875,64.0,102,81,811,82944,0.07110644531249982,16,0.14374999999999993,-0.7740147200000002,0.5000000167638062,1.3422967195510864,0.2,800,0.0056395642,0.8457950353622437,0.043359375,-0.9018060646951198,-0.0018736063299002125,2.229461327940226,0.0003
0.112892578125,64.0,103,82,811,83968,-0.03164257812500154,16,0.08124999999999843,-0.7336487700000001,0.5000000273808838,15.701921463012695,0.2,810,0.0045257406,0.7613742351531982,0.041015625,-0.9213654562830925,-0.005639825091930106,3.2858812866266818,0.0003
0.08779394531250001,64.0,104,83,811,84992,-0.5127939453125003,16,-0.42500000000000027,-0.63874673,0.5000000461935995,0.7013549208641052,0.2,820,0.011451368,0.8424084186553955,0.12958984375,-0.8264776196330785,0.0031662154098739846,2.6724117496050894,0.0003
0.0864208984375,64.0,106,84,810,86016,-0.21767089843749976,16,-0.13124999999999987,-0.3229354900000001,0.5000000374391674,0.5824564099311829,0.2,830,0.0068550026,0.9086955189704895,0.0853515625,-0.7543714806437493,-0.005971444581518881,1.6362959107384085,0.0003
0.11355761718750002,64.0,107,85,809,87040,-1.1323076171874995,16,-1.0187499999999994,-0.5459334600000001,0.5000000515952704,0.6711972951889038,0.2,840,0.0045505716,0.8579788208007812,0.0455078125,-0.8209941271692515,-0.003269097168231383,2.9254995338618754,0.0003
0.12195312500000002,64.0,108,86,809,88064,-2.7282031250000003,16,-2.60625,-0.71161174,0.5000000176951291,0.148727148771286,0.2,850,0.0030598093,0.8847364783287048,0.01943359375,-0.7837564926594496,-0.0018260998243931682,3.0299006712622942,0.0003
0.09686230468750001,64.0,110,87,809,89088,-0.5531123046875003,16,-0.4562500000000005,-0.7529852200000002,0.5000000488013034,0.4401629865169525,0.2,860,0.0012103841,0.798317551612854,0.0123046875,-0.801355478540063,-0.002355758033809252,3.4100281676277517,0.0003
0.09813378906250002,64.0,111,88,809,90112,0.048741210937499335,16,0.14687499999999934,-0.7727361800000001,0.5000000482425089,1.9448363780975342,0.2,870,0.010161785,0.7802647948265076,0.08623046875,-0.842620761692524,-0.004313914087833837,3.187516668625176,0.0003
0.04666894531250001,64.0,112,89,808,91136,3.1189560546874997,16,3.165624999999999,-0.15806929000000003,0.5000000523403283,0.6364445090293884,0.2,880,0.0011868661,0.6901054978370667,0.01513671875,-0.7917620353400707,-0.0012179594836197794,4.96850384902209,0.0003
0.09846093750000001,64.0,113,90,809,92160,-0.48283593750000015,16,-0.384375,-0.53743713,0.5000000247731804,0.42038702964782715,0.2,890,0.008732445,0.6305761337280273,0.061328125,-0.8316227953881026,-0.0034468894882593304,4.2646590828895565,0.0003
0.10084570312499999,64.0,115,91,809,93184,-0.4477207031250001,16,-0.3468750000000001,-0.23624118000000013,0.5000000439584257,0.6944262385368347,0.2,900,0.008330466,0.8104348182678223,0.00458984375,-0.8509162295609712,-0.002151312568457797,3.631114428117871,0.0003
0.07271191406250001,64.0,116,92,809,94208,0.5710380859374994,16,0.6437499999999994,0.2961855499999999,0.5000000176951289,3.6850974559783936,0.2,910,0.012706426,0.8972123265266418,0.04169921875,-0.8740620967000723,-0.004833146298187785,1.8681154844351113,0.0003
0.09336328125,64.0,117,93,808,95232,0.5785117187499997,16,0.6718749999999998,0.5873236799999999,0.500000004097819,3.5482490062713623,0.2,920,0.019633975,0.7094755172729492,0.080859375,-0.8469483539462089,-0.00639221923192963,4.9523345697671175,0.0003
0.09575976562500002,64.0,119,94,808,96256,-0.5770097656249994,16,-0.48124999999999885,0.6232899499999996,0.5000000506639478,8.119589805603027,0.2,930,0.012173386,0.5884628295898438,0.0447265625,-0.7673822224140168,0.0005659932328853756,5.217826650571078,0.0003
0.13133203125,64.0,120,95,807,97280,-1.53445703125,16,-1.4031250000000002,-0.08080645000000003,0.5000000219792122,11.392950057983398,0.2,940,0.006840517,0.7174826860427856,0.01220703125,-0.7195917535573244,-0.0011936008144402877,6.141603461652994,0.0003
0.07736621093750001,64.0,121,96,808,98304,1.0538837890624992,16,1.1312499999999996,-0.12487518,0.5000000307336452,0.5841987729072571,0.2,950,0.0075578694,0.8779593110084534,0.03115234375,-0.6596411880105734,-0.0011836155710625463,2.9935664996504783,0.0003
0.1063291015625,64.0,122,97,808,99328,-1.2563291015624998,16,-1.15,-0.24272769000000008,0.5000000534579162,0.6325738430023193,0.2,960,0.005232638,0.7668802738189697,0.1123046875,-0.7455990612506866,-0.00827513930562418,4.158832356985658,0.0003
0.08245019531250002,64.0,124,98,807,100352,0.017549804687500337,16,0.10000000000000031,-0.20984144999999996,0.5000000488013023,1.2927595376968384,0.2,970,0.008172868,0.8983006477355957,0.07412109375,-0.7974615648388863,-0.0036505958516499957,2.57289458271116,0.0003
,,,,,,,,,,0.5000000501051546,1.128030776977539,0.2,980,0.008277974,0.8210707902908325,0.04306640625,-0.7953058544546365,-0.0004356942605227232,3.769723011739552,0.0003
