kind,name,mean,episode_se,episode_ci,seed_ci
policy,feedforward,2.512422029113768,0.042526578198172876,"[2.434259714736937, 2.5985942927551258]","[2.2098621586810165, 2.81498189954652]"
policy,history,2.7228570922851554,0.04126526671134256,"[2.646572271690368, 2.806000434417724]","[2.609081152135354, 2.836633032434958]"
policy,belief,2.8857432708740225,0.05623092322596322,"[2.779625527191161, 3.0011474726867666]","[2.4974110760569945, 3.2740754656910505]"
policy,recurrent_ent0,0.6298414016723648,0.08063643450292172,"[0.4697021886444107, 0.7880984878158586]","[-0.0028171795166760383, 1.2624999828614056]"
policy,recurrent_ent001,1.344962072753906,0.05745078111444572,"[1.2368185238647458, 1.461245506134033]","[0.322134476910352, 2.36778966859746]"
policy,fixed_2,-0.30429843902587855,0.14559462753138253,"[-0.5886404008865352, -0.027069309234618654]",
policy,fixed_4,-0.19479040527343924,0.11000766905332118,"[-0.4052042955398577, 0.01608591403961004]",
policy,fixed_5,0.9403826980590839,0.08100490703638727,"[0.7830382650375386, 1.1011400043487565]",
policy,fixed_8,-0.31507230377197304,0.1500523394214993,"[-0.5968576755523685, -0.03133537979126021]",
policy,fixed_9,0.0,0.0,"[0.0, 0.0]",
policy,myopic,3.6020108642578115,0.055133313671672,"[3.496263111305236, 3.7153070810317987]",
comparison,entropy_effect,0.7151206710815413,0.040298775180056604,"[0.6377835656738265, 0.7937521360778793]","[-0.6383481347005711, 2.0685894768636537]"
comparison,entropy_minus_feedforward,-1.1674599563598622,0.028478480398326157,"[-1.2225465368270865, -1.1138925758743279]","[-1.9787697407189346, -0.35615017200079024]"
comparison,entropy_minus_history,-1.3778950195312492,0.03314248920238363,"[-1.4422319445419305, -1.3151872700881952]","[-2.410650090986529, -0.34513994807596937]"
comparison,entropy_minus_belief,-1.5407811981201163,0.032379381870640794,"[-1.6015998073196402, -1.4786256047058097]","[-2.325512860201428, -0.7560495360388043]"
comparison,entropy_minus_fixed_5,0.40457937469482225,0.031941159529044715,"[0.3438786253356916, 0.4674309627151468]","[-0.6182482211487322, 1.4274069705383767]"
