kind,name,mean,episode_only_se,episode_ci_low,episode_ci_high,training_seed_sd,training_seed_ci_low,training_seed_ci_high,episodes_per_run,training_seed_count
policy,recurrent,0.6569551681518568,0.08000361894408367,0.5040055385971083,0.8132947900772107,0.4904568013159179,0.04797261528370511,1.2659377210200087,2048,5
policy,feedforward,2.500085058593749,0.04225377598904823,2.420841273574828,2.5835587137222276,0.2412980064007709,2.20047401120757,2.799696105979927,2048,5
policy,history,2.6998662445068353,0.04152634384621157,2.621072961082458,2.78294275402069,0.0949367224044214,2.5819867341898,2.8177457548238696,2048,5
policy,belief,2.8712317535400382,0.05636837251194406,2.7643648025894154,2.983432227821349,0.28176450897438304,2.5213749067749855,3.221088600305091,2048,5
policy,fixed_2,-0.226894538879394,0.14561069623801426,-0.4988238298416132,0.06361206989288393,,,,2048,0
policy,fixed_4,-0.10462809753418134,0.11001480647169296,-0.3106683921813983,0.1106902051925645,,,,2048,0
policy,fixed_5,0.9461864547729508,0.08036883065949675,0.7914417442321793,1.1010163892745988,,,,2048,0
policy,fixed_8,-0.21651766967773473,0.14932350620525417,-0.5054677803039554,0.0755862773895261,,,,2048,0
policy,fixed_9,0.0,0.0,0.0,0.0,,,,2048,0
policy,myopic,3.5126848602294913,0.054900815268442024,3.409298451805114,3.623127195739745,,,,2048,0
paired_policy_difference,recurrent_minus_feedforward,-1.843129890441892,0.05592697402829643,-1.9493389479827854,-1.73282718822479,0.556612554053954,-2.5342556597589336,-1.1520041211248513,2048,5
paired_policy_difference,recurrent_minus_history,-2.0429110763549785,0.05940077932384089,-2.1569522225570656,-1.924466032257078,0.45768293303701263,-2.6111994968993413,-1.4746226558106157,2048,5
paired_policy_difference,recurrent_minus_belief,-2.214276585388181,0.05055249839760368,-2.310585386962888,-2.1137339724349955,0.459412719376734,-2.784712819355161,-1.6438403514212019,2048,5
paired_policy_difference,recurrent_minus_fixed_5,-0.28923128662109404,0.024678441123401135,-0.336614336357117,-0.2409460642623904,0.490456801315918,-0.8982138394892459,0.31975126624705774,2048,5
paired_budget_gain,recurrent,0.08684572906494173,0.021430683895913995,0.045576422042847065,0.1297553669738773,0.395867899146296,-0.40468918934957265,0.5783806474794561,2048,5
paired_budget_gain,feedforward,1.3573161422729476,0.031856623772534384,1.2928991542053208,1.4189896236419663,0.4052176240812472,0.8541720070135966,1.8604602775322991,2048,5
paired_budget_gain,history,0.7991686828613281,0.01648617493696681,0.7669943303298951,0.8307134240341186,0.36033512358046543,0.3517535326231601,1.2465838330994963,2048,5
paired_budget_gain,belief,0.2585360549926754,0.012223455488004116,0.2348388227081295,0.2829167290115352,0.39564565784691846,-0.2327229144014878,0.7497950243868388,2048,5
