policy,training_seed_count,episodes_per_run,objective_mean,episode_only_se,episode_ci_low,episode_ci_high,training_seed_sd,training_seed_ci_low,training_seed_ci_high,profit_mean,penalty_mean,mean_abs_inventory_mean,abstain_rate_mean
recurrent,5,1024,0.48641509704589947,0.10816604759746497,0.2787094326782238,0.6942646801757822,0.4607052525794549,-0.08562602886538134,1.0584562229571803,0.5659667968750011,0.07955169982910154,6.449649047851563,0.0143646240234375
feedforward,5,1024,1.0806695159912114,0.08523264752011116,0.913027256164551,1.2469595838165284,0.2875778458441498,0.7235944581255387,1.4377445738568841,1.1396972656250004,0.05902774963378905,5.514065551757812,0.0454986572265625
history,5,1024,1.8596488494873038,0.06368109276937431,1.7374064002990712,1.9791911592102043,0.4309166413340839,1.324595169715888,2.39470252925872,1.904189453124999,0.044540603637695304,4.734805297851563,0.060870361328125
belief,5,1024,2.6123373870849607,0.08329420120441679,2.4486230895996086,2.775309989547729,0.5417564358103508,1.939657924944059,3.2850168492258613,2.6609863281249995,0.048648941040039057,4.9440460205078125,0.008843994140624999
fixed_2,0,1024,-0.2453328247070308,0.2118392118407589,-0.6504503479003904,0.1766209533691413,,,,-0.14638671874999967,0.09894610595703124,7.335235595703125,0.0
fixed_4,0,1024,-0.2169890899658221,0.1546228503245357,-0.5190300647735614,0.08021539993285973,,,,-0.12949218750000174,0.08749690246582029,6.8336639404296875,0.0
fixed_5,0,1024,0.8837277221679705,0.1125388279976647,0.6664143363952656,1.1017616382598896,,,,0.9615234375000017,0.07779571533203125,6.344818115234375,0.0
fixed_8,0,1024,-0.3818316345214848,0.20561447743797973,-0.7764647686004642,0.014217572021483835,,,,-0.2837402343750004,0.09809140014648436,7.256622314453125,0.0
fixed_9,0,1024,0.0,0.0,0.0,0.0,,,,0.0,0.0,0.0,1.0
myopic,0,1024,3.459558074951171,0.07628379655118159,3.313215030670165,3.6063576477050767,,,,3.499267578124999,0.03970950317382812,4.38079833984375,0.0
