time/iterations,time/fps,economics/episodes,time/time_elapsed,economics/objective_mean,rollout/ep_rew_mean,economics/profit_mean,economics/inventory_penalty_total_mean,rollout/ep_len_mean,time/total_timesteps,train/explained_variance,train/entropy_loss,train/clip_range,train/policy_gradient_loss,train/approx_kl,train/learning_rate,train/clip_fraction,train/n_updates,train/post_clip_gradient_norm,train/value_loss,train/loss
1,7105,16,0,0.21261816406249945,0.2126181874999999,0.2687499999999996,0.05613183593750001,64.0,1024,,,,,,,,,,,
2,2643,16,0,-3.636025390625,-1.7117036562499999,-3.54375,0.09227539062500001,64.0,2048,-0.011216998100280762,-2.3011016473174095,0.2,-0.007613310375018045,0.003856517,0.0003,0.00791015625,10,0.49999959468841554,4.299470581114292,1.4745051860809326
3,2158,16,1,-0.6474697265625009,-1.3569590208333333,-0.587500000000001,0.059969726562500006,64.0,3072,0.46883827447891235,-2.2964537501335145,0.2,-0.005802903303992935,0.0040917397,0.0003,0.00322265625,20,0.4999997328966855,3.4905543819069864,0.6757463216781616
4,1920,16,2,-1.38123828125,-1.36302884375,-1.290625,0.09061328125000001,64.0,4096,0.7851072549819946,-2.2836040571331977,0.2,-0.015662878271541558,0.012577677,0.0003,0.08779296875,30,0.49953522793948646,1.3996022948995233,0.7800459861755371
5,1741,16,2,-1.811509765625,-1.4527250375,-1.7187500000000002,0.092759765625,64.0,5120,0.8212029933929443,-2.26374104321003,0.2,-0.01036331455106847,0.00889902,0.0003,0.0509765625,40,0.49999963715672496,2.039879333227873,0.8130309581756592
6,1679,16,3,-1.3745244140625004,-1.4396916145833334,-1.3031250000000003,0.07139941406250001,64.0,6144,0.7802966833114624,-2.261565126478672,0.2,-0.0091290905198548,0.009121466,0.0003,0.041796875,50,0.49999965634197024,1.8925566673278809,0.7335801720619202
7,1652,16,4,0.7898486328124998,-1.0955915799999998,0.8562499999999998,0.0664013671875,64.0,7168,0.7781854271888733,-2.2492291241884232,0.2,-0.006475154202780687,0.008218558,0.0003,0.03037109375,60,0.4999996513128282,2.1066280990839004,1.3606271743774414
8,1612,16,5,-1.2244365234374999,-1.1637400299999998,-1.1749999999999998,0.04943652343750001,64.0,8192,0.7513906359672546,-2.2274856373667715,0.2,-0.009075229911832138,0.011404795,0.0003,0.038671875,70,0.49999968465417644,2.561022602021694,1.4402246475219727
9,1610,16,5,-0.3803837890624997,-0.7100219,-0.34062499999999996,0.03975878906250001,64.0,9216,0.6119685173034668,-2.2034496054053307,0.2,-0.009928592617507092,0.009147747,0.0003,0.04873046875,80,0.49999968614429224,2.0664691001176836,0.7945534586906433
10,1596,16,6,1.1254560546874999,-0.6097145399999999,1.1687499999999997,0.04329394531250001,64.0,10240,0.7373552322387695,-2.1889899760484695,0.2,-0.007895075876149349,0.007965124,0.0003,0.03359375,90,0.4999833254143596,1.8641358673572541,0.7758129239082336
11,1576,16,7,-0.5256835937500003,-0.24694003999999997,-0.43437500000000034,0.09130859375,64.0,11264,0.7379374504089355,-2.1981789827346803,0.2,-0.01106817735126242,0.009933539,0.0003,0.06162109375,100,0.49995717480778673,1.5567314989864827,0.5962275266647339
12,1579,16,7,-1.4271552734375008,-0.3047983000000001,-1.3312500000000007,0.09590527343750001,64.0,12288,0.6522774696350098,-2.176142045855522,0.2,-0.007475610624533146,0.009010106,0.0003,0.02138671875,110,0.4999997306615114,4.1861794598400595,1.7261581420898438
13,1580,16,8,-0.8439960937500008,-0.5325597400000002,-0.787500000000001,0.056496093750000004,64.0,13312,0.76329505443573,-2.175405415892601,0.2,-0.008143294841283932,0.007982913,0.0003,0.0357421875,120,0.4999996872618794,2.888684580475092,1.2142575979232788
14,1567,16,9,-2.339751953125001,-0.6941077099999999,-2.2218750000000007,0.11787695312500002,64.0,14336,0.6830644607543945,-2.1755980119109153,0.2,-0.007264497457072139,0.0073526,0.0003,0.0306640625,130,0.4999996425583959,2.1451192423701286,1.3009730577468872
15,1569,16,9,0.0031894531249996305,-0.6471744300000002,0.06874999999999942,0.06556054687500001,64.0,15360,0.8929876685142517,-2.162255197763443,0.2,-0.00909947207546793,0.0076882876,0.0003,0.0521484375,140,0.49999962355941535,1.7200675062835216,0.9366741180419922
16,1550,16,10,-0.31403808593750104,-0.9830945899999999,-0.259375000000001,0.05466308593750001,64.0,16384,0.7785558700561523,-2.0978849336504934,0.2,-0.01163866849092301,0.00929212,0.0003,0.066015625,150,0.49999971911311153,3.1344943806529044,1.7052279710769653
17,1539,16,11,1.3309609374999996,-0.5673556799999998,1.3624999999999994,0.031539062500000006,64.0,17408,0.7078179717063904,-2.1262074023485185,0.2,-0.010367404809221626,0.007621444,0.0003,0.073046875,160,0.49999971073120814,2.873623353987932,1.1986356973648071
18,1542,16,11,-0.6420712890625003,-0.61907583,-0.5750000000000003,0.06707128906250001,64.0,18432,0.7943263649940491,-2.135965809226036,0.2,-0.013188908676966093,0.0130540095,0.0003,0.11259765625,170,0.49999960139393806,1.7469080489128828,0.4583876132965088
19,1529,16,12,0.22184765624999947,-0.3001412899999999,0.3156249999999998,0.09377734375,64.0,19456,0.8602116107940674,-2.134490539133549,0.2,-0.012563517154194414,0.010090541,0.0003,0.082421875,180,0.4996032558381559,1.6346470896154641,0.846779465675354
20,1520,16,13,0.3156083984374996,0.059847460000000005,0.3656249999999996,0.0500166015625,64.0,20480,0.7670729756355286,-2.1074951395392416,0.2,-0.013269657347700558,0.009283795,0.0003,0.082421875,190,0.49999975580722067,4.028805730491877,2.2234370708465576
21,1513,16,14,-1.3342392578125004,-0.21281332,-1.2593750000000004,0.0748642578125,64.0,21504,0.8798484802246094,-2.139883038401604,0.2,-0.010631468371138908,0.009289822,0.0003,0.06044921875,200,0.4996573429554698,1.422977638617158,0.4817732870578766
22,1511,16,14,1.0617958984375,0.34337320000000005,1.13125,0.06945410156250001,64.0,22528,0.7911462187767029,-2.0760678559541703,0.2,-0.01168591646128334,0.010622427,0.0003,0.0771484375,210,0.49999968130141514,2.009775986522436,0.6163500547409058
23,1517,16,15,-1.7644902343750006,-0.21722289000000006,-1.6562500000000004,0.108240234375,64.0,23552,0.7434641718864441,-2.0674804002046585,0.2,-0.012221357377711684,0.00859618,0.0003,0.04951171875,220,0.49999969247728576,2.571216993033886,1.242263674736023
24,1522,16,16,-0.18883496093750018,-0.41030151000000004,-0.09687500000000016,0.0919599609375,64.0,24576,0.8889212012290955,-2.022552415728569,0.2,-0.015111470149713568,0.0108610075,0.0003,0.09912109375,230,0.4999996146187187,1.8543987531214952,0.9048168659210205
25,1524,16,16,-1.6812851562500004,-0.6262105600000002,-1.6000000000000005,0.08128515625,64.0,25600,0.8881388902664185,-2.048386066406965,0.2,-0.013433720241300762,0.009843567,0.0003,0.07705078125,240,0.4999996507540345,1.8548451267182826,0.8762341141700745
26,1528,16,17,-0.40950683593750026,-0.5898960300000001,-0.34375000000000033,0.06575683593750001,64.0,26624,0.8087595701217651,-1.9916182711720467,0.2,-0.008690451337315608,0.008568975,0.0003,0.05390625,250,0.4999996699392796,2.025450509786606,0.6345605850219727
27,1529,16,18,1.1835244140624996,-0.2699772899999999,1.2343749999999998,0.0508505859375,64.0,27648,0.8434176445007324,-1.9955724149942398,0.2,-0.013430847704876214,0.010127881,0.0003,0.06787109375,260,0.49999963715672485,1.5055574622005223,1.0734165906906128
28,1528,16,18,-1.7400644531250002,-0.64641333,-1.6218750000000004,0.118189453125,64.0,28672,0.5992641448974609,-1.9996821843087673,0.2,-0.012637737713521346,0.008275582,0.0003,0.06416015625,270,0.49999971091747264,3.112542873620987,1.3449786901474
29,1521,16,19,1.1844453124999994,-0.49576254999999997,1.2437499999999997,0.059304687500000015,64.0,29696,0.8644766211509705,-2.0678437113761903,0.2,-0.010968274890910835,0.01073866,0.0003,0.072265625,280,0.4999996198341248,1.7024479009211064,0.7608461976051331
30,1524,16,20,-1.0026220703125008,-0.33663222000000004,-0.9312500000000008,0.07137207031250002,64.0,30720,0.8176124095916748,-1.9977833300828933,0.2,-0.013809633150231093,0.008445622,0.0003,0.04404296875,290,0.49881343338638534,1.3180152088403703,0.4121798574924469
31,1523,16,20,0.21366308593750014,-0.10073081000000006,0.26249999999999996,0.0488369140625,64.0,31744,0.809578537940979,-1.894120979309082,0.2,-0.0095555292267818,0.0092504565,0.0003,0.07431640625,300,0.49973158016800867,1.177624642290175,0.2539635896682739
32,1524,16,21,-2.3250869140625006,-0.3759481300000001,-2.2125000000000004,0.11258691406250002,64.0,32768,0.8249947428703308,-1.8170454308390618,0.2,-0.012614126811968163,0.009419601,0.0003,0.07744140625,310,0.4996831601485609,1.041583079472184,0.5882838368415833
33,1527,16,22,1.6387001953125,-0.25301173,1.69375,0.05504980468750001,64.0,33792,0.9185863733291626,-1.8161843344569206,0.2,-0.01118589443503879,0.010456449,0.0003,0.06689453125,320,0.49924947004765263,0.8474695738404989,0.31215789914131165
34,1525,16,22,-0.2916982421875001,-0.14856674000000006,-0.20625000000000013,0.0854482421875,64.0,34816,0.7755644917488098,-1.7687346443533898,0.2,-0.009000729260151275,0.006834718,0.0003,0.03154296875,330,0.49992728158831595,1.8908494740724564,0.8460816740989685
35,1529,16,23,-2.453983398437501,-0.5870489400000001,-2.359375000000001,0.09460839843750002,64.0,35840,0.842936098575592,-1.8715967699885367,0.2,-0.008626758813625202,0.0106987115,0.0003,0.065625,340,0.4999995738267899,1.871227989718318,0.899027407169342
36,1529,16,24,-0.3588320312500002,-0.66693361,-0.2718750000000002,0.08695703125000001,64.0,36864,0.8341531753540039,-1.9094136357307434,0.2,-0.012974180481978691,0.0097982455,0.0003,0.08017578125,350,0.49999965000897656,1.483765621110797,0.6204958558082581
37,1533,16,24,1.7165712890624993,-0.38617502000000004,1.7656249999999996,0.04905371093750001,64.0,37888,0.809677243232727,-1.6068520985543728,0.2,-0.011041422831476666,0.010576299,0.0003,0.0796875,360,0.49970580451190505,1.410834278538823,0.7400147318840027
38,1538,16,25,2.1857499999999996,0.3896496499999999,2.234375,0.048625,64.0,38912,0.6760910749435425,-1.6245043143630027,0.2,-0.0059705966705223545,0.0072338143,0.0003,0.02978515625,370,0.49999972879886656,3.142109300941229,1.9584319591522217
39,1542,16,25,-0.4319472656250002,0.11339309000000013,-0.35312500000000013,0.078822265625,64.0,39936,0.8199628591537476,-1.469412514567375,0.2,-0.007031901009031572,0.00861513,0.0003,0.0498046875,380,0.499999595247209,1.312430327385664,0.6315000653266907
40,1544,16,26,0.9465156249999983,0.31297372,1.0468749999999984,0.100359375,64.0,40960,0.8144826889038086,-1.7785042814910412,0.2,-0.011783185732201672,0.0070519242,0.0003,0.07705078125,390,0.4999996544793247,1.8197455439716577,0.7282314300537109
41,1547,16,27,1.1669931640624995,0.7765729499999999,1.2343749999999993,0.06738183593750002,64.0,41984,0.8254696130752563,-1.6381826765835286,0.2,-0.010379371940507554,0.007961668,0.0003,0.05,400,0.4999996922910213,2.257621770352125,1.2736988067626953
42,1546,16,27,-0.08705371093750008,0.9686144999999999,-0.009375000000000133,0.0776787109375,64.0,43008,0.871044397354126,-1.6614017173647881,0.2,-0.010551117398426868,0.0064966707,0.0003,0.05107421875,410,0.4999996922910213,2.4458449475467203,1.0151430368423462
43,1546,16,28,0.5980351562499997,0.78786968,0.6499999999999998,0.05196484375000001,64.0,44032,0.9010140895843506,-1.735539910942316,0.2,-0.009444737547892147,0.008878655,0.0003,0.0689453125,420,0.4999996660277247,1.4593320205807685,0.8248072266578674
44,1547,16,29,-0.9666826171875003,0.2929039200000001,-0.8906250000000002,0.0760576171875,64.0,45056,0.7570117712020874,-1.6581902645528317,0.2,-0.009460788493743166,0.009697035,0.0003,0.05244140625,430,0.49999963734298947,1.6622155651450157,0.9899504780769348
45,1550,16,29,0.1697734374999994,0.25506877000000006,0.22499999999999942,0.05522656250000001,64.0,46080,0.8423292636871338,-1.810859878361225,0.2,-0.008586430543800816,0.009928783,0.0003,0.074609375,440,0.499999624863267,1.3637194380164146,0.7251313328742981
46,1552,16,30,1.9714335937500005,0.6305084500000001,2.0093750000000004,0.03794140625000001,64.0,47104,0.8401761054992676,-1.701648584753275,0.2,-0.014155109945568256,0.0096599,0.0003,0.10615234375,450,0.4997470291331411,1.4825091380625963,1.5946797132492065
47,1551,16,31,1.1358720703124998,0.48179159,1.1906249999999998,0.05475292968750001,64.0,48128,0.7075456380844116,-1.6072200864553452,0.2,-0.006049437992624007,0.007140851,0.0003,0.041796875,460,0.4999996507540344,1.8097396444529295,0.412036657333374
48,1550,16,31,0.7430849609374993,0.54822581,0.8093749999999993,0.06629003906250003,64.0,49152,0.7425203919410706,-1.5989144921302796,0.2,-0.013150877665611915,0.00903145,0.0003,0.083984375,470,0.49999965094029897,1.954966203868389,1.4866377115249634
49,1554,16,32,-0.576971679687501,0.5269376700000001,-0.4875000000000008,0.0894716796875,64.0,50176,0.8712568879127502,-1.652130976319313,0.2,-0.015811705082887782,0.010651181,0.0003,0.07763671875,480,0.4998889993876219,0.9614988103508949,0.2795797884464264
50,1557,16,32,0.5997714843749999,0.6135293599999999,0.6593749999999998,0.059603515625000006,64.0,51200,0.870542585849762,-1.6800990901887416,0.2,-0.010723741998663171,0.009300632,0.0003,0.0595703125,490,0.4999996615573762,1.629533003643155,0.617423415184021
51,1556,16,33,0.40747656250000047,0.75064122,0.4750000000000003,0.0675234375,64.0,52224,0.8873641490936279,-1.4486984685063362,0.2,-0.011329469953489024,0.0077419872,0.0003,0.064453125,500,0.4999995382502676,0.90361172221601,0.4129396080970764
52,1557,16,34,2.1077548828124995,0.77479218,2.1999999999999993,0.0922451171875,64.0,53248,0.8844748139381409,-1.5556987337768078,0.2,-0.01071399923239369,0.00659019,0.0003,0.04736328125,510,0.4999996086582543,1.5526039037853478,0.6246028542518616
53,1558,16,34,1.4604033203125,0.76997812,1.5125000000000002,0.05209667968750001,64.0,54272,0.8964648842811584,-1.420405875891447,0.2,-0.008446121000451967,0.007501034,0.0003,0.04677734375,520,0.4999996330589056,1.2990262128412724,0.6555386781692505
54,1560,16,35,0.028843749999999974,0.6019035899999998,0.09062499999999996,0.06178125,64.0,55296,0.8566267490386963,-1.569013924151659,0.2,-0.009755364869488404,0.008616667,0.0003,0.062109375,530,0.49999967403709866,2.061460870504379,0.9112961292266846
55,1561,16,36,-0.08934667968749999,0.7303603200000002,0.01875000000000021,0.1080966796875,64.0,56320,0.8414071202278137,-1.5605351366102695,0.2,-0.008363583488971926,0.0060450495,0.0003,0.06064453125,540,0.49994785096496336,1.489858004450798,0.5782988667488098
56,1563,16,36,0.058305664062500484,0.6648371999999999,0.1375000000000005,0.0791943359375,64.0,57344,0.8686747550964355,-1.5659214951097966,0.2,-0.009389187424676492,0.008400658,0.0003,0.06103515625,550,0.4999996339902281,1.4397309739142656,0.6718690991401672
57,1564,16,37,1.832,0.8770567199999999,1.88125,0.04925,64.0,58368,0.8783742785453796,-1.4577251002192497,0.2,-0.011076600122032687,0.006173641,0.0003,0.03125,560,0.49999956283718355,1.1169839430600406,0.4237964153289795
58,1566,16,37,0.10068261718749993,0.5462081099999999,0.175,0.07431738281250001,64.0,59392,0.764302134513855,-1.3970131434500217,0.2,-0.010850615432718768,0.0074153296,0.0003,0.0451171875,570,0.4999996194615958,1.5545771099627017,1.0644326210021973
59,1567,16,38,1.8574394531249991,0.7226593700000002,1.9031249999999993,0.04568554687500001,64.0,60416,0.9144998788833618,-1.4484496369957924,0.2,-0.008809897203173022,0.0063218125,0.0003,0.04580078125,580,0.4999995520338418,0.9976648166775703,0.3390902876853943
60,1567,16,39,1.6701582031249995,0.82065405,1.7187499999999996,0.04859179687500001,64.0,61440,0.8607718348503113,-1.4833576172590255,0.2,-0.012461968936258927,0.008765656,0.0003,0.07900390625,590,0.49999959710985425,1.474598240852356,0.7905359268188477
61,1565,16,39,0.9203583984374997,1.01901372,0.9937499999999997,0.0733916015625,64.0,62464,0.8364839553833008,-1.3372569851577283,0.2,-0.010522399059846066,0.007900963,0.0003,0.07177734375,600,0.4997559612616896,1.2955718260258435,0.42803797125816345
62,1567,16,40,2.1252275390625,1.4824823000000003,2.16875,0.04352246093750001,64.0,63488,0.8691284656524658,-1.4723194263875485,0.2,-0.0037349404912674798,0.0058956677,0.0003,0.0228515625,610,0.49999958761036406,1.286122177168727,0.6532811522483826
63,1568,16,41,2.3758076171875,1.4625257600000001,2.434375,0.05856738281250001,64.0,64512,0.8119838237762451,-1.336912878602743,0.2,-0.0068001419596839694,0.009588679,0.0003,0.07509765625,620,0.4997606541961435,1.5516254357993602,0.9431642293930054
64,1570,16,41,1.5980791015625,1.6913548500000002,1.65625,0.05817089843750001,64.0,65536,0.8496487736701965,-1.2739276051521302,0.2,-0.009816175181185827,0.0073296297,0.0003,0.05390625,630,0.49999963343143466,1.4413616020232438,0.695361852645874
65,1571,16,42,1.806974609375,1.7481968699999997,1.853125,0.04615039062500001,64.0,66560,0.8282109498977661,-1.2894270844757556,0.2,-0.008422603263170458,0.0048071872,0.0003,0.02568359375,640,0.49999964255839613,1.6868701372295618,0.7568520307540894
66,1569,16,43,1.9189833984374998,1.8014382599999998,1.98125,0.06226660156250002,64.0,67584,0.8223028779029846,-1.34139584004879,0.2,-0.012330007020500489,0.012254311,0.0003,0.10009765625,650,0.499396026134491,1.2434383265674114,0.5387164950370789
67,1570,16,43,1.3787402343750013,1.7975730900000002,1.4593750000000012,0.08063476562500001,64.0,68608,0.8100248575210571,-1.3043838053941728,0.2,-0.008245748531771823,0.007829084,0.0003,0.04267578125,660,0.49999962877482174,1.6361794728785752,0.7752474546432495
68,1570,16,44,1.3107597656249999,1.7633491799999998,1.3468749999999998,0.036115234375000006,64.0,69632,0.877424955368042,-1.3155807666480541,0.2,-0.011058823320490773,0.008100765,0.0003,0.0759765625,670,0.4999995838850735,1.1235984396189451,0.3628263771533966
69,1569,16,45,2.30283203125,1.76060717,2.3406249999999997,0.03779296875000001,64.0,70656,0.8905820846557617,-1.4408890143036843,0.2,-0.009506699524354189,0.0086999405,0.0003,0.06982421875,680,0.49916483126580696,0.8551557786762715,0.4441235661506653
70,1570,16,45,2.3798916015625,1.9354023099999997,2.434375,0.05448339843750001,64.0,71680,0.8328264355659485,-1.4689016222953797,0.2,-0.010573663082323038,0.0054028956,0.0003,0.04560546875,690,0.49954965673387036,1.2470804028213025,0.37738555669784546
71,1570,16,46,1.9018642578125,1.91031761,1.95,0.0481357421875,64.0,72704,0.8911144733428955,-1.2513431757688522,0.2,-0.005411200356320478,0.004788137,0.0003,0.02958984375,700,0.49975621066987524,1.1859225604683161,0.7137675285339355
72,1571,16,46,1.9608876953124994,1.8380738600000002,2.0249999999999995,0.06411230468750001,64.0,73728,0.8672502040863037,-1.225781761109829,0.2,-0.009663105942308903,0.007960031,0.0003,0.0763671875,710,0.499999606795609,1.2757364608347417,0.3771078288555145
73,1570,16,47,1.8799628906249999,1.81902527,1.9406249999999998,0.06066210937500001,64.0,74752,0.8096582889556885,-1.2299949184060097,0.2,-0.014495178399374708,0.012421019,0.0003,0.0849609375,720,0.4999042462557555,1.6352449409663676,0.4612063467502594
74,1569,16,48,1.91513671875,2.0752840499999996,1.9687500000000002,0.053613281250000006,64.0,75776,0.8488630652427673,-1.1677572935819627,0.2,-0.009888382465578615,0.006403801,0.0003,0.045703125,730,0.49999961052089914,1.5131064284592868,0.5260372161865234
75,1567,16,48,2.3540361328125,2.02222701,2.409375,0.0553388671875,64.0,76800,0.8407326340675354,-1.140231615304947,0.2,-0.009174383175559343,0.006655858,0.0003,0.03798828125,740,0.4996634904295207,1.2260824404656887,0.5918208360671997
76,1568,16,49,1.9806777343749995,2.09510717,2.0374999999999996,0.05682226562500001,64.0,77824,0.8359458446502686,-1.1134041517972946,0.2,-0.010867325006984174,0.008489646,0.0003,0.08037109375,750,0.49943563546985403,1.4402051750570535,0.38328033685684204
77,1566,16,50,2.5181767578125,2.18339125,2.559375,0.041198242187500005,64.0,78848,0.7880244255065918,-1.1979623056948185,0.2,-0.012271582760149613,0.006949285,0.0003,0.07314453125,760,0.4999996727332474,2.0244941256940363,1.0368878841400146
78,1565,16,51,3.2121220703124997,2.32986311,3.256249999999999,0.044127929687500005,64.0,79872,0.8686054348945618,-1.1715963698923588,0.2,-0.009411533721140586,0.006862583,0.0003,0.081640625,770,0.49871001075953253,1.0247821930795908,0.6499932408332825
79,1566,16,51,1.2545869140625006,2.1578831,1.3062500000000004,0.05166308593750002,64.0,80896,0.8520119786262512,-1.16374381929636,0.2,-0.00967053210188169,0.0063325632,0.0003,0.05947265625,780,0.4999996321275829,1.4530520409345626,0.9763271808624268
80,1566,16,52,2.2740400390625,2.2893602899999994,2.35625,0.08220996093750002,64.0,81920,0.8306589126586914,-1.1315219588577747,0.2,-0.008257203178072815,0.008227328,0.0003,0.0513671875,790,0.4997651092708111,1.9421283327043057,0.7117730379104614
81,1567,16,52,-0.005830078125000915,1.8088777700000003,0.09687499999999921,0.10270507812500002,64.0,82944,0.783420741558075,-0.9624084290117025,0.2,-0.0052936895517632365,0.0061054667,0.0003,0.02626953125,800,0.49999972488731165,2.2614458478987216,1.2748507261276245
82,1565,16,53,-0.06434570312500054,1.56831277,-0.0031250000000003775,0.061220703125,64.0,83968,0.9142844676971436,-1.0022563789039851,0.2,-0.009435857291100547,0.0077918814,0.0003,0.071484375,810,0.49999957755208024,1.3104852832853795,0.536165714263916
83,1565,16,54,1.7106357421875003,1.5069413600000001,1.7687500000000003,0.05811425781250001,64.0,84992,0.8791385293006897,-0.9482196476310492,0.2,-0.007068040547892451,0.005829424,0.0003,0.04814453125,820,0.4980955254286528,1.0948310252279043,0.5308364033699036
84,1566,16,54,1.7236308593749996,1.14140325,1.7656249999999996,0.041994140625,64.0,86016,0.8361119031906128,-0.8760371543467045,0.2,-0.00546832483378239,0.0054866606,0.0003,0.0423828125,830,0.4999996056780221,1.4535331699997187,0.6302338242530823
85,1567,16,55,-0.3060742187499995,0.9613435800000001,-0.1843749999999995,0.12169921875,64.0,87040,0.8196538686752319,-0.8512406598776578,0.2,-0.004004757522488944,0.0046409806,0.0003,0.033203125,840,0.49994071293622255,1.1333277344703674,0.4797498285770416
86,1567,16,56,2.0186220703125,0.85609029,2.075,0.05637792968750001,64.0,88064,0.9147030711174011,-0.8771970335394144,0.2,-0.007849591292324477,0.0066534746,0.0003,0.0453125,850,0.4994261987507341,1.0083236863836647,0.42137715220451355
87,1568,16,56,1.3327412109374999,1.0423706,1.3874999999999997,0.05475878906250001,64.0,89088,0.8507392406463623,-0.8068254709243774,0.2,-0.0065613660932285715,0.0042165066,0.0003,0.03154296875,860,0.4993518602102993,1.0089454162865876,0.4783455729484558
88,1570,16,57,1.6628935546875,1.24556135,1.7437500000000006,0.0808564453125,64.0,90112,0.8617504835128784,-0.7835990104824304,0.2,-0.004636753410159145,0.0045667198,0.0003,0.03076171875,870,0.4975479263812305,0.8525030661374331,0.23322148621082306
89,1569,16,58,2.0311181640625,1.43447402,2.071875,0.0407568359375,64.0,91136,0.8851436972618103,-0.7521008882671595,0.2,-0.0071716131031280385,0.00422432,0.0003,0.04853515625,880,0.4984628463163969,1.0782883558422327,0.34869903326034546
90,1571,16,58,1.05026953125,1.3530283900000004,1.134375,0.08410546875000001,64.0,92160,0.8695838451385498,-0.7752012237906456,0.2,-0.005534176839864813,0.0047238106,0.0003,0.04345703125,890,0.4995924700051545,0.9329380437731742,0.38771867752075195
91,1571,16,59,2.5755175781250004,1.6552162,2.6343750000000004,0.05885742187500001,64.0,93184,0.8736860156059265,-0.795220834761858,0.2,-0.007966358892736026,0.007041893,0.0003,0.05771484375,900,0.499999592266977,1.2887273360043765,0.7213916182518005
92,1571,16,59,0.9762949218750007,1.64431212,1.0625000000000004,0.08620507812500003,64.0,94208,0.844494104385376,-0.7786955203860998,0.2,-0.00674274777120445,0.0067343893,0.0003,0.0501953125,910,0.49999963305890543,1.5824654243886471,0.353428453207016
93,1573,16,60,2.0091796875000005,1.7471786900000001,2.0937500000000004,0.08457031250000002,64.0,95232,0.84282386302948,-0.785932720080018,0.2,-0.0092683906579623,0.00627076,0.0003,0.07060546875,920,0.49995741080492734,1.3305506154894828,0.4578130543231964
94,1572,16,61,1.1035947265625006,1.6871124499999999,1.1843750000000006,0.0807802734375,64.0,96256,0.8929134607315063,-0.7101066283881664,0.2,-0.008710073423571885,0.0055162073,0.0003,0.069140625,930,0.49999963492155064,1.4705360624939203,0.5722524523735046
95,1573,16,61,1.6970507812500006,1.54937244,1.7625000000000004,0.06544921875000001,64.0,97280,0.8746373653411865,-0.7065403640270234,0.2,-0.005425342501257546,0.004202529,0.0003,0.0283203125,940,0.4999691512435673,1.2227819699794054,0.5113895535469055
96,1573,16,62,2.4796503906250007,1.7230141400000003,2.531250000000001,0.051599609375000015,64.0,98304,0.885101854801178,-0.6661622501909733,0.2,-0.008044613583479077,0.005322694,0.0003,0.0494140625,950,0.49871214460581553,1.2826471503823995,0.6066149473190308
97,1574,16,63,1.3769042968750014,1.69526556,1.4468750000000012,0.06997070312500002,64.0,99328,0.8776273131370544,-0.5847652494907379,0.2,-0.0038928545982344076,0.0024573896,0.0003,0.01806640625,960,0.49814291130751337,1.0701846729964017,0.5842991471290588
98,1573,16,63,1.6103964843750003,1.73713699,1.6843750000000004,0.07397851562500002,64.0,100352,0.8653088808059692,-0.5336468230932951,0.2,-0.00663297453938867,0.005607159,0.0003,0.0599609375,970,0.49841766916215413,1.521216407418251,0.9634407758712769
,,,,,,,,,,0.9026352763175964,-0.5874150156974792,0.2,-0.003183716646162793,0.0033919278,0.0003,0.0263671875,980,0.4992780970409514,1.247206835821271,0.44796887040138245
