rollout/ep_rew_mean,economics/episodes,time/iterations,economics/profit_mean,economics/objective_mean,economics/inventory_penalty_total_mean,rollout/ep_len_mean,time/fps,time/total_timesteps,time/time_elapsed,train/learning_rate,train/entropy_loss,train/policy_gradient_loss,train/approx_kl,train/clip_range,train/clip_fraction,train/value_loss,train/post_clip_gradient_norm,train/explained_variance,train/n_updates,train/loss
-2.5674151875,16,1,-2.478125,-2.5674150390625,0.0892900390625,64.0,9293,1024,0,,,,,,,,,,,
-2.56559678125,16,2,-2.453125000000001,-2.5637783203125015,0.1106533203125,64.0,2657,2048,0,0.0003,-2.29774319678545,-0.01439093537919689,0.009830415,0.2,0.04462890625,4.765985588729381,0.4999997777864339,-0.021065711975097656,10,1.0506802797317505
-2.348634833333333,16,3,-1.8468750000000007,-1.9147109375000007,0.0678359375,64.0,2126,3072,1,0.0003,-2.2888264462351797,-0.015137017733650282,0.008371549,0.2,0.03173828125,4.70856902897358,0.49999977890402086,0.5001378059387207,20,1.4301203489303589
-2.273985875,16,4,-1.9562500000000007,-2.0500390625000007,0.09378906250000002,64.0,2007,4096,2,0.0003,-2.2808984354138375,-0.018855361427995376,0.008336514,0.2,0.05146484375,2.543815188854933,0.49999967459589245,0.5864419937133789,30,0.5861726403236389
-1.4071070625000002,16,5,2.078125,2.060408203125,0.017716796875000006,64.0,1908,5120,2,0.0003,-2.2762337267398833,-0.018793554851436058,0.008034902,0.2,0.05888671875,3.7765583992004395,0.4999997342005373,0.4409865736961365,40,2.2616658210754395
-1.3409212708333333,16,6,-0.9531250000000007,-1.0099921875000004,0.05686718750000001,64.0,1844,6144,3,0.0003,-2.268737718462944,-0.02489542410185095,0.010089566,0.2,0.0857421875,2.2500222150236366,0.4999996483325959,-0.5275262594223022,50,0.5835505127906799
-1.4464779999999997,16,7,-3.453125,-3.5395927734375006,0.0864677734375,64.0,1782,7168,4,0.0003,-2.2681483283638952,-0.02144208825484384,0.008512078,0.2,0.0537109375,2.777957084029913,0.499999675527215,0.2081071138381958,60,2.177736282348633
-1.21131144,16,8,-0.8250000000000002,-0.9023525390625,0.07735253906250003,64.0,1755,8192,4,0.0003,-2.258051596581936,-0.018446710854186678,0.0069979364,0.2,0.044140625,2.3792624175548553,0.49999973289668564,0.5603094100952148,70,0.8947080969810486
-0.98472144,16,9,-0.662500000000001,-0.731283203125001,0.06878320312500001,64.0,1720,9216,5,0.0003,-2.253672702610493,-0.01822121772856917,0.008217553,0.2,0.0595703125,3.401239836961031,0.49999975413084036,0.4402107000350952,80,2.79217529296875
-1.01051614,16,10,-1.7437500000000008,-1.811888671875001,0.06813867187500003,64.0,1694,10240,6,0.0003,-2.244950993359089,-0.017313474355614745,0.008289312,0.2,0.04169921875,3.2624218486249448,0.4999997811391948,0.4650396704673767,90,1.7035739421844482
-1.07218193,16,11,1.2781250000000002,1.23835546875,0.03976953125000001,64.0,1686,11264,6,0.0003,-2.226809507608414,-0.023948461504187436,0.008880306,0.2,0.055859375,1.5199682638049126,0.49999972097575657,0.6494424343109131,100,0.5307502150535583
-0.9506626899999999,16,12,0.22499999999999942,0.16812304687499952,0.05687695312500002,64.0,1668,12288,7,0.0003,-2.1978066086769106,-0.02007066073419992,0.008937359,0.2,0.075390625,2.527756080031395,0.49999978728592376,0.44451385736465454,110,1.106150507926941
-0.6660056299999998,16,13,-1.4937500000000004,-1.5914267578125003,0.0976767578125,64.0,1669,13312,7,0.0003,-2.1717689976096155,-0.01990477239014581,0.00809496,0.2,0.0421875,2.3208855323493482,0.4999997993931176,0.5272825360298157,120,0.8936590552330017
-0.7885018699999999,16,14,-2.168750000000001,-2.2754863281250013,0.106736328125,64.0,1667,14336,8,0.0003,-2.1339793995022776,-0.0194379627937451,0.007313599,0.2,0.0373046875,1.8118991546332837,0.49999979306012393,0.7865550518035889,130,0.776812732219696
-0.9662296799999999,16,15,-0.9156250000000001,-0.9990136718750002,0.08338867187500001,64.0,1670,15360,9,0.0003,-2.1176187247037888,-0.019950504497683142,0.007529155,0.2,0.0443359375,1.410628939419985,0.4999998003244399,0.8518956303596497,140,0.49014759063720703
-0.90513158,16,16,-1.35,-1.4498027343750002,0.09980273437500001,64.0,1664,16384,9,0.0003,-2.1197802647948265,-0.019866234378423542,0.0065737786,0.2,0.0302734375,1.8989803150296212,0.49999982640147195,0.7909526824951172,150,0.6153298020362854
-1.0649894,16,17,-1.7062500000000003,-1.8039423828125005,0.0976923828125,64.0,1664,17408,10,0.0003,-2.1088512569665907,-0.018041820367216133,0.0075090574,0.2,0.0453125,2.590021126717329,0.4999998692423106,0.826183021068573,160,1.3501508235931396
-1.5593361200000002,16,18,-1.3093750000000008,-1.381895507812501,0.0725205078125,64.0,1653,18432,11,0.0003,-2.1046862840652465,-0.02229162792500574,0.009095138,0.2,0.05224609375,2.8366290271282195,0.49999988060444583,0.7913683652877808,170,1.0782032012939453
-1.3140355200000002,16,19,-0.4187500000000008,-0.49217773437500095,0.073427734375,64.0,1645,19456,11,0.0003,-2.0947328343987466,-0.021611528069479392,0.01100538,0.2,0.07919921875,2.415749754756689,0.49999987110495575,0.8186250329017639,180,1.1582869291305542
-1.14951366,16,20,-0.525,-0.598830078125,0.07383007812500002,64.0,1644,20480,12,0.0003,-2.106787532567978,-0.02136897470918484,0.0091483565,0.2,0.0865234375,3.0944666154682636,0.49999989196658123,0.7783876061439514,190,1.1093233823776245
-1.22432041,16,21,-1.3187500000000012,-1.393048828125001,0.074298828125,64.0,1647,21504,13,0.0003,-2.107504689693451,-0.020756065720343032,0.0077515664,0.2,0.03505859375,2.453764394670725,0.4999998860061167,0.8103365898132324,200,1.164059042930603
-1.19137509,16,22,-0.8906250000000003,-0.9739589843750003,0.083333984375,64.0,1659,22528,13,0.0003,-2.119296982884407,-0.02130909318802878,0.008188205,0.2,0.0548828125,1.7730828132480383,0.4999998686835167,0.8776627779006958,210,0.5150019526481628
-0.8036272699999999,16,23,0.6687499999999995,0.6136367187499995,0.055113281250000014,64.0,1656,23552,14,0.0003,-2.0834641098976134,-0.021759656196809373,0.007892512,0.2,0.05341796875,2.244482250511646,0.49999987483024616,0.82502681016922,220,1.3678425550460815
-0.46317761000000013,16,24,-0.47500000000000075,-0.5607597656250007,0.08575976562500001,64.0,1654,24576,14,0.0003,-2.093696042895317,-0.021028470841702073,0.008580353,0.2,0.06240234375,3.059435340762138,0.49999989662319433,0.7036566734313965,230,1.144396424293518
-0.74501246,16,25,-0.8218750000000006,-0.8982421875000004,0.0763671875,64.0,1658,25600,15,0.0003,-2.0811274856328965,-0.02140922813268844,0.0073344745,0.2,0.0607421875,2.1438089549541473,0.499999881722033,0.839268147945404,240,0.7213414907455444
-0.4242664900000001,16,26,0.5531249999999994,0.4940898437499994,0.059035156250000005,64.0,1653,26624,16,0.0003,-2.01346156001091,-0.026655407313955947,0.01103596,0.2,0.10673828125,1.8646190084517003,0.4999998787418009,0.8527649641036987,250,1.2379422187805176
-0.3382160000000001,16,27,0.6375000000000002,0.5542910156250002,0.083208984375,64.0,1651,27648,16,0.0003,-2.0385932825505733,-0.02363947012927383,0.008785771,0.2,0.06396484375,1.7579467430710793,0.4999998735263942,0.8407902717590332,260,0.9325667023658752
0.09555463000000003,16,28,0.6749999999999994,0.6323115234374994,0.04268847656250001,64.0,1652,28672,17,0.0003,-2.0233669809997084,-0.019010495755355804,0.006446575,0.2,0.04609375,3.0130655780434608,0.49999988898634923,0.7568061351776123,270,0.8068054914474487
-0.19760863,16,29,-1.3593750000000002,-1.4350654296875,0.07569042968750002,64.0,1652,29696,17,0.0003,-2.0126450553536417,-0.026614931607036853,0.008538658,0.2,0.0927734375,2.0618296153843403,0.4999998530372978,0.6313954591751099,280,0.7588953375816345
-0.10951505,16,30,0.04999999999999921,-0.036719726562500776,0.08671972656250002,64.0,1640,30720,18,0.0003,-1.9855996519327164,-0.026833512977464124,0.01090239,0.2,0.09072265625,1.4060334954410791,0.49999982789158837,0.8157510161399841,290,0.37550532817840576
0.3560523200000001,16,31,1.9749999999999994,1.9326630859374991,0.04233691406250001,64.0,1628,31744,19,0.0003,-1.9539003759622573,-0.026077677248395048,0.011273845,0.2,0.1107421875,2.1963936179876327,0.49999985620379434,0.8150033354759216,300,0.7856422662734985
0.22735108,16,32,-0.4718750000000009,-0.534823242187501,0.0629482421875,64.0,1615,32768,20,0.0003,-1.9672546811401843,-0.02189960743125994,0.008811921,0.2,0.05283203125,1.3870808266103267,0.4999998603016138,0.8108949661254883,310,0.656673789024353
0.12247685000000001,16,33,-0.29687500000000155,-0.36183203125000146,0.06495703124999999,64.0,1605,33792,21,0.0003,-1.932818139344454,-0.01764930028002709,0.0084183365,0.2,0.06494140625,1.9488501261919737,0.49999986290931714,0.8141781091690063,320,0.7530473470687866
0.07480480999999996,16,34,0.021874999999998868,-0.03545410156250123,0.05732910156250001,64.0,1600,34816,21,0.0003,-1.9439172379672527,-0.022409103863174094,0.01070599,0.2,0.08974609375,2.007433158904314,0.4999998822808266,0.8437473773956299,330,0.7382383346557617
0.18309153000000003,16,35,0.5343749999999995,0.48446386718749956,0.04991113281250001,64.0,1599,35840,22,0.0003,-1.8651627816259861,-0.02631774350593332,0.012535751,0.2,0.11181640625,1.4772179324179888,0.49999982919543984,0.8234217762947083,340,0.6071634888648987
0.12927763000000006,16,36,-0.1562500000000014,-0.23175781250000138,0.07550781250000002,64.0,1600,36864,23,0.0003,-1.8154920518398285,-0.029555885924492032,0.011992264,0.2,0.16064453125,0.813982192799449,0.49999980367720137,0.8659746050834656,350,0.2185681015253067
-0.06379082000000005,16,37,-0.3687500000000009,-0.4195517578125011,0.0508017578125,64.0,1603,37888,23,0.0003,-1.791988804936409,-0.028119207033887504,0.010608896,0.2,0.1046875,1.060976481810212,0.499999814853072,0.8725235462188721,360,0.4449651539325714
0.10452245999999993,16,38,1.0812499999999998,1.0270859374999999,0.05416406250000001,64.0,1605,38912,24,0.0003,-1.7743051834404469,-0.024690627347445114,0.010141402,0.2,0.1001953125,1.25085174664855,0.49999982602894305,0.7957310676574707,370,0.532735288143158
0.28458964999999997,16,39,1.3749999999999996,1.3320126953124996,0.04298730468750001,64.0,1608,39936,24,0.0003,-1.7583429925143719,-0.023598348742234522,0.008023774,0.2,0.05595703125,1.8081555031239986,0.49999986365437477,0.6651304364204407,380,0.8912926912307739
0.5535327800000001,16,40,1.5281249999999997,1.4908984374999998,0.037226562500000004,64.0,1611,40960,25,0.0003,-1.7375816039741039,-0.022998265241039918,0.009363715,0.2,0.09677734375,1.9139342475682497,0.4999998677521944,0.7756670713424683,390,1.0244697332382202
0.38045949000000007,16,41,-0.7781250000000008,-0.8430234375000007,0.06489843750000002,64.0,1615,41984,25,0.0003,-1.7595760747790337,-0.0263474505423801,0.01114413,0.2,0.100390625,1.6961757618933917,0.4999998359009621,0.6733241081237793,400,1.1846710443496704
0.44574418000000016,16,42,0.06562499999999938,0.01847656249999935,0.04714843750000001,64.0,1617,43008,26,0.0003,-1.704218753427267,-0.032000877101381775,0.014130223,0.2,0.1513671875,0.9773046832531691,0.49999981448054337,0.879485547542572,410,0.3678317070007324
0.47114919000000016,16,43,-0.45000000000000134,-0.5387070312500014,0.08870703125000001,64.0,1617,44032,27,0.0003,-1.7193422257900237,-0.028044607787160204,0.011578962,0.2,0.1140625,0.7669238867238164,0.4999997844919562,0.8597784042358398,420,0.45646271109580994
0.042218550000000014,16,44,-0.7968750000000021,-0.8918164062500022,0.09494140625000001,64.0,1618,45056,27,0.0003,-1.648387213796377,-0.026709610543912278,0.011416057,0.2,0.121875,0.6852066829800606,0.4999997833743687,0.9068975448608398,430,0.23408851027488708
-0.11739801999999999,16,45,0.17812499999999837,0.10597851562499833,0.07214648437500001,64.0,1621,46080,28,0.0003,-1.6553910449147224,-0.02930842245114036,0.011795795,0.2,0.1302734375,0.5611404206603765,0.49999973773956297,0.931862473487854,440,0.21939866244792938
-0.14523507000000005,16,46,0.709374999999999,0.659041992187499,0.050333007812500025,64.0,1621,47104,29,0.0003,-1.620793776959181,-0.023438508168328553,0.010973055,0.2,0.0998046875,0.7028464270755649,0.49999976344406594,0.8910273909568787,450,0.14739671349525452
-0.04506162000000002,16,47,0.44374999999999853,0.36272265624999844,0.08102734375000001,64.0,1622,48128,29,0.0003,-1.5966354086995125,-0.019296944772941062,0.0078614475,0.2,0.055078125,1.5981723356992006,0.4999998446553944,0.7832447290420532,460,0.7570596933364868
0.14073011,16,48,1.1437499999999998,1.0828974609374997,0.060852539062500016,64.0,1621,49152,30,0.0003,-1.514854160696268,-0.02843153652793262,0.010762652,0.2,0.126953125,0.7294317211955785,0.4999997893348335,0.9349048137664795,470,0.28551894426345825
0.28551417,16,49,0.6906249999999988,0.6170673828124988,0.07355761718750001,64.0,1622,50176,30,0.0003,-1.5765088126063347,-0.025637283135438338,0.009689085,0.2,0.08095703125,1.0474006313830615,0.4999998239800334,0.8738855719566345,480,0.5342538356781006
0.75931932,16,50,2.0093749999999977,1.9316611328124975,0.07771386718750001,64.0,1621,51200,31,0.0003,-1.4665470942854881,-0.02666668493184261,0.008879248,0.2,0.0890625,0.8487252578139305,0.49999981261789805,0.9185227751731873,490,0.3374059200286865
0.8098185399999999,16,51,0.8031249999999991,0.748135742187499,0.05498925781250001,64.0,1620,52224,32,0.0003,-1.447943016141653,-0.017319419626437592,0.006211488,0.2,0.05625,2.0528975151479245,0.4999998761340974,0.8471518158912659,500,0.6029364466667175
0.77025762,16,52,0.28749999999999865,0.23991992187499867,0.04758007812500001,64.0,1620,53248,32,0.0003,-1.5312371008098125,-0.020196626661345363,0.0076800347,0.2,0.0712890625,1.6671941690146923,0.49999985583126544,0.7472758293151855,510,0.7753929495811462
0.9906035500000001,16,53,1.4312499999999984,1.3716308593749982,0.05961914062500001,64.0,1623,54272,33,0.0003,-1.409814639389515,-0.026764953590463846,0.0096595865,0.2,0.10166015625,0.6860681675374508,0.4999997988343238,0.8961389660835266,520,0.28225743770599365
0.9203935599999999,16,54,0.9468749999999984,0.8768339843749985,0.07004101562500001,64.0,1621,55296,34,0.0003,-1.5100495480000973,-0.028240530571201815,0.012626484,0.2,0.11962890625,0.7698703778907656,0.4999997859820726,0.925715982913971,530,0.32090115547180176
1.05512636,16,55,1.4093749999999998,1.3685126953124995,0.0408623046875,64.0,1623,56320,34,0.0003,-1.4708996035158635,-0.021228811649780254,0.008237589,0.2,0.07451171875,1.5548097848892213,0.4999998230487108,0.8472185134887695,540,0.3428794741630554
1.11470543,16,56,2.0718749999999977,2.0146240234374977,0.057250976562500014,64.0,1628,57344,35,0.0003,-1.455907967686653,-0.029639040882466362,0.010798778,0.2,0.124609375,0.8169345892965794,0.4999997740611435,0.8762925267219543,550,0.31404033303260803
1.16421076,16,57,1.096874999999999,1.051699218749999,0.04517578125,64.0,1628,58368,35,0.0003,-1.4804412715137005,-0.022788218752248214,0.008732833,0.2,0.09853515625,0.9031081609427929,0.4999997805804016,0.891243040561676,560,0.2719097435474396
1.2659988899999999,16,58,1.7249999999999988,1.6763378906249988,0.04866210937500001,64.0,1625,59392,36,0.0003,-1.4701471157371997,-0.025024859615950846,0.010566803,0.2,0.0916015625,1.138296677172184,0.49999980330467236,0.8331552147865295,570,0.6600857973098755
1.5419899899999998,16,59,2.4031249999999997,2.3742968749999998,0.028828125000000007,64.0,1625,60416,37,0.0003,-1.438205609470606,-0.029956221286556683,0.01128216,0.2,0.118359375,0.5271759899333119,0.49999974742531794,0.9325578212738037,580,0.1658722162246704
1.46276043,16,60,0.31562499999999866,0.2486738281249986,0.066951171875,64.0,1628,61440,37,0.0003,-1.4133571207523346,-0.024628853797912596,0.009649897,0.2,0.10634765625,0.8980305682867765,0.4999997608363629,0.8190286159515381,590,0.35912320017814636
1.5158515,16,61,1.396874999999999,1.363602539062499,0.033272460937500005,64.0,1630,62464,38,0.0003,-1.2878087110817433,-0.027173854142893104,0.008493224,0.2,0.0845703125,0.5178585197776556,0.499999740719795,0.9364039897918701,600,0.215634286403656
1.5187429399999999,16,62,1.771874999999999,1.721271484374999,0.05060351562500001,64.0,1631,63488,38,0.0003,-1.3338401459157467,-0.03492823689593934,0.012771346,0.2,0.1724609375,0.4938002529554069,0.49999974556267235,0.9160825610160828,610,0.16417816281318665
1.4643401000000003,16,63,1.7749999999999995,1.7443779296874995,0.030622070312500006,64.0,1632,64512,39,0.0003,-1.2507771149277687,-0.02173149824666325,0.008445591,0.2,0.0927734375,0.6291584083810449,0.49999973066151143,0.907261073589325,620,0.19442233443260193
1.5722911900000003,16,64,1.8031249999999992,1.7634677734374988,0.03965722656250001,64.0,1633,65536,40,0.0003,-1.278313657641411,-0.036324243136914444,0.012648709,0.2,0.126953125,0.5869366731494665,0.4999997401610016,0.8886669278144836,630,0.20525048673152924
1.37078823,16,65,1.3812499999999996,1.3307919921874996,0.05045800781250001,64.0,1633,66560,40,0.0003,-1.2968042321503161,-0.02252022811153438,0.008852286,0.2,0.074609375,0.7257433058694005,0.4999997736886145,0.8989459872245789,640,0.36501944065093994
1.4970666700000002,16,66,1.6531249999999988,1.5999765624999989,0.053148437500000006,64.0,1635,67584,41,0.0003,-1.1857503436505794,-0.02578294088598341,0.010395605,0.2,0.09638671875,0.4966935656964779,0.4999997138977049,0.9337157011032104,650,0.1278449147939682
1.6344227699999996,16,67,1.6531249999999984,1.601413085937498,0.05171191406250002,64.0,1638,68608,41,0.0003,-1.1606697648763658,-0.025309840281261133,0.009415902,0.2,0.098046875,0.7277145335450769,0.49999975040555017,0.8966901898384094,660,0.22638320922851562
1.7554080600000004,16,68,2.0593749999999993,2.0319521484374996,0.02742285156250001,64.0,1637,69632,42,0.0003,-1.13989164121449,-0.021536228264449165,0.008996049,0.2,0.083984375,0.7306693360209465,0.4999997440725565,0.9046303033828735,670,0.25049832463264465
1.6855708400000002,16,69,1.8718749999999988,1.8448574218749991,0.027017578125000004,64.0,1637,70656,43,0.0003,-1.1557551126927137,-0.022520936030196025,0.008039862,0.2,0.09384765625,0.45227505480870606,0.4999997003003955,0.9087624549865723,680,0.1771070659160614
1.7262278699999998,16,70,2.059374999999999,2.030957031249999,0.02841796875,64.0,1638,71680,43,0.0003,-1.1996723212301732,-0.026355031749699265,0.0109311445,0.2,0.11845703125,0.6262003598734737,0.4999997260048983,0.8440731763839722,690,0.2151772677898407
1.6860261399999996,16,71,1.3624999999999996,1.3117695312499995,0.050730468750000014,64.0,1637,72704,44,0.0003,-1.1768523525446652,-0.02482259307289496,0.009860178,0.2,0.09990234375,0.35539335012435913,0.4999996565282342,0.9287392497062683,700,0.12840226292610168
1.61552553,16,72,0.962499999999999,0.907081054687499,0.0554189453125,64.0,1637,73728,45,0.0003,-1.0909163922071456,-0.029697030992247166,0.011291983,0.2,0.1197265625,0.3908544826321304,0.49999964889138926,0.9449395537376404,710,0.16727343201637268
1.5441641200000005,16,73,1.7031249999999982,1.6421874999999981,0.060937500000000006,64.0,1636,74752,45,0.0003,-1.005810273438692,-0.023833084851503372,0.010948878,0.2,0.1048828125,0.7982683448120952,0.49999973103404055,0.8955092430114746,720,0.286964476108551
1.6493646199999994,16,74,1.8624999999999985,1.8059462890624984,0.056553710937500015,64.0,1635,75776,46,0.0003,-1.0919997155666352,-0.024187289050314576,0.0070132054,0.2,0.07783203125,0.5382582841441035,0.4999997233971952,0.9405710697174072,730,0.20337986946105957
1.68335106,16,75,2.587499999999999,2.5607128906249987,0.026787109375000007,64.0,1634,76800,46,0.0003,-0.9444369357079268,-0.02520977927488275,0.00938596,0.2,0.08740234375,0.3456394263543189,0.4999996455386281,0.9578888416290283,740,0.07659091055393219
1.7981956200000002,16,76,2.4312499999999986,2.3856855468749982,0.04556445312500001,64.0,1635,77824,47,0.0003,-1.2170949123799801,-0.02825371208891738,0.011065822,0.2,0.11484375,0.4752032677643001,0.49999968577176346,0.8990366458892822,750,0.20690050721168518
1.9722651400000002,16,77,2.2749999999999995,2.230374999999999,0.04462500000000001,64.0,1636,78848,48,0.0003,-1.0476315680891275,-0.025546720362035556,0.009539716,0.2,0.084765625,0.5493895748630166,0.4999996908009054,0.9227163195610046,760,0.13484933972358704
2.07185825,16,78,2.281249999999999,2.2365273437499984,0.044722656250000006,64.0,1637,79872,48,0.0003,-1.0226227913051844,-0.02379504709970206,0.008952485,0.2,0.0880859375,0.41772233340889214,0.4999996820464732,0.948759913444519,770,0.15562938153743744
2.16923497,16,79,1.3906249999999987,1.3291455078124987,0.06147949218750001,64.0,1639,80896,49,0.0003,-0.9707738135010004,-0.024422598298406227,0.008125014,0.2,0.0810546875,0.5754630770534277,0.49999972470104714,0.9357779026031494,780,0.13237957656383514
2.01164088,16,80,1.2312499999999984,1.1635732421874985,0.0676767578125,64.0,1638,81920,50,0.0003,-0.9891076363623142,-0.0217768030037405,0.008765284,0.2,0.0802734375,0.5891832746565342,0.4999997245147824,0.9374178647994995,790,0.23423810303211212
1.88686978,16,81,1.9874999999999987,1.9442031249999987,0.04329687500000001,64.0,1640,82944,50,0.0003,-0.9655016262084246,-0.024901071400381624,0.009029463,0.2,0.086328125,0.35289894696325064,0.4999996731057764,0.9504548907279968,800,0.07838659733533859
1.84624897,16,82,1.8374999999999981,1.7733115234374979,0.06418847656250001,64.0,1639,83968,51,0.0003,-0.9891179729253053,-0.02620350929792039,0.009815601,0.2,0.116796875,0.3985575013794005,0.4999996930360796,0.9386763572692871,810,0.12180861830711365
1.6310569300000004,16,83,1.1156249999999992,1.068681640624999,0.04694335937500001,64.0,1640,84992,51,0.0003,-0.8282091405242682,-0.02527743552927859,0.009158768,0.2,0.10546875,0.3502144983969629,0.49999964758753784,0.9439609050750732,820,0.1469222456216812
1.6218651100000003,16,84,2.378124999999999,2.337319335937499,0.0408056640625,64.0,1639,86016,52,0.0003,-0.8226589083671569,-0.014811931079020724,0.0065694377,0.2,0.0685546875,0.606240829732269,0.49999971538782134,0.905494213104248,830,0.19792166352272034
1.62134635,16,85,1.6937499999999988,1.6570644531249985,0.036685546875,64.0,1639,87040,53,0.0003,-0.8800263732671738,-0.027588090108474718,0.010686088,0.2,0.10693359375,0.4086012901738286,0.4999996585771442,0.9337016344070435,840,0.1425555944442749
1.678044,16,86,1.5249999999999984,1.4988515624999985,0.026148437500000007,64.0,1638,88064,53,0.0003,-0.8581214193254709,-0.019559084641514346,0.0067503797,0.2,0.0912109375,0.5087541598826647,0.49999968223273755,0.8987153768539429,850,0.17261993885040283
1.7232329100000003,16,87,1.928124999999999,1.8604316406249992,0.06769335937500001,64.0,1638,89088,54,0.0003,-1.0000387266278268,-0.022195810292032547,0.010944213,0.2,0.101953125,0.4205304509028792,0.4999996034428477,0.8973219990730286,860,0.09218073636293411
1.7440483799999997,16,88,1.6156249999999983,1.564984374999998,0.05064062500000001,64.0,1637,90112,55,0.0003,-0.6904388729482889,-0.017384384613251314,0.007404248,0.2,0.06748046875,0.45117824878543616,0.49999960940331195,0.9319908022880554,870,0.09942160546779633
1.7444655699999998,16,89,1.9531249999999998,1.9240488281249999,0.029076171875000008,64.0,1637,91136,55,0.0003,-0.8270005706697703,-0.022756151758949274,0.010382928,0.2,0.083203125,0.3758766321465373,0.4999996477738023,0.9369171261787415,880,0.09890145063400269
1.8363144400000002,16,90,2.268749999999999,2.2274453124999987,0.041304687500000006,64.0,1636,92160,56,0.0003,-0.8801237709820271,-0.02256315933773294,0.009149415,0.2,0.1005859375,0.40258585680276154,0.49999965634197024,0.922650158405304,890,0.1542121171951294
1.90611585,16,91,2.643749999999999,2.5981806640624994,0.0455693359375,64.0,1638,93184,56,0.0003,-0.8746840722858906,-0.020112028752919286,0.008854441,0.2,0.08994140625,0.4053950496017933,0.4999996675178407,0.9431219696998596,900,0.14161744713783264
2.05462336,16,92,2.312499999999999,2.2787900390624993,0.033709960937500005,64.0,1638,94208,57,0.0003,-0.8142574567347765,-0.019394375663250685,0.008857606,0.2,0.07451171875,0.5556765221059322,0.49999971557408585,0.9184867143630981,910,0.269525945186615
2.0963874199999997,16,93,2.2281249999999995,2.1940839843749997,0.034041015625000004,64.0,1636,95232,58,0.0003,-0.8001145333051681,-0.020697015477344392,0.008921105,0.2,0.0859375,0.2558234116062522,0.4996077431365847,0.932646632194519,920,0.0908256471157074
2.1514203800000002,16,94,1.659374999999999,1.629306640624999,0.03006835937500001,64.0,1636,96256,58,0.0003,-0.8528126809746027,-0.02003045812016353,0.008806089,0.2,0.08544921875,0.32990991193801167,0.49999964907765393,0.9426637887954712,930,0.04696853458881378
2.1142008499999996,16,95,1.7749999999999984,1.719534179687498,0.05546582031250001,64.0,1636,97280,59,0.0003,-0.8733529571443797,-0.021061738443677314,0.013043255,0.2,0.11796875,0.3618707011453807,0.49999964553862813,0.9044776558876038,940,0.10358958691358566
2.0848466599999997,16,96,2.2656249999999982,2.2015253906249983,0.064099609375,64.0,1636,98304,60,0.0003,-0.7615563604980707,-0.013061397316050716,0.0052793343,0.2,0.06435546875,0.7036588542163372,0.4999996786937121,0.8917896747589111,950,0.23815251886844635
1.9905586800000001,16,97,1.9531249999999991,1.9102070312499992,0.04291796875,64.0,1634,99328,60,0.0003,-0.6917923457920552,-0.016007275183801538,0.0075112805,0.2,0.06474609375,0.5710502002388239,0.49999967850744714,0.9204584360122681,960,0.19928935170173645
2.02070806,16,98,2.3499999999999996,2.3101435546874995,0.0398564453125,64.0,1633,100352,61,0.0003,-0.7674054317176342,-0.02012614640989341,0.012349656,0.2,0.10888671875,0.39186929948627947,0.49999963715672496,0.9317209124565125,970,0.15002351999282837
,,,,,,,,,,0.0003,-0.6625648032873869,-0.012817389715928584,0.0052403766,0.2,0.048828125,0.47690982846543195,0.4999996567144991,0.9280458092689514,980,0.188955157995224
