time/fps,economics/inventory_penalty_total_mean,time/total_timesteps,economics/profit_mean,time/time_elapsed,economics/objective_mean,economics/episodes,time/iterations,rollout/ep_rew_mean,rollout/ep_len_mean,train/explained_variance,train/clip_range,train/n_updates,train/entropy_loss,train/post_clip_gradient_norm,train/loss,train/policy_gradient_loss,train/clip_fraction,train/value_loss,train/learning_rate,train/approx_kl
9142,0.06398437500000001,1024,-0.5468750000000004,0,-0.6108593750000004,16,1,-0.6108593125000001,64.0,,,,,,,,,,,
2947,0.054180664062499995,2048,-0.390625,0,-0.4448056640625,16,2,-0.5278325625000002,64.0,-0.014010310173034668,0.2,10,-2.29687906652689,0.4999996341764927,3.115370035171509,-0.010502575655118562,0.066796875,6.203411115705967,0.0003,0.012288754
2217,0.07492578125000002,3072,-0.7656250000000002,1,-0.8405507812500003,16,3,-0.6320719583333335,64.0,0.2896091938018799,0.2,20,-2.2788313895463945,0.4999996108934284,2.0749707221984863,-0.01276232897216687,0.098828125,3.4928938895463943,0.0003,0.013492748
2011,0.07883691406250001,4096,-1.2000000000000002,2,-1.2788369140625,16,4,-0.7937632031249999,64.0,0.28274255990982056,0.2,30,-2.2623181521892546,0.4999996852129698,2.430640459060669,-0.016053754661697894,0.10693359375,4.877107497304678,0.0003,0.012122741
1867,0.055635742187500004,5120,-0.5062500000000004,2,-0.5618857421875004,16,5,-0.7473877,64.0,0.44064128398895264,0.2,40,-2.252610082924366,0.4999996902421119,2.4490416049957275,-0.005910614627646282,0.04375,4.164417526870966,0.0003,0.009508773
1868,0.05589843750000001,6144,1.078125,3,1.0222265624999998,16,6,-0.4524520104166667,64.0,0.34728139638900757,0.2,50,-2.2464623004198074,0.4999996393918989,1.8019905090332031,-0.00813194843067322,0.06591796875,3.0417720042169094,0.0003,0.012540173
1827,0.07618652343750001,7168,-0.2500000000000012,3,-0.326186523437501,16,7,-0.50991955,64.0,0.048750460147857666,0.2,60,-2.215515840053558,0.49999963529407987,2.667634963989258,-0.010632672935025766,0.0962890625,4.458359752595425,0.0003,0.011726086
1811,0.07821582031250002,8192,-0.9031250000000004,4,-0.9813408203125006,16,8,-0.5884976699999999,64.0,0.24806171655654907,0.2,70,-2.178246942162514,0.4999996539205315,1.8315160274505615,-0.014155756161198952,0.0970703125,4.765263844281435,0.0003,0.010775929
1822,0.099927734375,9216,-0.918750000000001,5,-1.0186777343750006,16,9,-0.7621990999999998,64.0,0.39079612493515015,0.2,80,-2.152741128206253,0.4999996896833182,1.9925063848495483,-0.012636763948830777,0.08955078125,4.020986711978912,0.0003,0.012138735
1795,0.04745800781250001,10240,0.09999999999999931,5,0.05254199218749933,16,10,-0.40465348999999995,64.0,0.3007712960243225,0.2,90,-2.135098345577717,0.49999972432851797,3.0784478187561035,-0.006990014496841468,0.04697265625,6.368868136405945,0.0003,0.0113734
1775,0.04634570312500001,11264,0.9437500000000001,6,0.897404296875,16,11,-0.0903077299999999,64.0,0.3339950442314148,0.2,100,-2.115554954111576,0.4999995738267899,1.358617901802063,-0.0043934425732004454,0.026953125,1.8978928331285716,0.0003,0.0071255425
1739,0.11891210937500002,12288,-3.3218750000000012,7,-3.4407871093750018,16,12,-0.8163863100000002,64.0,0.09011650085449219,0.2,110,-2.1082290068268774,0.49987786151468755,1.3141160011291504,-0.00839436693204334,0.06640625,3.3892543107271194,0.0003,0.010326933
1710,0.11183984375000003,13312,-2.2625000000000015,7,-2.3743398437500014,16,13,-0.9829717900000001,64.0,0.30480557680130005,0.2,120,-2.0806697860360144,0.4999997401610016,1.461230993270874,-0.006290068254747894,0.0416015625,4.233629781752825,0.0003,0.011445765
1675,0.096267578125,14336,-0.16875000000000018,8,-0.2650175781250006,16,14,-1.0628446,64.0,0.6708329916000366,0.2,130,-2.1054922506213187,0.4999997038394213,0.8714738488197327,-0.014180051544099116,0.119921875,2.417402517795563,0.0003,0.013363413
1659,0.06350878906250002,15360,-0.16875000000000118,9,-0.2322587890625013,16,15,-1.0025291299999999,64.0,0.2226923704147339,0.2,140,-2.1235761761665346,0.49999974872916925,2.1974642276763916,-0.0063543313895934265,0.0541015625,5.841470020264387,0.0003,0.008501349
1636,0.09698046874999999,16384,-0.5281250000000005,10,-0.6251054687500005,16,16,-0.8443802200000001,64.0,0.26693302392959595,0.2,150,-2.1372811928391457,0.49999962821602795,2.0439157485961914,-0.009835077730531338,0.09287109375,3.072157331556082,0.0003,0.012203965
1629,0.0787099609375,17408,0.4843749999999995,10,0.40566503906249957,16,17,-0.8972119199999998,64.0,0.3524168133735657,0.2,160,-2.136618100106716,0.4999996677041053,2.0002360343933105,-0.014352119213435799,0.16806640625,3.79236353635788,0.0003,0.0131609
1627,0.07559863281250001,18432,-1.137500000000001,11,-1.2130986328125009,16,18,-0.8358061699999998,64.0,0.21083354949951172,0.2,170,-2.112457774579525,0.49999968800693734,2.1279971599578857,-0.010052145970985294,0.105078125,4.010224895924329,0.0003,0.010009721
1638,0.07439160156250002,19456,-0.7968750000000008,11,-0.8712666015625006,16,19,-0.60127005,64.0,0.33205097913742065,0.2,180,-2.078870467841625,0.4999996529892085,2.1533167362213135,-0.006805467630329076,0.04111328125,3.99251321926713,0.0003,0.0073050307
1626,0.079794921875,20480,-1.146875000000001,12,-1.2266699218750008,16,20,-0.48961991000000005,64.0,0.4699140191078186,0.2,190,-2.038883274793625,0.49999964125454427,1.0572741031646729,-0.012404126941692083,0.1146484375,2.5806315056979656,0.0003,0.012113673
1628,0.07974804687500002,21504,-1.1812500000000001,13,-1.2609980468750002,16,21,-0.7601055099999999,64.0,0.39628857374191284,0.2,200,-2.0475895524024965,0.49999967683106655,1.0062930583953857,-0.007987461649463512,0.06103515625,3.5094636544585227,0.0003,0.008542302
1639,0.0727890625,22528,-0.8749999999999996,13,-0.9477890624999997,16,22,-0.89894833,64.0,0.5332409143447876,0.2,210,-1.9926481120288373,0.4999996393918988,0.6453392505645752,-0.011881523653573822,0.1193359375,2.3079982064664364,0.0003,0.01346106
1644,0.094767578125,23552,-0.7812500000000009,14,-0.8760175781250009,16,23,-0.97411849,64.0,0.34155184030532837,0.2,220,-1.9340445272624494,0.49999968130141487,1.5508532524108887,-0.013523650336719584,0.1142578125,3.1831418596208096,0.0003,0.01350739
1653,0.0814169921875,24576,-1.8406250000000004,14,-1.9220419921875003,16,24,-1.1747431799999999,64.0,0.3580585718154907,0.2,230,-1.9354392886161804,0.49999969974160197,1.2139592170715332,-0.012018779799109324,0.1416015625,4.483088038116693,0.0003,0.012634106
1655,0.06143359375,25600,1.2562499999999992,15,1.194816406249999,16,25,-0.88693539,64.0,0.5988545417785645,0.2,240,-1.9004154823720456,0.4999996177852154,0.6212244033813477,-0.009479722552350722,0.104296875,1.752515760064125,0.0003,0.012384108
1652,0.07809667968750002,26624,0.45,16,0.37190332031249995,16,26,-0.7071499100000003,64.0,0.22097963094711304,0.2,250,-1.9076646655797957,0.49999970886856326,1.4901931285858154,-0.010408547997940332,0.10751953125,3.4956035993993284,0.0003,0.015285119
1656,0.09588769531250002,27648,-1.3125000000000007,16,-1.4083876953125007,16,27,-0.6376130600000001,64.0,0.2697327733039856,0.2,260,-1.8921858333051205,0.49999973773956297,3.1072099208831787,-0.009361152989731636,0.07841796875,4.690703380852938,0.0003,0.010743669
1654,0.10466796875,28672,-0.2875000000000009,17,-0.39216796875000104,16,28,-0.50213665,64.0,0.4747117757797241,0.2,270,-1.9132646039128303,0.4999997004866599,1.1750013828277588,-0.006445720448391512,0.05283203125,3.075290547311306,0.0003,0.0089884475
1656,0.11088378906250002,29696,-0.7343750000000018,17,-0.8452587890625015,16,29,-0.6322613499999998,64.0,0.39454495906829834,0.2,280,-1.9112313933670522,0.49999978169798853,3.305140733718872,-0.00728618347493466,0.06142578125,5.614470739662647,0.0003,0.012366833
1664,0.078421875,30720,-0.46250000000000024,18,-0.5409218750000001,16,30,-0.26831650999999995,64.0,0.5568922758102417,0.2,290,-1.9134425707161427,0.4999997712671757,1.0306882858276367,-0.007362679661309812,0.0599609375,3.7548124134540557,0.0003,0.010995854
1672,0.052573242187499994,31744,1.5937499999999998,18,1.5411767578125,16,31,-0.11889210999999991,64.0,0.5484057664871216,0.2,300,-1.8802713364362718,0.4999996891245246,0.44992077350616455,-0.0107424299872946,0.11611328125,2.0064188312739133,0.0003,0.0075722174
1676,0.10031933593750002,32768,-0.003124999999999767,19,-0.10344433593749999,16,32,-0.24389633999999993,64.0,0.48832184076309204,0.2,310,-1.8663147963583469,0.4999997083097697,0.355293869972229,-0.007748667022679001,0.094921875,2.3435492426157,0.0003,0.0117380805
1674,0.07609863281250001,33792,-0.5031250000000006,20,-0.5792236328125004,16,33,-0.14248976000000002,64.0,0.5990939140319824,0.2,320,-1.906660657376051,0.4999997755512595,1.1688820123672485,-0.010213256173301488,0.080078125,2.933989717066288,0.0003,0.010779323
1671,0.06889160156250002,34816,0.06874999999999898,20,-0.00014160156250098144,16,34,-0.015706479999999936,64.0,0.7490221261978149,0.2,330,-1.869775165617466,0.49999969080090534,0.9407038688659668,-0.013633092111558654,0.124609375,1.555093714222312,0.0003,0.011409016
1673,0.06637304687500001,35840,-0.3906250000000006,21,-0.4569980468750005,16,35,0.025456030000000015,64.0,0.6898428201675415,0.2,340,-1.8569199852645397,0.4999997591599822,1.2721012830734253,-0.004844240308739245,0.0455078125,2.2776845194399358,0.0003,0.010220607
1673,0.10515625,36864,-1.6968750000000004,22,-1.8020312500000002,16,36,-0.26965663000000006,64.0,0.8369978666305542,0.2,350,-1.8019769594073296,0.49999967645853755,0.58189457654953,-0.009450127472518943,0.0892578125,1.1180182725191117,0.0003,0.010442066
1672,0.08347460937500004,37888,-0.3218749999999998,22,-0.40534960937499975,16,37,-0.59465632,64.0,0.848700225353241,0.2,360,-1.7707113705575466,0.499999696575105,0.5636971592903137,-0.009317745614680462,0.06904296875,1.218032130226493,0.0003,0.010371523
1672,0.10968554687500001,38912,-2.2249999999999996,23,-2.334685546875,16,38,-0.96018135,64.0,0.778157114982605,0.2,370,-1.7535916224122048,0.49999979585409166,1.9759443998336792,-0.009310346907295753,0.10751953125,2.397575082629919,0.0003,0.014450971
1673,0.07451757812500001,39936,-0.20625000000000046,23,-0.2807675781250004,16,39,-0.93333602,64.0,0.8822358846664429,0.2,380,-1.7096971556544305,0.4999997191131112,0.39442238211631775,-0.012800054860417732,0.1087890625,1.1622580152004958,0.0003,0.013303983
1671,0.0470927734375,40960,1.709375,24,1.6622822265625001,16,40,-0.65981555,64.0,0.8693331480026245,0.2,390,-1.701009926199913,0.49999973587691776,0.6057171821594238,-0.004811919049825519,0.03017578125,1.2725813888013362,0.0003,0.009917518
1673,0.07621386718750002,41984,0.5843749999999998,25,0.5081611328124997,16,41,-0.5466708600000001,64.0,0.7493352293968201,0.2,400,-1.6846458844840526,0.4999998049810528,0.4201350212097168,-0.014518964625312946,0.1484375,1.797425326704979,0.0003,0.012626186
1675,0.05744921875000002,43008,2.03125,25,1.97380078125,16,42,0.07834212,64.0,0.7967966794967651,0.2,410,-1.6489748865365983,0.49999979324638827,0.9101148247718811,-0.013116896135034039,0.1181640625,2.093315475434065,0.0003,0.010213144
1672,0.04305468750000001,44032,1.7468749999999997,26,1.7038203124999995,16,43,0.31219742999999994,64.0,0.6627426147460938,0.2,420,-1.629652415961027,0.4999998522922397,2.2775750160217285,-0.0035568087507272137,0.02412109375,3.2053587339818477,0.0003,0.006664548
1676,0.0719443359375,45056,-0.9968749999999994,26,-1.0688193359374993,16,44,0.7321897999999999,64.0,0.799979567527771,0.2,430,-1.6300947286188603,0.4999997796490788,0.5503024458885193,-0.008592132874764503,0.074609375,1.5493172731250524,0.0003,0.011023438
1678,0.09382714843750001,46080,-0.7968749999999999,27,-0.8907021484375001,16,45,0.61955574,64.0,0.8864316940307617,0.2,440,-1.6598543539643287,0.4999997658655048,0.47153815627098083,-0.012661531160119921,0.11064453125,1.2484159186482429,0.0003,0.011170437
1678,0.0690302734375,47104,0.05625000000000069,28,-0.012780273437499212,16,46,0.42939777000000007,64.0,0.8825415372848511,0.2,450,-1.5815615691244602,0.4999997708946466,0.452588826417923,-0.007638649246655404,0.06708984375,1.5927815474569798,0.0003,0.009093996
1681,0.13623339843750001,48128,-1.8656249999999983,28,-2.0018583984374985,16,47,0.012599349999999974,64.0,0.8961736559867859,0.2,460,-1.5282339721918106,0.49999976083636277,0.46254971623420715,-0.011440966457303147,0.10263671875,1.1106783300638199,0.0003,0.010880364
1685,0.09143359375000001,49152,-0.7999999999999993,29,-0.8914335937499993,16,48,-0.39342863,64.0,0.9015192985534668,0.2,470,-1.4014470003545285,0.49999978374689813,0.6629692912101746,-0.0073246500571258364,0.0552734375,1.8172269485890866,0.0003,0.007462183
1689,0.05602441406250001,50176,0.7562500000000002,29,0.7002255859375002,16,49,-0.58515191,64.0,0.9020135998725891,0.2,480,-1.4212266646325589,0.49999979436397557,0.5620691776275635,-0.011360964141204022,0.109375,1.4979135278612374,0.0003,0.012037275
1687,0.08573925781250001,51200,0.08437500000000109,30,-0.0013642578124987148,16,50,-0.46099017,64.0,0.8328547477722168,0.2,490,-1.3701170653104782,0.49999980926513693,1.0950738191604614,-0.011791726751835086,0.10712890625,1.744697555527091,0.0003,0.010264743
1691,0.03031445312500001,52224,0.9062500000000004,30,0.8759355468750006,16,51,-0.17383954,64.0,0.9010267853736877,0.2,500,-1.4121307030320167,0.4999997837468982,0.42234498262405396,-0.006957790744490921,0.0548828125,1.2496719397604465,0.0003,0.011027691
1691,0.08790527343750001,53248,-0.07500000000000026,31,-0.16290527343750025,16,52,-0.20113846000000002,64.0,0.7062426805496216,0.2,510,-1.450136959552765,0.4999997863546013,0.7480807304382324,-0.00377309970499482,0.0216796875,1.5762398842722178,0.0003,0.0038963025
1695,0.0625029296875,54272,0.08750000000000024,32,0.02499707031250034,16,53,0.020454649999999987,64.0,0.9017748832702637,0.2,520,-1.3925157926976681,0.4999997794628143,0.7350484132766724,-0.005458887858549133,0.04833984375,1.3131540544331073,0.0003,0.004992098
1695,0.06277246093750001,55296,1.9093749999999998,32,1.8466025390624996,16,54,0.5074287199999999,64.0,0.872363805770874,0.2,530,-1.3569676518440246,0.4999997727572918,0.6356185674667358,-0.00871416697918903,0.09296875,1.3839251078665256,0.0003,0.012829079
1692,0.04328613281250001,56320,1.0843749999999996,33,1.0410888671874996,16,55,0.5003815500000001,64.0,0.8316501975059509,0.2,540,-1.391750878095627,0.49999984316527857,1.1046041250228882,-0.002604323549894616,0.01552734375,2.315362648665905,0.0003,0.0031925947
1689,0.0688603515625,57344,0.4218750000000011,33,0.3530146484375012,16,56,0.5774771600000002,64.0,0.6877215504646301,0.2,550,-1.3303202375769616,0.4999998304992912,1.4345322847366333,-0.005835905158892274,0.071875,2.066842753812671,0.0003,0.011870481
1690,0.05629101562500001,58368,1.7343750000000002,34,1.6780839843750004,16,57,0.8086735500000001,64.0,0.9203398823738098,0.2,560,-1.220996205508709,0.49999977126717565,0.6293478012084961,-0.005552230574539863,0.0345703125,1.1105009604245424,0.0003,0.006278608
1687,0.05819042968750001,59392,0.3406249999999998,35,0.28243457031249986,16,58,0.87357903,64.0,0.8129327297210693,0.2,570,-1.3145545341074467,0.4999998366460202,0.882225751876831,-0.006810796612990088,0.0494140625,2.4142786540091037,0.0003,0.0064314236
1676,0.062427734375,60416,1.3718750000000004,36,1.3094472656250002,16,59,1.0246964,64.0,0.86039137840271,0.2,580,-1.359163874387741,0.4999997941777108,0.7826396822929382,-0.013062653393717483,0.1029296875,1.5710117351263762,0.0003,0.008337458
1668,0.06027343750000001,61440,0.8531250000000001,36,0.7928515625000001,16,60,0.93604655,64.0,0.8414614200592041,0.2,590,-1.3859107688069343,0.4999998366460205,1.0072300434112549,-0.011027661539264955,0.11220703125,2.3848998568952084,0.0003,0.01245567
1662,0.088990234375,62464,-0.10937500000000022,37,-0.1983652343750002,16,61,0.7539974899999998,64.0,0.8785811066627502,0.2,600,-1.3592930398881435,0.499999838322401,1.1059526205062866,-0.012949509260943159,0.12919921875,1.949159739166498,0.0003,0.01303793
1660,0.061994140625,63488,0.965625,38,0.9036308593749997,16,62,0.9250704800000001,64.0,0.9256060123443604,0.2,610,-1.3275854788720607,0.49999979697167873,0.7146434187889099,-0.009565206317347474,0.07666015625,1.5047088377177715,0.0003,0.010174357
1656,0.07880273437500002,64512,0.6625000000000003,38,0.5836972656250005,16,63,0.7695212800000002,64.0,0.8381303548812866,0.2,620,-1.2597364477813244,0.4999998176470401,0.9688882827758789,-0.007507868544780649,0.066015625,2.0345127075910567,0.0003,0.0058340905
1654,0.0862548828125,65536,1.403125000000002,39,1.3168701171875017,16,64,0.76594394,64.0,0.9028033018112183,0.2,630,-1.2823002450168133,0.49999983087182054,0.5964981317520142,-0.0038572018849663435,0.02236328125,1.7161576375365257,0.0003,0.0044692284
1651,0.042443359375,66560,2.7718750000000005,40,2.729431640625,16,65,1.14101673,64.0,0.8164306879043579,0.2,640,-1.2976882465183734,0.49999985080212367,3.2232611179351807,-0.00876258101707208,0.08994140625,3.0672960452735425,0.0003,0.009881595
1655,0.08464941406250001,67584,0.5093750000000008,40,0.4247255859375006,16,66,0.9200779800000002,64.0,0.694926381111145,0.2,650,-1.3363347932696343,0.499999835155904,1.0617378950119019,-0.0070723667973652486,0.0919921875,2.3821329519152643,0.0003,0.0068598418
1658,0.152755859375,68608,-2.115624999999999,41,-2.2683808593749992,16,67,0.5667354499999999,64.0,0.7973893284797668,0.2,660,-1.261267649382353,0.4999998603016139,0.7083092927932739,-0.0074046491106855685,0.03623046875,2.6238632261753083,0.0003,0.010185868
1660,0.07579394531250001,69632,0.009375000000000577,41,-0.06641894531249948,16,68,0.5433401499999999,64.0,0.9145699739456177,0.2,670,-1.2216573469340801,0.4999998239800334,0.9651591181755066,-0.005147814418887719,0.03447265625,1.7682959415018558,0.0003,0.005593902
1660,0.0947158203125,70656,-1.25,42,-1.3447158203125,16,69,0.26628343,64.0,0.896166205406189,0.2,680,-1.2371873788535594,0.49999979361891767,0.47665855288505554,-0.007954591751331463,0.07138671875,1.43229403719306,0.0003,0.008872531
1660,0.05149511718750001,71680,1.4468750000000006,43,1.3953798828125006,16,70,0.23857077000000007,64.0,0.9188148379325867,0.2,690,-1.2109886661171914,0.49999979231506575,0.5420249700546265,-0.004468283796450123,0.05009765625,1.222059478610754,0.0003,0.007871678
1661,0.10843164062500002,72704,-0.8531249999999985,43,-0.9615566406249986,16,71,-0.22157201999999995,64.0,0.8544158935546875,0.2,700,-1.2050858952105046,0.4999997856095433,0.6626260876655579,-0.004823434952413663,0.043359375,1.5260054726153611,0.0003,0.006386254
1657,0.06949316406250002,73728,0.7656250000000006,44,0.6961318359375006,16,72,-0.40709968,64.0,0.9282033443450928,0.2,710,-1.195219061523676,0.4999997761100531,0.45879775285720825,-0.007047985037206672,0.05517578125,1.0255152091383934,0.0003,0.006873354
1657,0.091228515625,74752,-0.5562499999999999,45,-0.6474785156249999,16,73,-0.21828167999999998,64.0,0.8766888380050659,0.2,720,-1.1789141096174718,0.49999980479478817,0.42622995376586914,-0.01040987452142872,0.0892578125,1.413176329806447,0.0003,0.006019229
1656,0.1076396484375,75776,-0.0687499999999987,45,-0.17638964843749871,16,74,-0.14102420000000002,64.0,0.9233828783035278,0.2,730,-1.115758066624403,0.49999978542327905,0.6003801226615906,-0.00688049377349671,0.04697265625,1.209609179571271,0.0003,0.00715578
1656,0.06236425781250001,76800,1.3843750000000008,46,1.3220107421875007,16,75,0.21102484999999999,64.0,0.9093636274337769,0.2,740,-0.9921925850212574,0.49999980721622705,0.4745996594429016,-0.01099340502405539,0.09140625,1.2784496434032917,0.0003,0.01011525
1655,0.08983007812500002,77824,0.303125000000002,47,0.21329492187500199,16,76,0.18310409999999994,64.0,0.8454504609107971,0.2,750,-0.9940644934773445,0.49999981932342064,1.6733629703521729,-0.00501374791492708,0.06767578125,1.9488811451941728,0.0003,0.006130323
1655,0.06379394531250002,78848,0.059375000000000455,47,-0.004418945312499534,16,77,0.18955205999999986,64.0,0.9145697355270386,0.2,760,-0.9939496111124754,0.49999980852007864,0.8206123113632202,-0.007083842722931877,0.05,1.573282326757908,0.0003,0.0049905893
1653,0.0326025390625,79872,3.146875,48,3.1142724609375003,16,78,0.62267127,64.0,0.9012569785118103,0.2,770,-1.068812357634306,0.49999981876462696,0.7243338227272034,-0.009005716063256841,0.11806640625,1.4972710590809584,0.0003,0.010669636
1655,0.07858203125000002,80896,1.168750000000001,48,1.0901679687500012,16,79,0.8186864199999998,64.0,0.6479882597923279,0.2,780,-1.0554941132664681,0.4999998155981302,1.192077875137329,-0.005557117093121633,0.04609375,2.7312713019549846,0.0003,0.0069848374
1657,0.0646796875,81920,0.6281250000000016,49,0.5634453125000015,16,80,0.9516598300000001,64.0,0.9136303663253784,0.2,790,-1.0367761004716158,0.4999997606500983,0.42484721541404724,-0.007324120454723015,0.0552734375,1.0055767212063074,0.0003,0.009241359
1659,0.07914843750000002,82944,1.393750000000002,49,1.3146015625000023,16,81,1.0350273300000001,64.0,0.9022194147109985,0.2,800,-1.0206765785813332,0.499999794177711,0.5911467671394348,-0.01395062001538463,0.1814453125,1.3821764823049307,0.0003,0.01422637
1663,0.08894433593750004,83968,0.6375000000000011,50,0.5485556640625009,16,82,1.02485651,64.0,0.914262056350708,0.2,810,-0.9748200051486492,0.4999998115003108,0.6879408955574036,-0.004432960177655332,0.05615234375,1.2643410045653583,0.0003,0.0072015165
1664,0.053916015624999994,84992,1.1593750000000007,51,1.105458984375001,16,83,1.3479128900000001,64.0,0.8530958294868469,0.2,820,-0.9544237658381463,0.49999983962625255,0.9745020866394043,-0.0038282496971078217,0.0396484375,2.049373968318105,0.0003,0.003679161
1661,0.091068359375,86016,0.38750000000000184,51,0.2964316406250018,16,84,0.9055753800000004,64.0,0.8110144138336182,0.2,830,-0.9717136476188898,0.4999998180195687,0.6115543246269226,-0.0035731945506995546,0.03505859375,1.6725139535963536,0.0003,0.006084532
1662,0.0831533203125,87040,1.4406250000000007,52,1.3574716796875008,16,85,0.8387192599999999,64.0,0.9145999550819397,0.2,840,-0.936253945529461,0.4999997837468979,0.6200278401374817,-0.007727187851560302,0.07138671875,1.2248745203018188,0.0003,0.0073983464
1663,0.06218457031250001,88064,2.090625000000002,52,2.028440429687502,16,86,1.1260865999999998,64.0,0.8649892807006836,0.2,850,-0.899583625420928,0.49999982547014954,0.896530032157898,-0.003397034079534933,0.02900390625,2.10605240277946,0.0003,0.0038589858
1664,0.06784375000000002,89088,1.062500000000002,53,0.994656250000002,16,87,1.11715191,64.0,0.8929864168167114,0.2,860,-0.8644410751760006,0.4999998029321433,0.514674723148346,-0.007834134151926265,0.083984375,1.2555538695305586,0.0003,0.010154322
1664,0.06858300781250001,90112,0.19062500000000182,54,0.12204199218750167,16,88,0.9632649000000001,64.0,0.7965527772903442,0.2,870,-0.8524236552417278,0.49999984949827214,2.787152051925659,-0.004932127895881422,0.07685546875,3.1230840772390365,0.0003,0.007380289
1664,0.06770605468750002,91136,1.140625,54,1.0729189453125,16,89,1.0007465899999999,64.0,0.9075642824172974,0.2,880,-0.8336329203099012,0.49999979920685295,0.4756515324115753,-0.0026666756661143155,0.03623046875,1.2923331309109927,0.0003,0.004777464
1664,0.07370996093749999,92160,0.5000000000000013,55,0.4262900390625014,16,90,0.89323347,64.0,0.8936046361923218,0.2,890,-0.8341184463351965,0.4999997990205884,0.7270764112472534,-0.004847198617062532,0.022265625,1.4389105953276158,0.0003,0.00353699
1664,0.09980078125,93184,-0.1812499999999977,55,-0.2810507812499976,16,91,0.8719847299999998,64.0,0.8989160656929016,0.2,900,-0.8376707833260297,0.4999997902661562,0.5317434668540955,-0.006122083173249848,0.04599609375,1.3574346933513879,0.0003,0.0075103533
1662,0.1030380859375,94208,0.16250000000000175,56,0.05946191406250151,16,92,0.48401475999999993,64.0,0.8957798480987549,0.2,910,-0.8244972858577967,0.4999997725710275,0.6336830258369446,-0.0076935920369578525,0.09560546875,1.265947601571679,0.0003,0.00687626
1658,0.0842685546875,95232,0.1781250000000023,57,0.0938564453125025,16,93,0.12466211999999999,64.0,0.9215298891067505,0.2,920,-0.8471559677273035,0.49999978709965937,0.35731077194213867,-0.0023865509894676505,0.01845703125,1.055741085112095,0.0003,0.0026944373
1651,0.07419824218750001,96256,1.0718750000000026,58,0.9976767578125026,16,94,0.43940743,64.0,0.8610817790031433,0.2,930,-0.7861465942114592,0.49999979324638844,0.45581308007240295,-0.00709871223079972,0.06396484375,1.2981263533234597,0.0003,0.008646442
1646,0.03821679687500001,97280,2.7375,59,2.699283203125,16,95,0.69374261,64.0,0.8722704648971558,0.2,940,-0.8236152928322553,0.499999785795808,0.64239901304245,-0.004917095805285499,0.05048828125,1.746188734844327,0.0003,0.006468342
1640,0.043109375000000005,98304,1.3593750000000013,59,1.316265625000001,16,96,0.7271565399999999,64.0,0.8238686323165894,0.2,950,-0.8515684772282839,0.4999998057261109,0.9827814102172852,-0.003332088587922044,0.0376953125,1.6359071861952543,0.0003,0.0061664544
1634,0.0862578125,99328,-0.06562499999999893,60,-0.15188281249999902,16,97,0.8704077899999997,64.0,0.8190877437591553,0.2,960,-0.861460268124938,0.4999997740611436,0.7024508714675903,-0.008602780906949192,0.08134765625,1.433414027094841,0.0003,0.007964304
1627,0.09239257812500001,100352,1.012500000000003,61,0.9201074218750029,16,98,0.9917238800000001,64.0,0.8932549953460693,0.2,970,-0.8602055385708809,0.4999997727572919,0.8445078730583191,-0.009862627307302318,0.106640625,1.288084499910474,0.0003,0.008649623
1616,0.06408300781250001,101376,0.3125000000000009,62,0.24841699218750085,16,99,1.0125367,64.0,0.8812787532806396,0.2,980,-0.8292885668575763,0.4999998213723299,0.6309483051300049,-0.006809495016932487,0.06015625,2.0153982892632483,0.0003,0.0058236895
1613,0.0906142578125,102400,1.334375000000002,63,1.2437607421875019,16,100,1.0264698399999999,64.0,0.8708635568618774,0.2,990,-0.8700303725898266,0.4999997695907951,0.48064738512039185,-0.007207778652082197,0.05673828125,1.051632809638977,0.0003,0.005347807
1610,0.06339453125000001,103424,1.8187500000000005,64,1.7553554687500008,16,101,0.9233166999999999,64.0,0.8966137170791626,0.2,1000,-0.8309839356690645,0.4999997869133951,0.49815070629119873,-0.004515305203676689,0.0390625,1.3792104691267013,0.0003,0.003161392
1609,0.08476171875,104448,0.5093750000000032,64,0.4246132812500031,16,102,0.7532120099999999,64.0,0.8465061187744141,0.2,1010,-0.8360498629510402,0.49999982435256224,0.9847264885902405,-0.005562960472889245,0.041015625,2.1227294713258744,0.0003,0.0067490637
1610,0.07715332031250001,105472,1.512500000000001,65,1.4353466796875014,16,103,0.97607202,64.0,0.8146231174468994,0.2,1020,-0.8130567725747824,0.49999985359609145,0.7360960841178894,-0.010349968625814655,0.10478515625,2.5856484599411487,0.0003,0.007675264
1609,0.08716796875000002,106496,0.3156250000000011,66,0.2284570312500011,16,104,0.8175140500000001,64.0,0.8043383955955505,0.2,1030,-0.8240146938711405,0.49999983254820096,1.5211553573608398,-0.00423496612929739,0.0328125,2.6378041304647923,0.0003,0.005586806
1607,0.05892871093750002,107520,0.9812500000000006,66,0.9223212890625005,16,105,0.9899276400000001,64.0,0.8652127981185913,0.2,1040,-0.8545682918280363,0.49999970886856326,0.30738434195518494,-0.004893943516071886,0.06044921875,0.9399863107129931,0.0003,0.0048713656
1607,0.066802734375,108544,-0.08124999999999838,67,-0.1480527343749985,16,106,0.782032,64.0,0.8468865156173706,0.2,1050,-0.8234616659581662,0.4999997625127436,0.6711138486862183,-0.0030029829998966307,0.051953125,1.3222429383546115,0.0003,0.0030633516
1608,0.03529296875,109568,1.9281249999999996,68,1.8928320312499995,16,107,0.7561792199999999,64.0,0.9156784415245056,0.2,1060,-0.7836226601153612,0.49999971929937603,0.3090779781341553,-0.007040160120232031,0.05361328125,0.7346413528546691,0.0003,0.006411317
1611,0.0565869140625,110592,-0.33124999999999916,68,-0.38783691406249915,16,108,0.7315766900000001,64.0,0.8083187937736511,0.2,1070,-0.820769089460373,0.4999997029080987,0.2666623592376709,-0.005415539213572629,0.04384765625,1.0335936041548848,0.0003,0.0042571244
1613,0.051558593750000006,111616,1.1156250000000005,69,1.0640664062500005,16,109,0.6264729400000001,64.0,0.9253156185150146,0.2,1080,-0.7779697053134441,0.49999965410679564,0.30198270082473755,-0.004503863994614221,0.0349609375,0.5736327117308975,0.0003,0.0026220102
1614,0.062299804687500016,112640,0.400000000000003,69,0.337700195312503,16,110,0.6018863600000001,64.0,0.8985329866409302,0.2,1090,-0.7547305185347796,0.4999997215345502,0.3778211772441864,-0.004617753153434023,0.0466796875,0.9125812347978354,0.0003,0.005464585
1615,0.07309277343750001,113664,1.9500000000000022,70,1.8769072265625024,16,111,0.7073812099999999,64.0,0.8820555806159973,0.2,1100,-0.7389649827033281,0.4999996943399309,0.4791896939277649,-0.002432491924264468,0.02021484375,0.9763001095503568,0.0003,0.0040599825
1616,0.1114912109375,114688,-0.21562499999999712,70,-0.32711621093749693,16,112,0.8010109100000002,64.0,0.8579154014587402,0.2,1110,-0.7450297128409147,0.4999997166916728,0.16534090042114258,-0.00571082497772295,0.04248046875,0.9526122018694878,0.0003,0.0055622393
1617,0.05439648437500001,115712,2.0218750000000005,71,1.9674785156250008,16,113,0.8074746599999999,64.0,0.9234287142753601,0.2,1120,-0.6793426744639873,0.4999997397884727,0.30834540724754333,-0.006516268264385871,0.06943359375,0.9416380431503057,0.0003,0.0033022454
1617,0.06821875000000002,116736,1.0875000000000006,72,1.0192812500000006,16,114,0.9419824800000001,64.0,0.9085962176322937,0.2,1130,-0.7731477897614241,0.49999974425882093,0.5577348470687866,-0.004315309665980749,0.041015625,0.9072806820273399,0.0003,0.0047142487
1617,0.036702148437500005,117760,1.5937500000000004,72,1.5570478515625001,16,115,1.06265482,64.0,0.9411394000053406,0.2,1140,-0.774400032311678,0.49999970663338916,0.3020113408565521,-0.007188748256885447,0.07470703125,0.7368057247251272,0.0003,0.007179264
1616,0.0741728515625,118784,1.3750000000000022,73,1.3008271484375025,16,116,1.1567932899999998,64.0,0.879723310470581,0.2,1150,-0.783811978250742,0.4999997209757566,0.3385225832462311,-0.007980996316473466,0.05966796875,0.9006439451128244,0.0003,0.0055172523
1617,0.06312597656249999,119808,2.0843750000000014,74,2.0212490234375013,16,117,1.2091018700000002,64.0,0.8811801075935364,0.2,1160,-0.6960729736834764,0.49999974370002764,0.6093165278434753,-0.003763279563281685,0.037890625,1.1683603454381228,0.0003,0.00505599
1617,0.04308203125000001,120832,2.546875000000001,74,2.5037929687500005,16,118,1.5870935599999998,64.0,0.9387694597244263,0.2,1170,-0.7419718109071255,0.4999997248873112,0.38072559237480164,-0.007866883277165471,0.0701171875,0.8187987627461553,0.0003,0.0073762517
1615,0.08787988281249999,121856,1.3312500000000023,75,1.2433701171875025,16,119,1.5383398099999999,64.0,0.8696802854537964,0.2,1180,-0.7429461158812046,0.4999997278675439,0.47733455896377563,-0.0012382798682665451,0.00791015625,0.937524176388979,0.0003,0.0022317842
1611,0.072662109375,122880,0.6625000000000018,76,0.5898378906250018,16,120,1.4470821500000002,64.0,0.913129985332489,0.2,1190,-0.6883717302232981,0.4999997211620211,0.2655341327190399,-0.007817686322960071,0.06787109375,1.1005787134170533,0.0003,0.004638978
1609,0.041,123904,1.61875,76,1.5777499999999998,16,121,1.5929643699999998,64.0,0.9005489349365234,0.2,1200,-0.6832184411585331,0.49999974612146614,0.2390790581703186,-0.0054439174593426285,0.0443359375,1.0354395546019077,0.0003,0.004083788
1604,0.051107421875,124928,2.1343750000000004,77,2.083267578125,16,122,1.66294658,64.0,0.8710062503814697,0.2,1210,-0.7097546990960837,0.49999970309436337,0.5205461978912354,-0.00517904156295117,0.07822265625,0.9377924207597971,0.0003,0.0046971887
1603,0.05776757812500001,125952,1.134375000000002,78,1.076607421875002,16,123,1.46850626,64.0,0.8902215361595154,0.2,1220,-0.665977543219924,0.4999996794387695,0.3300289213657379,-0.0038077964098192753,0.03056640625,0.830677704513073,0.0003,0.0034626296
1605,0.08769824218750001,126976,0.6656250000000018,79,0.5779267578125017,16,124,1.24644471,64.0,0.8889379501342773,0.2,1230,-0.6389429148286581,0.49999975319951756,0.37981605529785156,-0.008611501738778315,0.08955078125,1.159449477121234,0.0003,0.0065634567
1605,0.06479785156250001,128000,1.2781250000000017,79,1.213327148437502,16,125,1.18134736,64.0,0.9187600016593933,0.2,1240,-0.6187640845775604,0.499999720975757,0.33985212445259094,-0.0031512780667981135,0.02451171875,0.9546174351125956,0.0003,0.0038660069
1606,0.0642333984375,129024,2.512500000000001,80,2.4482666015625014,16,126,1.48662722,64.0,0.874727725982666,0.2,1250,-0.6531423341482878,0.4999997742474077,0.548704981803894,-0.005546739356941543,0.0548828125,1.313354868069291,0.0003,0.004287378
1605,0.11440136718749999,130048,-0.12187499999999682,80,-0.23627636718749684,16,127,1.27394658,64.0,0.8621838092803955,0.2,1260,-0.7085988625884057,0.499999784491956,0.9870452880859375,-0.008074203672731529,0.0736328125,1.8377754434943199,0.0003,0.005586084
1606,0.05874609375000002,131072,2.312500000000001,81,2.2537539062500005,16,128,1.2380008100000002,64.0,0.9184592366218567,0.2,1270,-0.6306482743471861,0.4999997643753888,0.8252604007720947,-0.00651359432231402,0.05126953125,1.3131101876497269,0.0003,0.0040140357
1607,0.05195800781250001,132096,2.165625000000002,82,2.113666992187502,16,129,1.4055101700000001,64.0,0.8414812684059143,0.2,1280,-0.6842839360237122,0.49999973047524715,0.3861883282661438,-0.0060813396470621225,0.0439453125,0.9685369310900569,0.0003,0.005455478
1608,0.11952148437500001,133120,0.22187500000000193,82,0.10235351562500183,16,130,1.2305777,64.0,0.7390342950820923,0.2,1290,-0.7076800495386124,0.499999806843698,1.317716121673584,-0.003990389811224304,0.0365234375,2.3476504273712635,0.0003,0.0058330814
1610,0.0669853515625,134144,1.1343750000000008,83,1.0673896484375007,16,131,1.27672736,64.0,0.9258371591567993,0.2,1300,-0.6174547709524632,0.4999997427687049,0.4480408728122711,-0.00476160908001475,0.05224609375,0.975676229596138,0.0003,0.005930043
1612,0.051471679687500015,135168,1.490625000000001,83,1.4391533203125007,16,132,1.07118763,64.0,0.9290215969085693,0.2,1310,-0.6872078981250525,0.4999997265636921,0.3657340705394745,-0.00522960870002862,0.05185546875,0.9491751879453659,0.0003,0.0048251627
1613,0.07489453125000001,136192,1.3906250000000018,84,1.315730468750002,16,133,1.24254247,64.0,0.9059344530105591,0.2,1320,-0.7025507129728794,0.49999974146485354,0.4839988052845001,-0.005592462272034027,0.05400390625,0.9414369646459818,0.0003,0.0029418948
1613,0.0638701171875,137216,1.3406250000000035,85,1.2767548828125035,16,134,1.27376012,64.0,0.9287940263748169,0.2,1330,-0.6529261007905006,0.4999997429549693,0.5367583632469177,-0.0032132231921423227,0.02353515625,1.0062309071421622,0.0003,0.0028657757
1613,0.02853417968750001,138240,2.6312499999999996,85,2.6027158203124996,16,135,1.2926199600000001,64.0,0.8943572044372559,0.2,1340,-0.6307793531566859,0.4999997077509762,0.2920856773853302,-0.0037958769855322315,0.0265625,0.682479283027351,0.0003,0.0039488566
1614,0.06135156250000001,139264,0.9593750000000014,86,0.8980234375000014,16,136,1.3645482399999997,64.0,0.7859347462654114,0.2,1350,-0.7412400994449854,0.4999997317790985,0.3266099989414215,-0.0073149557953001935,0.05634765625,1.195169780217111,0.0003,0.0034653577
1615,0.0916982421875,140288,1.106250000000002,86,1.014551757812502,16,137,1.4559822900000001,64.0,0.9181854724884033,0.2,1360,-0.6014844229444861,0.4999996718019248,0.2883428633213043,-0.003531319412286393,0.061328125,0.7243924703449011,0.0003,0.005641362
1615,0.06960644531250001,141312,0.956250000000002,87,0.8866435546875018,16,138,1.38370404,64.0,0.9293886423110962,0.2,1370,-0.5898127095773816,0.49999964889138937,0.2942112982273102,-0.005893180554267019,0.04384765625,0.7001868521794676,0.0003,0.0037147051
1616,0.08093750000000001,142336,0.2906250000000017,88,0.2096875000000017,16,139,1.1592467199999998,64.0,0.9269382357597351,0.2,1380,-0.6351837005466223,0.49999964702874433,0.27496668696403503,-0.005183659092290327,0.0615234375,0.749579350464046,0.0003,0.0040508397
1615,0.0455556640625,143360,2.628125000000002,88,2.582569335937502,16,140,1.3161146600000004,64.0,0.9159994721412659,0.2,1390,-0.6147164184600115,0.4999996883794666,0.5107450485229492,-0.00475333027279703,0.040234375,0.9333070265129209,0.0003,0.003892527
1616,0.08511523437500002,144384,1.6156250000000016,89,1.5305097656250015,16,141,1.25626263,64.0,0.888502836227417,0.2,1400,-0.5882081467658281,0.4999996922910213,0.3479786217212677,-0.004055270942626521,0.037109375,0.8351679095998407,0.0003,0.0027735825
1616,0.03418554687500001,145408,3.609374999999999,89,3.5751894531249997,16,142,1.61025231,64.0,0.925358235836029,0.2,1410,-0.5565957985818386,0.4999997237697242,0.5013811588287354,-0.004275100989616476,0.0357421875,1.0153515197336673,0.0003,0.0029270996
1615,0.043988281250000004,146432,2.8843750000000017,90,2.840386718750002,16,143,1.90377717,64.0,0.7424914836883545,0.2,1420,-0.5920915527269244,0.49999976549297553,0.3100508451461792,-0.004357273448840715,0.04013671875,1.3443616103380918,0.0003,0.004728932
1615,0.05489355468750001,147456,2.4750000000000014,91,2.420106445312501,16,144,2.10628764,64.0,0.886336088180542,0.2,1430,-0.5688914449885487,0.4999997135251764,0.38071468472480774,-0.003989080083556473,0.03681640625,0.9596010576933622,0.0003,0.0038537157
1615,0.07062890625000001,148480,0.8906250000000027,91,0.8199960937500027,16,145,2.1716416900000004,64.0,0.9124261736869812,0.2,1440,-0.600486415065825,0.4999997230246665,0.4733261466026306,-0.0054960394249064844,0.03740234375,0.8873773328959942,0.0003,0.0038311577
1615,0.056828125,149504,1.0781250000000016,92,1.0212968750000015,16,146,1.9921934300000004,64.0,0.9327852725982666,0.2,1450,-0.525123031064868,0.49999973382800805,0.6281646490097046,-0.005036245140945539,0.0296875,0.9327147223055363,0.0003,0.0035569472
1615,0.060646484375000004,150528,2.0718750000000017,93,2.011228515625002,16,147,2.2593687200000003,64.0,0.9322949051856995,0.2,1460,-0.5931824877858162,0.4999997129663824,0.3898330330848694,-0.003080183744896203,0.04443359375,0.7577467657625675,0.0003,0.0022465985
1616,0.08485253906250001,151552,0.9156250000000024,93,0.8307724609375025,16,148,1.7172718699999998,64.0,0.9401450753211975,0.2,1470,-0.5986635588109493,0.49999970700591806,0.35867980122566223,-0.005836565344361588,0.057421875,0.7690129091963172,0.0003,0.0053421548
1617,0.046426757812500004,152576,1.8375000000000004,94,1.7910732421875006,16,149,1.5350701400000006,64.0,0.9041489958763123,0.2,1480,-0.5179175481200218,0.49999973773956274,0.4092268645763397,-0.00526513689692365,0.0392578125,1.0716040771454574,0.0003,0.0026863492
1617,0.05222167968750001,153600,2.4593750000000005,94,2.407153320312501,16,150,1.4264765300000002,64.0,0.8810154795646667,0.2,1490,-0.6305082857608795,0.4999997276812791,0.4898185133934021,-0.005173242834280245,0.06669921875,1.0227927153930068,0.0003,0.0043874728
1617,0.07770214843750001,154624,1.4343750000000028,95,1.3566728515625028,16,151,1.4810287199999999,64.0,0.877946138381958,0.2,1500,-0.5739465313032269,0.4999997323378918,0.38700249791145325,-0.007640053785871714,0.05302734375,0.9889328286051751,0.0003,0.0050405907
1619,0.0512890625,155648,2.0500000000000007,96,1.9987109375000007,16,152,1.62411138,64.0,0.9272207021713257,0.2,1510,-0.5447215741500259,0.499999769590795,0.38820669054985046,-0.004745705478126183,0.0578125,1.063782960921526,0.0003,0.004180257
1619,0.09310839843750002,156672,1.6250000000000027,96,1.5318916015625028,16,153,1.7306548099999999,64.0,0.8906835317611694,0.2,1520,-0.6337661288678647,0.49999974817037585,0.4835340678691864,-0.007112250899081118,0.084765625,1.0222109485417605,0.0003,0.0058319373
1619,0.06143066406249999,157696,2.181250000000001,97,2.1198193359375006,16,154,1.85408448,64.0,0.9325915575027466,0.2,1530,-0.5791086304932833,0.4999997705221176,0.6881827712059021,-0.0046674384240759535,0.02890625,1.1415237467736006,0.0003,0.0033012284
1620,0.057829101562500006,158720,2.081250000000001,97,2.023420898437501,16,155,1.84604575,64.0,0.9061105251312256,0.2,1540,-0.5801235353574157,0.49999975059181445,0.36136215925216675,-0.007093449833337218,0.05517578125,0.9690992396324873,0.0003,0.0052471245
1621,0.051424804687500006,159744,2.35,98,2.2985751953125,16,156,1.8511827899999997,64.0,0.8391949534416199,0.2,1550,-0.5866652753204107,0.4999997742474078,0.8033065795898438,-0.003976694357697852,0.02412109375,1.5109285868704319,0.0003,0.0042832447
1622,0.053384765625,160768,1.8687500000000012,99,1.8153652343750013,16,157,2.0022234400000003,64.0,0.9227935671806335,0.2,1560,-0.6343795649707318,0.4999997040256857,0.4105261564254761,-0.0034197935165138915,0.0234375,0.7381219236180186,0.0003,0.002712463
1622,0.049724609375000006,161792,2.1593750000000007,99,2.109650390625001,16,158,1.95517485,64.0,0.9349958300590515,0.2,1570,-0.5954709688201547,0.49999969992786647,0.42170459032058716,-0.006183275434887036,0.05908203125,0.7209594804793596,0.0003,0.003981631
1622,0.07594433593750001,162816,1.7875000000000019,100,1.7115556640625018,16,159,2.00086517,64.0,0.928451657295227,0.2,1580,-0.5984511792659759,0.4999996947124603,0.2517847418785095,-0.004065676589380019,0.0515625,0.6558121986687183,0.0003,0.003487413
1623,0.08842773437500004,163840,1.5062500000000012,100,1.4178222656250012,16,160,1.9162559699999997,64.0,0.8419223427772522,0.2,1590,-0.5857215823605657,0.49999977387487893,0.8545116782188416,-0.004830240301089361,0.04404296875,1.7349580936133862,0.0003,0.0039864285
1625,0.059123046875000015,164864,1.4843750000000009,101,1.425251953125001,16,161,1.72311628,64.0,0.9438791275024414,0.2,1600,-0.5393901184201241,0.499999681301415,0.34145718812942505,-0.006185153321712278,0.047265625,0.6421669231727719,0.0003,0.004191298
1625,0.0589111328125,165888,2.050000000000001,102,1.991088867187501,16,162,1.77913486,64.0,0.9390978813171387,0.2,1610,-0.6174885060638189,0.4999996988102793,0.24051599204540253,-0.0031253403576556593,0.0265625,0.6661432836204767,0.0003,0.0032394454
1625,0.052633789062500005,166912,1.334375000000001,102,1.281741210937501,16,163,1.6819806199999996,64.0,0.9446682929992676,0.2,1620,-0.6583265393972397,0.4999996803700923,0.33415165543556213,-0.008675107604358346,0.08291015625,0.6287951214239001,0.0003,0.0047170958
1625,0.050751953125000006,167936,3.0343750000000003,103,2.983623046875,16,164,1.77772747,64.0,0.9305352568626404,0.2,1630,-0.6308845236897469,0.4999996084719898,0.20092615485191345,-0.0032082310877740382,0.0548828125,0.4860229702666402,0.0003,0.0036571345
1622,0.08168847656250001,168960,1.1562500000000004,104,1.0745615234375006,16,165,1.7342382499999998,64.0,0.8469738960266113,0.2,1640,-0.5521001407876611,0.49999971687793726,0.2761955261230469,-0.002762735864962451,0.0515625,0.994525589235127,0.0003,0.005308198
1621,0.056670898437500006,169984,2.387500000000002,104,2.3308291015625016,16,166,1.78571478,64.0,0.9499455690383911,0.2,1650,-0.508500131033361,0.499557145126164,0.24025794863700867,-0.003198689251439646,0.03515625,0.552803435921669,0.0003,0.003308307
1621,0.06833007812500003,171008,1.8843750000000024,105,1.8160449218750023,16,167,1.9522594600000003,64.0,0.9050944447517395,0.2,1660,-0.5374294433742761,0.4999997194856406,0.640903115272522,-0.002769956273550633,0.0216796875,1.1179126895964147,0.0003,0.0022092015
1622,0.035997070312500004,172032,1.6437500000000003,106,1.6077529296875004,16,168,1.86013586,64.0,0.9411444664001465,0.2,1670,-0.5090415883809328,0.4999996855854988,0.49539268016815186,-0.0046926357463235036,0.0326171875,0.7531679196283221,0.0003,0.003400863
1622,0.06283105468750001,173056,0.6375000000000016,106,0.5746689453125017,16,169,1.7424575700000002,64.0,0.8642131090164185,0.2,1680,-0.4806956321001053,0.49999973606318243,0.6033951640129089,-0.007528986706165597,0.0654296875,0.9201986068859697,0.0003,0.004575664
1622,0.08706152343750001,174080,1.5187500000000012,107,1.4316884765625013,16,170,1.4577991399999999,64.0,0.9372445344924927,0.2,1690,-0.4453196918591857,0.4997923359274866,0.30198419094085693,-0.0036535210616420954,0.027734375,0.7420292781665921,0.0003,0.00306377
1622,0.04960839843750002,175104,2.4593750000000014,107,2.4097666015625014,16,171,1.7735836699999998,64.0,0.9477682113647461,0.2,1700,-0.3810245402157307,0.4999997157603502,0.23194319009780884,-0.004897264397004619,0.036328125,0.7664730876684189,0.0003,0.0038716388
1622,0.071359375,176128,1.565625000000003,108,1.4942656250000028,16,172,1.6080551000000003,64.0,0.939297616481781,0.2,1710,-0.3658496990799904,0.49999969340860845,0.4385245442390442,-0.004015693502151407,0.04658203125,0.6661132324486971,0.0003,0.0037894396
1623,0.041084960937500005,177152,1.7031250000000004,109,1.6620400390625005,16,173,1.53089042,64.0,0.922984778881073,0.2,1720,-0.46623315662145615,0.4999997632578011,0.4571528732776642,-0.00526362064119894,0.0421875,1.0545324973762036,0.0003,0.002893
1624,0.06505371093750001,178176,1.246875000000002,109,1.181821289062502,16,174,1.4163337299999998,64.0,0.9037168622016907,0.2,1730,-0.5024310126900673,0.49999971743673066,0.2855915427207947,-0.0037722836917964742,0.034375,0.7366954945027828,0.0003,0.0022043018
1626,0.056004882812500004,179200,2.2062500000000007,110,2.1502451171875014,16,175,1.6249374999999997,64.0,0.9320363402366638,0.2,1740,-0.48612187094986437,0.4999997442588211,0.3290634751319885,-0.007313400454586371,0.0599609375,0.7985186981037259,0.0003,0.003908621
1627,0.06469531250000002,180224,3.1750000000000016,110,3.1103046875000016,16,176,2.0309229699999998,64.0,0.8761335611343384,0.2,1750,-0.521782499179244,0.4999997695907951,0.5167811512947083,-0.004281721249572002,0.03798828125,1.2573572285473347,0.0003,0.003084535
1627,0.068583984375,181248,2.4875000000000016,111,2.4189160156250016,16,177,2.06410452,64.0,0.8864547610282898,0.2,1760,-0.4484110390767455,0.4999997837468979,0.5197911858558655,-0.005518792651128024,0.05693359375,1.2240668423473835,0.0003,0.0056726234
1628,0.0680390625,182272,0.6187500000000008,111,0.5507109375000008,16,178,1.8423343799999998,64.0,0.8689635992050171,0.2,1770,-0.4222546715289354,0.49999978374689813,0.7799086570739746,-0.004968470218591392,0.04130859375,1.5285136818885803,0.0003,0.0036066838
1629,0.06714160156250001,183296,2.1281250000000016,112,2.060983398437502,16,179,1.96936172,64.0,0.9348548650741577,0.2,1780,-0.4167413817718625,0.4999997081235052,0.2703897953033447,-0.005857004135032184,0.04384765625,0.7293844629079104,0.0003,0.0027326639
1629,0.03634960937500001,184320,2.231250000000001,113,2.1949003906250013,16,180,2.0963682699999997,64.0,0.8886926770210266,0.2,1790,-0.47515832372009753,0.499999749287963,0.7546138763427734,-0.003609806107124314,0.032421875,1.2253430988639593,0.0003,0.0037682364
1630,0.09593359375000002,185344,0.3156250000000028,113,0.21969140625000275,16,181,1.8053170100000002,64.0,0.8317909836769104,0.2,1800,-0.521256642229855,0.49999975040555,0.36346498131752014,-0.0009305587882408872,0.02666015625,1.017632883787155,0.0003,0.0029294621
1632,0.05871679687500001,186368,2.4000000000000012,114,2.3412832031250015,16,182,1.6836357599999994,64.0,0.9421676397323608,0.2,1810,-0.4953400256112218,0.4999996976926922,0.3644970655441284,-0.00416323600220494,0.05712890625,0.8241572212427855,0.0003,0.0070734834
1632,0.085119140625,187392,1.8156250000000018,114,1.7305058593750016,16,183,1.65149685,64.0,0.9066854119300842,0.2,1820,-0.47968302071094515,0.4999997494742274,0.5735474824905396,-0.007444704649969935,0.06943359375,1.0656294021755457,0.0003,0.004734703
1633,0.04034277343750001,188416,2.712500000000001,115,2.6721572265625007,16,184,1.8602083799999998,64.0,0.9398180246353149,0.2,1830,-0.3851161554455757,0.49999970905482766,0.2640449106693268,-0.005098136590095237,0.04833984375,0.7681333754211664,0.0003,0.003038529
1633,0.09074316406250002,189440,0.26875000000000215,115,0.17800683593750208,16,185,1.4513145999999995,64.0,0.8459010124206543,0.2,1840,-0.44777957517653705,0.49999977704137566,0.749026358127594,-0.003331429009267595,0.03505859375,1.2375883683562279,0.0003,0.0036017562
1635,0.044067382812500014,190464,2.6281250000000007,116,2.5840576171875007,16,186,1.7455461499999998,64.0,0.9376690983772278,0.2,1850,-0.4209306141361594,0.49999975636601457,0.5221222639083862,-0.0025983893545344474,0.02529296875,1.030676339380443,0.0003,0.0024294239
1636,0.06256738281250002,191488,1.9375000000000022,117,1.874932617187502,16,187,1.8291663099999997,64.0,0.8667712211608887,0.2,1860,-0.3626829721033573,0.4999997517094017,0.35810786485671997,-0.00275559673900716,0.04873046875,1.2095271045342089,0.0003,0.0086080935
1636,0.04819335937500001,192512,2.8031249999999996,117,2.754931640625,16,188,2.0489247400000004,64.0,0.901557981967926,0.2,1870,-0.33816410303115846,0.49999978244304666,0.7983518838882446,-0.002802523897844367,0.01767578125,1.361742129176855,0.0003,0.0018805768
1637,0.11346875,193536,0.9250000000000036,118,0.8115312500000036,16,189,1.7740413099999999,64.0,0.8818267583847046,0.2,1880,-0.40569843985140325,0.4999997528269888,0.6409693956375122,-0.0025236977904569357,0.03076171875,1.0854986917227507,0.0003,0.0027720404
1639,0.03712988281250001,194560,2.5687500000000014,118,2.5316201171875012,16,190,1.7716885100000002,64.0,0.9104866981506348,0.2,1890,-0.317861901037395,0.49999977964907877,0.48534002900123596,-0.0035247350169811398,0.033203125,1.4593496333807707,0.0003,0.0020995499
1639,0.06025390625,195584,1.7906250000000017,119,1.7303710937500019,16,191,1.95807915,64.0,0.770736038684845,0.2,1900,-0.4334079373627901,0.4994534114375709,0.8179642558097839,-0.0029981150801177137,0.0357421875,1.5698216430842877,0.0003,0.0029902114
1641,0.055444335937500006,196608,1.4375000000000009,119,1.3820556640625008,16,192,1.8282372900000001,64.0,0.9149399399757385,0.2,1910,-0.33900167644023893,0.4999996967613698,0.2952396273612976,-0.003977850210503675,0.047265625,0.7718398379161954,0.0003,0.0026116283
1643,0.06981054687499999,197632,1.9375000000000029,120,1.867689453125003,16,193,1.90199886,64.0,0.9459271430969238,0.2,1920,-0.29182273987680674,0.4999996440485119,0.3175767958164215,-0.0013109830964822323,0.0185546875,0.5015417746268213,0.0003,0.0013048585
1644,0.056417968750000005,198656,3.062500000000001,120,3.006082031250001,16,194,1.9172974500000002,64.0,0.8947006464004517,0.2,1930,-0.35813860930502417,0.49999972116202135,0.4329294264316559,-0.003227946632250678,0.0314453125,1.167681697383523,0.0003,0.0029886798
1645,0.05324023437500001,199680,2.3125000000000018,121,2.2592597656250017,16,195,2.01300807,64.0,0.9114212989807129,0.2,1940,-0.32898681089282034,0.49999967664480227,0.6393135786056519,-0.002093060570769012,0.0203125,0.8012868670746685,0.0003,0.0015091468
1646,0.038775390625,200704,2.3812500000000014,121,2.3424746093750013,16,196,2.1566094500000004,64.0,0.8505176305770874,0.2,1950,-0.3404208650812507,0.4999997204169633,0.5267146229743958,-0.004745310798170976,0.027734375,1.2703127175569535,0.0003,0.0028928835
1644,0.06735253906250001,201728,0.49375000000000185,122,0.42639746093750175,16,197,1.83685023,64.0,0.864517092704773,0.2,1960,-0.3301452461630106,0.49999970905482766,0.4981757402420044,-0.0028441438247682528,0.02197265625,1.088540580123663,0.0003,0.0021321129
1644,0.06729199218750001,202752,1.6562500000000013,123,1.5889580078125014,16,198,1.87197385,64.0,0.932942807674408,0.2,1970,-0.32587239537388085,0.4999996991828085,0.2918746769428253,-0.0023599071224452927,0.02861328125,0.7048239445313811,0.0003,0.003449598
1645,0.05523339843750001,203776,0.9312500000000024,123,0.8760166015625024,16,199,1.7527291399999998,64.0,0.893003523349762,0.2,1980,-0.34096848387271167,0.49999973345547916,0.6081745624542236,-0.002040494079119526,0.02763671875,1.1445035595446824,0.0003,0.0018606419
1646,0.10091503906250002,204800,1.4250000000000038,124,1.3240849609375036,16,200,1.5103382200000002,64.0,0.9324159026145935,0.2,1990,-0.3582804437726736,0.49907954838126894,0.26156482100486755,-0.0029228185434476473,0.0263671875,0.73335683029145,0.0003,0.002197674
1647,0.038943359375000014,205824,3.1000000000000014,124,3.0610566406250017,16,201,1.6915168200000001,64.0,0.8437959551811218,0.2,2000,-0.3493637144565582,0.4999997841194272,1.2224345207214355,-0.0038955687487032264,0.04599609375,2.267053392529488,0.0003,0.003924052
1647,0.06120898437500001,206848,0.6750000000000026,125,0.6137910156250027,16,202,1.3529737099999997,64.0,0.7654774188995361,0.2,2010,-0.36714475732296703,0.4999997727572916,0.7407466769218445,-0.0005334468587534502,0.0119140625,1.7162503868341445,0.0003,0.0014555261
1647,0.0822919921875,207872,1.2781250000000024,126,1.1958330078125023,16,203,1.43842248,64.0,0.8996712565422058,0.2,2020,-0.3938818464055657,0.4999997068196534,0.38797616958618164,-0.004281980948871933,0.046484375,0.8756410263478756,0.0003,0.008521814
1647,0.0930927734375,208896,0.3625000000000028,126,0.26940722656250293,16,204,1.24063561,64.0,0.8886489272117615,0.2,2030,-0.3734311807900667,0.499999743513763,0.7971807718276978,-0.0027836109802592546,0.02939453125,1.6113920453935862,0.0003,0.0028568564
1647,0.05990527343750002,209920,1.4687500000000004,127,1.4088447265625001,16,205,1.3142978300000001,64.0,0.9240275621414185,0.2,2040,-0.42959186937659977,0.49999974649399503,0.32743850350379944,-0.0017939456680323928,0.02119140625,1.201165320724249,0.0003,0.0014449039
1647,0.05960546875,210944,2.1656250000000004,128,2.1060195312500003,16,206,1.3875259599999998,64.0,0.9214035868644714,0.2,2050,-0.3482204114086926,0.4999997008591891,0.3701326251029968,-0.0012120157422032206,0.0216796875,0.719112110696733,0.0003,0.002511209
1649,0.05584082031250001,211968,2.656250000000001,128,2.600409179687501,16,207,1.4477980000000001,64.0,0.8492223024368286,0.2,2060,-0.33428080612793565,0.49999972451478236,0.6135695576667786,-0.0013766942400252446,0.0150390625,1.553459233045578,0.0003,0.0033084224
1648,0.045733398437499996,212992,2.4250000000000016,129,2.3792666015625015,16,208,1.63426487,64.0,0.8572273850440979,0.2,2070,-0.4000049713999033,0.4999997235834597,0.6282597780227661,-0.0041315804439364,0.04189453125,1.237160948291421,0.0003,0.0027958087
1649,0.06405078125000002,214016,1.6000000000000019,129,1.535949218750002,16,209,1.78494174,64.0,0.8385380506515503,0.2,2080,-0.40690425783395767,0.4999997435137631,0.584940493106842,-0.001216488631325774,0.029296875,1.418121736496687,0.0003,0.0019342492
1649,0.042341796875000004,215040,0.962500000000001,130,0.920158203125001,16,210,1.6380395399999998,64.0,0.8842777013778687,0.2,2090,-0.39685579631477597,0.4999997442588212,0.45169585943222046,-0.002260169497458264,0.0142578125,1.489990458637476,0.0003,0.0014497212
1650,0.08290625000000001,216064,1.5562500000000015,130,1.4733437500000013,16,211,1.7642174800000003,64.0,0.8829625248908997,0.2,2100,-0.43726354353129865,0.49999965615570546,0.294302374124527,-0.005437893542693928,0.050390625,0.6484484428539872,0.0003,0.0039716465
1651,0.06906738281250001,217088,1.256250000000001,131,1.187182617187501,16,212,1.68561419,64.0,0.9209285974502563,0.2,2110,-0.42057858072221277,0.4999997308477759,0.32523345947265625,-0.008071629193727859,0.070703125,1.0378108832985162,0.0003,0.00491349
1651,0.0582724609375,218112,2.740625000000001,132,2.6823525390625007,16,213,1.7564677699999995,64.0,0.9278622269630432,0.2,2120,-0.38892843164503577,0.49944587368518123,0.3867539167404175,-0.004933652328327298,0.039453125,0.7222891379147768,0.0003,0.0077909576
1650,0.07084667968750001,219136,1.1218750000000028,132,1.0510283203125028,16,214,1.54259087,64.0,0.8305914998054504,0.2,2130,-0.46832030098885297,0.4999997368082404,0.8229817748069763,-0.0037612518135574646,0.032421875,1.5338511183857917,0.0003,0.0024203183
1651,0.07154296875000002,220160,1.703125000000001,133,1.631582031250001,16,215,1.5038111899999997,64.0,0.9183204174041748,0.2,2140,-0.46597670540213587,0.4999996878206729,0.3108275234699249,-0.002608217200031504,0.025,0.7791934506967664,0.0003,0.0022178586
1651,0.096548828125,221184,1.1093750000000027,133,1.0128261718750025,16,216,1.43271043,64.0,0.8932872414588928,0.2,2150,-0.4554884845390916,0.49999974854290485,0.6277480125427246,-0.004466677212622017,0.05009765625,1.3371428582817315,0.0003,0.0050020367
1651,0.0624013671875,222208,1.9687500000000022,134,1.9063486328125023,16,217,1.5818054299999997,64.0,0.9313006401062012,0.2,2160,-0.4574408741667867,0.4999997222796082,0.491987407207489,-0.0062639413314173,0.0501953125,1.0413507375866176,0.0003,0.01839587
1651,0.069412109375,223232,1.6812500000000017,135,1.6118378906250015,16,218,1.63000824,64.0,0.8855475783348083,0.2,2170,-0.5303492158651352,0.49999975748360126,0.6941176056861877,-0.004483377115684561,0.05546875,1.172358389571309,0.0003,0.0035226024
1653,0.07594433593750002,224256,1.7812500000000018,135,1.705305664062502,16,219,1.5943331100000002,64.0,0.835863471031189,0.2,2180,-0.5939024332910776,0.49999982211738825,2.063912868499756,-0.003175877156900242,0.02978515625,2.293665302544832,0.0003,0.0028743404
1654,0.0555849609375,225280,1.028125000000002,136,0.9725400390625019,16,220,1.4864457700000002,64.0,0.8492132425308228,0.2,2190,-0.6189340855926275,0.49999982714653024,1.2149651050567627,-0.005686757271178067,0.07763671875,2.2111644014716147,0.0003,0.009732783
1655,0.07728222656250001,226304,1.1375000000000015,136,1.0602177734375013,16,221,1.3609788799999998,64.0,0.8897969722747803,0.2,2200,-0.5140921672806144,0.4999997651204466,0.3641734719276428,-0.0034837724728276954,0.03505859375,1.124975856207311,0.0003,0.002933822
1655,0.04345019531250001,227328,2.73125,137,2.6877998046875,16,222,1.62177604,64.0,0.9218191504478455,0.2,2210,-0.4927099825814366,0.4999997554346921,0.5777322053909302,-0.004277176453615539,0.0439453125,1.1333612103015185,0.0003,0.0040118755
1656,0.09163671874999998,228352,0.8906250000000018,137,0.7989882812500017,16,223,1.5081448100000001,64.0,0.810794472694397,0.2,2220,-0.4665056159719825,0.4999997733160855,0.7960712909698486,-0.002944510533416178,0.028125,1.6619429623708128,0.0003,0.00569186
1656,0.058184570312499996,229376,1.6406250000000002,138,1.5824404296875003,16,224,1.52064874,64.0,0.909602165222168,0.2,2230,-0.5620791407302022,0.4999997487291691,0.5147280097007751,-0.004516748976311646,0.03994140625,1.1628317046910523,0.0003,0.0037748043
1656,0.05053613281250001,230400,3.1625000000000005,139,3.1119638671875007,16,225,1.6305887400000003,64.0,0.904221773147583,0.2,2240,-0.526828465424478,0.4999996973201635,0.44288361072540283,-0.0028822093096096068,0.03837890625,0.9268063772469759,0.0003,0.0048371674
1656,0.09481347656250003,231424,0.9343750000000013,139,0.8395615234375016,16,226,1.7336382999999997,64.0,0.8620144128799438,0.2,2250,-0.525009061396122,0.49999979678541406,0.4661896526813507,-0.006167216872563585,0.0345703125,1.3779271684587002,0.0003,0.00418739
1656,0.0448193359375,232448,1.046875000000001,140,1.002055664062501,16,227,1.6705279800000001,64.0,0.8887486457824707,0.2,2260,-0.5606047127395868,0.4999998334795236,1.104810118675232,-0.009575916090398096,0.078515625,2.0016976237297057,0.0003,0.0035296725
1657,0.061302734375,233472,1.840625000000002,140,1.779322265625002,16,228,1.4865205000000004,64.0,0.7599479556083679,0.2,2270,-0.6180726278573274,0.49999981224536894,1.0006613731384277,-0.007392913367948495,0.0703125,2.2111066468060017,0.0003,0.0046657156
1657,0.04395019531250001,234496,1.8374999999999997,141,1.7935498046874998,16,229,1.5299778300000002,64.0,0.8895062208175659,0.2,2280,-0.5706914668902755,0.49999976567924026,0.5333169102668762,-0.003812188233132474,0.0404296875,1.1775144584476949,0.0003,0.0026143857
1657,0.050605468750000014,235520,2.803125000000001,142,2.752519531250001,16,230,1.84618093,64.0,0.9091898798942566,0.2,2290,-0.4979842172935605,0.4999996284022926,0.21173834800720215,-0.005573940720933024,0.0408203125,0.48202770818024876,0.0003,0.004360394
1658,0.04449121093750001,236544,2.2968749999999996,142,2.2523837890625,16,231,1.8398299800000004,64.0,0.8657200932502747,0.2,2300,-0.5464603085070848,0.49999968614429235,0.3245655298233032,-0.005589881434570998,0.05458984375,0.8688484245911241,0.0003,0.0030707326
1659,0.036919921875000004,237568,2.3625000000000003,143,2.325580078125,16,232,2.0638979500000003,64.0,0.8601555228233337,0.2,2310,-0.5687611805275082,0.4999997537583112,0.5202471613883972,-0.004984102776506916,0.06337890625,1.2984429035335778,0.0003,0.00529218
1659,0.07850390625,238592,2.4562500000000007,143,2.377746093750001,16,233,2.1465493500000004,64.0,0.8412112593650818,0.2,2320,-0.5222542865201831,0.49999975170940164,0.7497671246528625,-0.0044963877633563245,0.04091796875,1.3260353874415158,0.0003,0.002761708
1660,0.059806640625000004,239616,2.4687500000000004,144,2.4089433593750007,16,234,2.20189153,64.0,0.9187349081039429,0.2,2330,-0.46943963654339316,0.49999973140656934,0.3672044575214386,-0.004796976264333353,0.0345703125,0.9584061606787145,0.0003,0.0033771645
1660,0.042985351562499996,240640,3.028125,144,2.9851396484375003,16,235,2.42794482,64.0,0.9233231544494629,0.2,2340,-0.5173881463706493,0.49999971017241523,0.5123792886734009,-0.003951399092329666,0.049609375,0.8210932012647391,0.0003,0.0033643877
1662,0.0394375,241664,3.4406249999999994,145,3.4011874999999994,16,236,2.55953685,64.0,0.8524946570396423,0.2,2350,-0.5334883542731405,0.49999974966049215,0.40044301748275757,-0.0046757935895584525,0.03525390625,1.0990621959790587,0.0003,0.0031124805
1662,0.04536914062500001,242688,1.4937500000000008,145,1.4483808593750007,16,237,2.4999593399999998,64.0,0.8691592216491699,0.2,2360,-0.5005424160510301,0.49999974723905316,0.48149657249450684,-0.006763487748685293,0.05703125,1.0880919689312578,0.0003,0.0046967687
1663,0.09685156250000002,243712,0.26874999999999993,146,0.17189843749999983,16,238,2.11097824,64.0,0.8212866187095642,0.2,2370,-0.7258599884808064,0.49999975599348545,0.4132171869277954,-0.013592181986314244,0.13486328125,0.9823587626218796,0.0003,0.012264065
1664,0.07153515625000001,244736,1.2812499999999998,147,1.2097148437499996,16,239,1.9389879199999998,64.0,0.9455567598342896,0.2,2380,-0.6615965154021979,0.49999968428164715,0.32656151056289673,-0.012420597666641697,0.10703125,0.6555863799527287,0.0003,0.012735795
1664,0.051009765625,245760,2.5531249999999996,147,2.5021152343749993,16,240,1.9512244800000003,64.0,0.8691965341567993,0.2,2390,-0.7133319951593876,0.49999978970736264,0.5054369568824768,-0.008380804475746118,0.05537109375,1.7633483313024043,0.0003,0.0049116374
1664,0.04714160156250002,246784,1.5218750000000003,148,1.4747333984375002,16,241,1.69051761,64.0,0.8966509699821472,0.2,2400,-0.5553315768018365,0.4999997222796084,0.5237143635749817,-0.0026097938971361145,0.03623046875,1.0334253016859294,0.0003,0.0031910557
1665,0.059422851562500004,247808,2.634375000000001,148,2.5749521484375,16,242,1.6214274600000005,64.0,0.9192215204238892,0.2,2410,-0.5668162232264876,0.4999996911734342,0.2344290316104889,-0.006447530438890681,0.045703125,0.6949178781360388,0.0003,0.0048473654
1664,0.04508593750000001,248832,3.7749999999999995,149,3.7299140625000002,16,243,1.92736248,64.0,0.8365333080291748,0.2,2420,-0.5817541947588325,0.4999997479841113,1.064781665802002,-0.008287873113295064,0.059375,1.2521239645779132,0.0003,0.005496947
1665,0.064599609375,249856,2.04375,150,1.9791503906250005,16,244,2.1435607599999997,64.0,0.7901550531387329,0.2,2430,-0.6271668888628483,0.4999997168779374,0.7002496123313904,-0.010783441466628574,0.1146484375,1.6222103904932736,0.0003,0.010549065
1666,0.039072265625000005,250880,2.775,150,2.735927734375,16,245,2.4730944999999998,64.0,0.8807095885276794,0.2,2440,-0.5660939734429121,0.49999972712248536,0.5690466165542603,-0.005078051920281723,0.04453125,1.0647652499377727,0.0003,0.0019907828
1665,0.027588867187500008,251904,2.48125,151,2.4536611328125,16,246,2.42774389,64.0,0.894904375076294,0.2,2450,-0.4871795829385519,0.49999964740127334,0.3294886648654938,-0.005565440744976513,0.0533203125,0.7199867639690638,0.0003,0.0048906943
1664,0.051072265625000016,252928,2.503124999999999,151,2.4520527343749987,16,247,2.60243779,64.0,0.8058215379714966,0.2,2460,-0.6209936859086156,0.4999996298924088,0.17468565702438354,-0.007569450349546969,0.074609375,0.6875600086525082,0.0003,0.008424703
1662,0.045401367187500014,253952,1.44375,152,1.3983486328124999,16,248,2.4881742200000003,64.0,0.915579617023468,0.2,2470,-0.568312269076705,0.4999996526166795,0.3070509433746338,-0.004103528603445738,0.069140625,0.67706982139498,0.0003,0.0049477825
1661,0.06536035156250002,254976,2.203124999999999,153,2.1377646484374995,16,249,2.2356284099999995,64.0,0.9432563185691833,0.2,2480,-0.5275918683037162,0.49999960958957657,0.20150062441825867,-0.0018761482293484732,0.0310546875,0.4231338521465659,0.0003,0.00399434
1661,0.07785351562500001,256000,2.468749999999999,154,2.3908964843749994,16,250,2.1556915400000003,64.0,0.8944246768951416,0.2,2490,-0.4601052379235625,0.49999971147626626,0.23776917159557343,-0.0005359454255085439,0.01650390625,0.9461934719234705,0.0003,0.0022946536
1660,0.0683447265625,257024,2.2156249999999993,154,2.1472802734374996,16,251,2.2354320100000002,64.0,0.9432278871536255,0.2,2500,-0.42114654965698717,0.4999996738508344,0.31610777974128723,-0.005806766462046653,0.06083984375,0.705006517842412,0.0003,0.00518483
1659,0.050435546875,258048,1.6624999999999988,155,1.612064453124999,16,252,1.99818417,64.0,0.9072177410125732,0.2,2510,-0.5234214769676327,0.49999973252415647,0.6462472081184387,-0.005067896671243943,0.061328125,1.1006240706890822,0.0003,0.0041440264
1655,0.0626904296875,259072,2.6125,156,2.549809570312499,16,253,2.0032282199999996,64.0,0.9248343706130981,0.2,2520,-0.49599588122218846,0.4999996673315766,0.30410388112068176,-0.007801700156414881,0.0689453125,0.6602304404601455,0.0003,0.0047918768
1654,0.039956054687500006,260096,2.646874999999999,157,2.6069189453124997,16,254,2.2205841499999996,64.0,0.9470281600952148,0.2,2530,-0.4915685772895813,0.4999996554106478,0.2845301926136017,-0.005788683099672199,0.05712890625,0.5747975759208203,0.0003,0.0070425943
1653,0.07592871093750002,261120,2.5999999999999988,157,2.5240712890624986,16,255,2.2926993099999997,64.0,0.9487188458442688,0.2,2540,-0.504296325147152,0.49988007098436393,0.18075312674045563,-0.0064243203029036525,0.09140625,0.3676796307787299,0.0003,0.006700732
1652,0.04725878906250001,262144,2.159374999999999,158,2.112116210937499,16,256,2.3648629100000003,64.0,0.9558665156364441,0.2,2550,-0.4472084082663059,0.49999959226697677,0.17786438763141632,-0.0029448906090692615,0.0375,0.4809907956048846,0.0003,0.004069388
1651,0.03573046875000001,263168,3.3562499999999993,159,3.3205195312499995,16,257,2.41030167,64.0,0.9248327016830444,0.2,2560,-0.5086000276729464,0.499999691732228,0.3494053781032562,-0.0027682131534675137,0.0232421875,0.6499880656599999,0.0003,0.0036175167
1650,0.04819824218750001,264192,2.953124999999999,160,2.904926757812499,16,258,2.63630839,64.0,0.9000227451324463,0.2,2570,-0.6369145065546036,0.4999997053295374,0.3981449604034424,-0.007130130127188749,0.043359375,0.7592487582936883,0.0003,0.0043063313
1649,0.0674853515625,265216,3.0374999999999988,160,2.970014648437499,16,259,2.73766839,64.0,0.8955569863319397,0.2,2580,-0.5216854246333241,0.4999996706843376,0.28939592838287354,-0.005772440021974035,0.03994140625,0.68773741889745,0.0003,0.004877298
1647,0.05149023437500001,266240,2.496874999999999,161,2.4453847656249987,16,260,2.684697289999999,64.0,0.942916989326477,0.2,2590,-0.4843524692580104,0.4999996503815056,0.3630310297012329,-0.004037637516739778,0.03525390625,0.6612930653616786,0.0003,0.0040404657
1645,0.053441406250000004,267264,2.6468749999999996,162,2.5934335937499995,16,261,2.6966218100000003,64.0,0.9376726746559143,0.2,2600,-0.6043207667768001,0.4999996718019245,0.4795733690261841,-0.008271922604762949,0.06611328125,0.7035633223131299,0.0003,0.0073662642
1645,0.0315087890625,268288,2.3843749999999995,163,2.352866210937499,16,262,2.7530202500000005,64.0,0.9334238767623901,0.2,2610,-0.5717687981203199,0.4999996695667509,0.2140556424856186,-0.0018846266713808291,0.02509765625,0.6732582829892635,0.0003,0.003419885
1643,0.054275390625,269312,2.093749999999999,163,2.0394746093749987,16,263,2.5482479,64.0,0.9448049664497375,0.2,2620,-0.6122042251750827,0.49999960251152514,0.12250757217407227,-0.006254808019730262,0.0712890625,0.39270981689915063,0.0003,0.0058681495
1639,0.0633408203125,270336,2.196874999999998,164,2.133534179687498,16,264,2.40595651,64.0,0.9016822576522827,0.2,2630,-0.5741722349077463,0.4999996643513443,0.39617544412612915,-0.004800375780905597,0.06943359375,0.7410099320113659,0.0003,0.0052601877
1636,0.056909179687500006,271360,2.140624999999997,165,2.083715820312497,16,265,2.18248115,64.0,0.9538511633872986,0.2,2640,-0.564616117067635,0.4999996250495315,0.2219334840774536,-0.004845580189430621,0.04677734375,0.4286510171368718,0.0003,0.0045006126
1636,0.042821289062500004,272384,2.703124999999999,166,2.660303710937499,16,266,2.29594147,64.0,0.9393015503883362,0.2,2650,-0.5427077746018767,0.4999995877966283,0.1432911604642868,-0.005903172666148748,0.04765625,0.4076857789419591,0.0003,0.0051457714
1636,0.055850585937500016,273408,1.9281249999999988,167,1.8722744140624987,16,267,2.14393476,64.0,0.9487795233726501,0.2,2660,-0.5492335740476847,0.4999995781108734,0.16760395467281342,-0.005007034138543531,0.04677734375,0.3584777232259512,0.0003,0.0047857007
1636,0.04175390625000001,274432,2.143749999999999,167,2.1019960937499986,16,268,2.1887393,64.0,0.9630531072616577,0.2,2670,-0.5477522205561399,0.49999955967068677,0.1185266375541687,-0.005392165161902085,0.05830078125,0.2809091887436807,0.0003,0.0070777824
1636,0.04855078125000001,275456,1.5656249999999992,168,1.517074218749999,16,269,2.07409727,64.0,0.9619529247283936,0.2,2680,-0.5748890684917569,0.4985838865861299,0.1987268477678299,-0.007807987023261376,0.0783203125,0.3116908796131611,0.0003,0.0077731735
1636,0.050876953125000006,276480,3.0031249999999976,168,2.952248046874997,16,270,2.16367335,64.0,0.9533478617668152,0.2,2690,-0.5308223398402333,0.49978061150759456,0.12428835034370422,-0.004521455027861521,0.05283203125,0.36472074296325446,0.0003,0.0050945776
1636,0.08575585937500001,277504,1.2937499999999982,169,1.207994140624998,16,271,2.0687285299999996,64.0,0.9044603705406189,0.2,2700,-0.49603470601141453,0.49973871484398824,0.4348694980144501,-0.005200587620493025,0.0267578125,0.6377806776203215,0.0003,0.0038763015
1634,0.030533203125000002,278528,2.1999999999999993,170,2.1694667968749988,16,272,2.0669215199999997,64.0,0.9632299542427063,0.2,2710,-0.5397402565926314,0.49999954830855126,0.1852467954158783,-0.0036895190336508677,0.034375,0.35910514453426,0.0003,0.004441096
1632,0.045284179687500016,279552,3.171874999999999,171,3.126590820312499,16,273,2.16408544,64.0,0.9270538687705994,0.2,2720,-0.6424956817179919,0.4991910610347987,0.19253841042518616,-0.006850722763920203,0.07939453125,0.35622615478932856,0.0003,0.0066550784
1630,0.05452539062500001,280576,2.6906249999999994,172,2.6360996093749995,16,274,2.2753882500000002,64.0,0.9432059526443481,0.2,2730,-0.5162589699029922,0.49999956600368023,0.14770489931106567,-0.005162988376105205,0.05888671875,0.41342187989503143,0.0003,0.0050520436
1628,0.05829101562500002,281600,2.096874999999999,172,2.038583984374999,16,275,2.3807734299999996,64.0,0.9426831007003784,0.2,2740,-0.5096182504668831,0.4999996148049828,0.29099056124687195,-0.004792664069100283,0.03974609375,0.510247983969748,0.0003,0.005190433
1626,0.05721386718749999,282624,2.193749999999997,173,2.1365361328124974,16,276,2.2116488899999998,64.0,0.9270457029342651,0.2,2750,-0.45625667180866003,0.49999961405992527,0.15314650535583496,-0.004991186416009441,0.0400390625,0.4635411998257041,0.0003,0.0037788781
1626,0.08708984375,283648,1.8499999999999963,174,1.7629101562499965,16,277,2.322232,64.0,0.9362598657608032,0.2,2760,-0.4687043072655797,0.49999960996210563,0.2261417955160141,-0.006686269989586435,0.05830078125,0.4702590161934495,0.0003,0.003940819
1626,0.033483398437500006,284672,3.4343749999999997,175,3.4008916015625,16,278,2.5693991799999996,64.0,0.9675634503364563,0.2,2770,-0.4970767669379711,0.4999995909631255,0.1585642695426941,-0.005136647677863948,0.0416015625,0.3926751544699073,0.0003,0.003858179
1625,0.04018066406250001,285696,2.1781249999999988,175,2.1379443359374983,16,279,2.3145599600000004,64.0,0.9342051148414612,0.2,2780,-0.5136778170242906,0.4999996175989506,0.2586585283279419,-0.004734695490333252,0.04560546875,0.46120046004652976,0.0003,0.0042278385
1623,0.0485498046875,286720,3.0249999999999995,176,2.9764501953124993,16,280,2.4584233999999996,64.0,0.9359102249145508,0.2,2790,-0.561898934841156,0.4999995889142157,0.17293226718902588,-0.007038424344500527,0.06025390625,0.3828238267451525,0.0003,0.0055025797
1623,0.029457031249999998,287744,2.7718749999999988,177,2.742417968749999,16,281,2.5003100700000003,64.0,0.9476823210716248,0.2,2800,-0.5202683435752988,0.4999996010214091,0.14612933993339539,-0.007067329091660213,0.05830078125,0.38650933643803,0.0003,0.0074842963
1623,0.03016015625000001,288768,2.4749999999999983,177,2.4448398437499987,16,282,2.51136274,64.0,0.9306833744049072,0.2,2810,-0.5755324495956302,0.4999995609745385,0.24539057910442352,-0.003966704671620391,0.0455078125,0.39268152192234995,0.0003,0.0044768807
1622,0.04581347656250002,289792,2.218749999999998,178,2.1729365234374978,16,283,2.58886555,64.0,0.9497608542442322,0.2,2820,-0.6508663970977068,0.49999957438558346,0.12382350862026215,-0.004515957471448928,0.046875,0.2644969797693193,0.0003,0.003950608
1621,0.042978515625000005,290816,2.7874999999999988,179,2.744521484374998,16,284,2.53848635,64.0,0.9599336385726929,0.2,2830,-0.5226067569106817,0.49999954048544176,0.12241129577159882,-0.005011332023423165,0.0416015625,0.2523346352390945,0.0003,0.0039498615
1621,0.037247070312500005,291840,2.6593749999999994,179,2.6221279296874993,16,285,2.5728355899999995,64.0,0.9523968696594238,0.2,2840,-0.4692982053384185,0.49912134390324353,0.24576789140701294,-0.004449682528502308,0.0400390625,0.2972372127696872,0.0003,0.0038150693
1622,0.055685546875000005,292864,2.834374999999998,180,2.7786894531249975,16,286,2.58882543,64.0,0.9595270156860352,0.2,2850,-0.45030130706727506,0.49903895277529947,0.14145274460315704,-0.004766459515667521,0.06005859375,0.25177296372130514,0.0003,0.0030342652
1622,0.023238281250000006,293888,3.0343749999999994,181,3.011136718749999,16,287,2.6010754100000004,64.0,0.9369609355926514,0.2,2860,-0.4865287711843848,0.49999958965927344,0.1965470314025879,-0.010476573376217857,0.0921875,0.5300281325355172,0.0003,0.008712749
1623,0.05728906250000001,294912,2.6874999999999982,181,2.630210937499999,16,288,2.65415434,64.0,0.9420919418334961,0.2,2870,-0.4793870568275452,0.49967496115714327,0.08527518063783646,-0.0035960532957687976,0.04208984375,0.2526743649505079,0.0003,0.0066797026
1623,0.06349707031250001,295936,1.9562499999999974,182,1.8927529296874974,16,289,2.67840216,64.0,0.9215161800384521,0.2,2880,-0.35156445298343897,0.4999996218830346,0.3572918772697449,-0.005868528044084087,0.05390625,0.5776372138410807,0.0003,0.004275057
1624,0.019026367187500007,296960,2.571874999999999,182,2.5528486328124993,16,290,2.60533795,64.0,0.962774932384491,0.2,2890,-0.3830438984557986,0.49999951068311926,0.17961987853050232,-0.004521465161815286,0.0666015625,0.3299427448771894,0.0003,0.0073741707
1624,0.030627929687500006,297984,2.6968749999999977,183,2.666247070312498,16,291,2.6208249499999994,64.0,0.9425838589668274,0.2,2900,-0.5647459663450718,0.4994941322132943,0.07151930779218674,-0.0036945645755622537,0.04140625,0.25789758674800395,0.0003,0.0029131235
1625,0.05793066406250002,299008,2.2624999999999975,183,2.2045693359374976,16,292,2.50601103,64.0,0.9354705810546875,0.2,2910,-0.5043260039761662,0.4999996103346347,0.17859140038490295,-0.006240212937700562,0.05703125,0.3840447671711445,0.0003,0.0046913787
1625,0.06603808593750002,300032,2.6937499999999974,184,2.6277119140624974,16,293,2.4533565100000003,64.0,0.9604231715202332,0.2,2920,-0.40670488849282266,0.49995344113558526,0.20118862390518188,-0.005767682867008262,0.0388671875,0.4218227592296898,0.0003,0.003638528
,,,,,,,,,,0.9488658308982849,0.2,2930,-0.4255713354796171,0.499999641440809,0.16189412772655487,-0.0032440900438814426,0.02255859375,0.5386936942115426,0.0003,0.002471881
