time/time_elapsed,rollout/ep_rew_mean,rollout/ep_len_mean,economics/objective_mean,economics/profit_mean,time/total_timesteps,time/iterations,economics/inventory_penalty_total_mean,economics/episodes,time/fps,train/value_loss,train/n_updates,train/approx_kl,train/policy_gradient_loss,train/learning_rate,train/entropy_loss,train/clip_fraction,train/explained_variance,train/clip_range,train/post_clip_gradient_norm,train/loss
0,-0.93528225,64.0,-0.9352822265625006,-0.8593750000000004,1024,1,0.07590722656250001,16,8370,,,,,,,,,,,
1,-1.07572859375,64.0,-1.2161748046875005,-1.1343750000000004,2048,2,0.08179980468750002,16,1963,7.079261164739728,10,0.0055190735,-0.003980509174289182,0.0003,-2.3006446465849875,0.02275390625,-0.000110626220703125,0.2,0.49219863200560215,0.5442360639572144
2,-1.0820407291666667,64.0,-1.0946650390625003,-1.0281250000000006,3072,3,0.0665400390625,16,1490,5.067598751746118,20,0.0010908912,-0.0023761619813740253,0.0003,-2.298908357322216,0.0,0.33168452978134155,0.2,0.4999999666586518,1.8253061771392822
2,-1.4836291875,64.0,-2.6883945312500006,-2.609375000000001,4096,4,0.07901953125,16,1391,3.8692130018025637,30,0.001465457,-0.002234264533035457,0.0003,-2.2990894436836244,0.0,0.42922306060791016,0.2,0.4999999636784196,3.4404704570770264
3,-1.1516795375000002,64.0,0.1761191406249999,0.2468749999999999,5120,5,0.07075585937500001,16,1290,1.8468497516121716,40,0.0049158456,-0.0030321546917548405,0.0003,-2.295677572488785,0.0041015625,0.6878315210342407,0.2,0.49999995045363893,-0.006328156217932701
4,-1.2225423541666667,64.0,-1.5768564453125,-1.50625,6144,6,0.07060644531250002,16,1249,5.449540344811976,50,0.008787685,-0.006309582578251138,0.0003,-2.2918793335556984,0.01083984375,0.05093073844909668,0.2,0.49999996833503246,1.577512502670288
5,-1.3626994199999998,64.0,-1.9349628906250014,-1.8312500000000012,7168,7,0.10371289062500001,16,1211,2.4933299836469813,60,0.010627201,-0.0031776811665622517,0.0003,-2.2769197672605515,0.03212890625,0.39125245809555054,0.2,0.4999825067818164,0.20317243039608002
6,-1.4597872200000004,64.0,-1.915678710937501,-1.818750000000001,8192,8,0.0969287109375,16,1182,5.048807835998014,70,0.012101844,-0.008389359759166836,0.0003,-2.251771780848503,0.09091796875,0.3375089764595032,0.2,0.4999999785795808,2.3488101959228516
7,-1.4187086300000002,64.0,-0.6536123046875006,-0.5750000000000006,9216,9,0.0786123046875,16,1176,3.0258321476168932,80,0.011340126,-0.003197478098445572,0.0003,-2.229744003713131,0.0697265625,0.5322932004928589,0.2,0.4999999614432456,0.3383348882198334
8,-1.2332878499999997,64.0,-0.5223603515625005,-0.4500000000000005,10240,10,0.07236035156250001,16,1163,4.029795383382589,90,0.012741817,-0.009832955113961362,0.0003,-2.1884762048721313,0.09033203125,0.3810884356498718,0.2,0.49999998584389677,0.5637863874435425
9,-1.2369050299999997,64.0,-1.7038164062500005,-1.6218750000000006,11264,11,0.08194140625000002,16,1137,3.25150403380394,100,0.008764407,-0.002126717704231851,0.0003,-2.159694936871529,0.04951171875,0.4320217967033386,0.2,0.49999995939433584,7.863424301147461
11,-1.4727951800000003,64.0,-1.5154482421875006,-1.4187500000000006,12288,12,0.0966982421875,16,1050,2.288018179498613,110,0.008740567,-0.004352125062723644,0.0003,-2.132117934525013,0.04169921875,0.4070510268211365,0.2,0.4999999804422258,0.11528921127319336
12,-1.2001515999999999,64.0,-1.1578349609375,-1.0656249999999998,13312,13,0.0922099609375,16,1046,2.498970182845369,120,0.01385871,-0.007217684204806574,0.0003,-2.103810214996338,0.0984375,0.6722140312194824,0.2,0.4999999715015292,0.966586709022522
14,-0.9971895700000001,64.0,-0.8996416015625002,-0.8000000000000002,14336,14,0.0996416015625,16,1005,2.400898625794798,130,0.012931082,-0.0062113711319398135,0.0003,-2.03202835470438,0.06064453125,0.7374560236930847,0.2,0.49999998137354856,0.30666235089302063
15,-1.0852006600000002,64.0,-1.0328408203125,-0.9375,15360,15,0.0953408203125,16,987,3.531314908247441,140,0.007058016,-0.00419967214402277,0.0003,-2.0115620099008082,0.07470703125,0.6164815425872803,0.2,0.49999998416751623,0.5474660992622375
17,-0.9607820699999999,64.0,-0.2060488281250002,-0.15312500000000018,16384,16,0.052923828125000016,16,963,3.1234707570634783,150,0.006116124,-0.0026734888742794283,0.0003,-1.9444811210036277,0.02890625,0.7242875099182129,0.2,0.49999999925494176,1.5192581415176392
18,-0.66709861,64.0,0.8367695312500001,0.9062500000000002,17408,17,0.06948046875000001,16,955,3.3295301836915314,160,0.0054139933,-0.0035943054768722504,0.0003,-1.9373663492500781,0.03427734375,0.46237242221832275,0.2,0.49999998826533554,0.9163060188293457
19,-0.6243300299999999,64.0,-1.5312636718750003,-1.4406250000000003,18432,18,0.09063867187500002,16,956,3.5115661590360103,170,0.010112966,-0.002675868454389274,0.0003,-1.8986189931631088,0.078515625,0.5362241268157959,0.2,0.4999999877065419,0.29436376690864563
20,-0.42727018999999994,64.0,1.0058486328124996,1.0656249999999998,19456,19,0.05977636718750001,16,936,3.4070127952378244,180,0.0025657828,-0.005874233905342407,0.0003,-1.8411895737051964,0.0478515625,0.695844292640686,0.2,0.49999996814876807,0.30023545026779175
21,-0.22709187999999994,64.0,-0.1790546875000002,-0.0968750000000003,20480,20,0.0821796875,16,941,3.8391688720323147,190,0.012237657,-0.006277669465634972,0.0003,-1.7630181312561035,0.11923828125,0.4955599904060364,0.2,0.4999999959021806,2.2770884037017822
22,0.18808639999999996,64.0,1.1882480468750005,1.2593750000000008,21504,21,0.071126953125,16,939,2.7481891991570593,200,0.01087982,-0.0009002609949675389,0.0003,-1.7321548886597156,0.0478515625,0.7023266553878784,0.2,0.4999999709427354,0.9818718433380127
24,0.5037301600000001,64.0,1.6511630859375004,1.7031250000000002,22528,22,0.0519619140625,16,937,4.151264855125919,210,0.0077159503,-0.003511986619560048,0.0003,-1.6807916469871997,0.04755859375,0.5603804588317871,0.2,0.4999999931082129,0.6404794454574585
24,0.6518244,64.0,1.300896484375,1.378125,23552,23,0.07722851562500001,16,946,2.038159154634923,220,0.009906941,-0.00401491608354263,0.0003,-1.679444683343172,0.10234375,0.7481483221054077,0.2,0.4999999629333615,1.1947942972183228
25,0.8134821900000001,64.0,0.7808291015625,0.840625,24576,24,0.0597958984375,16,954,3.1305499327834694,230,0.0096513685,-0.001942443789448589,0.0003,-1.6101551450788976,0.07177734375,0.6056762933731079,0.2,0.49999998081475505,2.03472638130188
26,1.1418034300000002,64.0,2.4702333984375002,2.5062499999999996,25600,25,0.03601660156250001,16,960,3.0453706916887313,240,0.015148515,-0.00608822864596732,0.0003,-1.6855243302881717,0.11767578125,0.5951684713363647,0.2,0.4999999579042194,1.5736563205718994
27,1.0318962400000002,64.0,-0.23814843749999964,-0.1624999999999997,26624,26,0.0756484375,16,964,2.39859464711044,250,0.0054273903,-0.005297650850843638,0.0003,-1.742506456375122,0.07255859375,0.6313929557800293,0.2,0.49999995734542635,0.4347318112850189
28,1.1792952900000002,64.0,0.6603603515625002,0.7437500000000001,27648,27,0.08338964843750002,16,967,1.7171856371220202,260,0.0091239475,-0.0024113499152008445,0.0003,-1.6763357847929001,0.02265625,0.7877405285835266,0.2,0.4999999668449164,0.20611679553985596
29,1.1371773200000002,64.0,1.5425976562499997,1.6031249999999997,28672,28,0.060527343750000004,16,971,3.0387316178530455,270,0.010421626,-0.002711596379231196,0.0003,-1.580526016652584,0.058984375,0.7611536383628845,0.2,0.4999999880790709,0.9026018381118774
30,0.84934747,64.0,0.28636621093750103,0.35000000000000114,29696,29,0.06363378906250002,16,976,3.1247467320179565,280,0.013833251,-0.0055186799552757295,0.0003,-1.5282208345830441,0.084375,0.6861623525619507,0.2,0.49999997150152914,1.4661153554916382
31,0.55142418,64.0,-1.3035019531249996,-1.228125,30720,30,0.075376953125,16,981,2.064663141686469,290,0.011722712,-0.001783210554276593,0.0003,-1.6294976748526095,0.08564453125,0.7660131454467773,0.2,0.49999998044222593,6.2790117263793945
32,0.17710416999999992,64.0,-0.3068974609374998,-0.2437499999999997,31744,31,0.06314746093750002,16,981,1.9050788545049726,300,0.0064240904,-0.0030405574245378373,0.0003,-1.630897405743599,0.01962890625,0.8397678732872009,0.2,0.4999999884516,1.4484072923660278
33,0.23241620999999996,64.0,0.6949482421874998,0.7624999999999998,32768,32,0.0675517578125,16,986,1.8471721442416311,310,0.017403863,-0.006888082962541375,0.0003,-1.5650494143366813,0.0998046875,0.7819040417671204,0.2,0.4999999988824129,0.5414827466011047
34,0.33463558,64.0,0.3904648437500004,0.4781250000000005,33792,33,0.08766015625000001,16,988,2.0451368836686017,320,0.012485632,-0.002811499818926677,0.0003,-1.515052864700556,0.046484375,0.7355811595916748,0.2,0.49999999385327104,1.105073094367981
35,0.10206152999999993,64.0,0.750578125000001,0.815625000000001,34816,34,0.065046875,16,989,1.8195997916162014,330,0.017197667,-0.004794593612314202,0.0003,-1.3656973592936992,0.07666015625,0.7997908592224121,0.2,0.4999999785795808,0.4449026882648468
36,0.2995482699999999,64.0,1.0312226562499998,1.09375,35840,35,0.06252734375,16,992,1.4633413231931627,340,0.006343365,-0.0011086442187661304,0.0003,-1.3031631268560886,0.059375,0.8145014047622681,0.2,0.4999999785795809,2.4911141395568848
37,0.20324279999999986,64.0,-0.7001279296875,-0.6124999999999999,36864,36,0.08762792968750001,16,991,2.0705203974619506,350,0.0058581233,-0.0020185289409710093,0.0003,-1.291913715749979,0.04638671875,0.7855614423751831,0.2,0.49999999552965146,0.16345079243183136
38,0.26962373,64.0,0.11547070312499946,0.18749999999999944,37888,37,0.07202929687500001,16,988,2.4919075885787607,360,0.0071718288,-0.0008731330191949383,0.0003,-1.3289302468299866,0.02421875,0.8191840648651123,0.2,0.49999999348074214,0.29983240365982056
39,0.32371017,64.0,-0.4790019531249995,-0.3937499999999994,38912,38,0.085251953125,16,990,2.3547264764551072,370,0.005520937,-0.0009432880513486452,0.0003,-1.3538342498242855,0.03466796875,0.8308678865432739,0.2,0.49999996833503235,0.20940713584423065
40,-0.12327906999999996,64.0,-1.0074716796875003,-0.9000000000000001,39936,39,0.1074716796875,16,994,1.8518417814048007,380,0.0058137635,-5.3765688790008426e-05,0.0003,-1.3075459137558938,0.040625,0.8188818693161011,0.2,0.4999999819323421,0.5062528252601624
41,-0.14881781000000002,64.0,0.6877578125000018,0.7500000000000017,40960,40,0.062242187500000004,16,997,2.169492491334677,390,0.0037302924,-0.0025332763470942155,0.0003,-1.3979417905211449,0.034375,0.7966200113296509,0.2,0.5000000130385162,0.12487220764160156
42,-0.32813219,64.0,-0.5893740234374989,-0.5124999999999987,41984,41,0.07687402343750001,16,986,2.1331627279985694,400,0.016193453,-0.006941159456619062,0.0003,-1.2534942090511323,0.096484375,0.589596688747406,0.2,0.49999999944120616,0.207261860370636
43,-0.30126797000000005,64.0,0.11349414062500185,0.19062500000000182,43008,42,0.07713085937500001,16,987,0.8951864751288667,410,0.0045767277,-0.004736263133236207,0.0003,-1.1875725939869881,0.04521484375,0.8403551578521729,0.2,0.4999999996274711,0.10917900502681732
44,-0.4196197000000001,64.0,-1.9110810546874997,-1.7874999999999996,44032,43,0.12358105468750002,16,985,1.4587415947113187,420,0.01230135,-0.003188048381707631,0.0003,-1.1507816322147846,0.1091796875,0.8322963714599609,0.2,0.4999999547377227,1.2173579931259155
45,-0.49982689,64.0,-0.7867080078124987,-0.6906249999999988,45056,44,0.09608300781250001,16,984,2.132905723713338,430,0.0065680016,-0.0015004794229753315,0.0003,-1.135074034333229,0.06982421875,0.7916909456253052,0.2,0.4999999949708582,0.6343671083450317
47,-0.32684797,64.0,0.6812802734375023,0.7406250000000023,46080,45,0.0593447265625,16,973,1.4954267935827374,440,0.0063270438,-0.003470249200472608,0.0003,-1.0770389653742314,0.05185546875,0.7873388528823853,0.2,0.5000000040978193,2.5848703384399414
49,-0.5532558000000001,64.0,-1.1417832031250001,-1.03125,47104,46,0.110533203125,16,958,1.3703393819741905,450,0.003559121,-0.004442848739563488,0.0003,-1.0230264116078616,0.0578125,0.8003560304641724,0.2,0.49999997634440657,0.11685475707054138
50,-0.22076237,64.0,1.3612128906249996,1.4281249999999999,48128,47,0.066912109375,16,944,1.7367230491247028,460,0.0032221833,-0.0032466774428030476,0.0003,-1.0403094120323657,0.02548828125,0.8083940744400024,0.2,0.5000000176951288,1.1720454692840576
52,-0.31068691000000004,64.0,-0.2883427734374978,-0.19062499999999782,49152,48,0.0977177734375,16,933,2.3274684578645974,470,0.0016779157,-0.002103768347296864,0.0003,-1.0720111042261125,0.03330078125,0.763984203338623,0.2,0.499999998882413,0.49614062905311584
54,0.14927514000000008,64.0,1.286814453125,1.35,50176,49,0.063185546875,16,925,1.693588939565234,480,0.007549668,-0.001432331497198902,0.0003,-1.1178795143961906,0.13408203125,0.8366057872772217,0.2,0.4999999778345227,1.1799575090408325
55,0.29355184999999995,64.0,0.4327050781250007,0.5093750000000006,51200,50,0.076669921875,16,918,2.1640614254400132,490,0.004624523,-0.00264248767925892,0.0003,-1.0934990361332892,0.03447265625,0.7984118461608887,0.2,0.4999999908730386,0.4986101984977722
57,0.50327217,64.0,1.3442529296875003,1.3875000000000004,52224,51,0.04324707031250001,16,907,2.3323127691634,500,0.0041666348,-0.0020650038321036847,0.0003,-0.949697083607316,0.044921875,0.8353711366653442,0.2,0.4999999847263097,0.8284480571746826
59,0.6729439099999998,64.0,-0.10727539062499752,-0.01562499999999753,53248,52,0.091650390625,16,896,1.5045139268971979,510,0.0055492483,-0.000884211590164341,0.0003,-1.0173531152307986,0.01796875,0.756434440612793,0.2,0.4999999837949872,0.9035617709159851
60,0.55083233,64.0,0.540866210937501,0.5906250000000011,54272,53,0.04975878906250001,16,892,1.2930983703117818,520,0.0020821602,-0.0026208950323052703,0.0003,-1.0255716837942601,0.03359375,0.8956670761108398,0.2,0.49999996293336146,0.18089358508586884
62,0.5829702999999999,64.0,0.3099589843750008,0.40000000000000124,55296,54,0.09004101562500001,16,891,0.7068505079951137,530,0.0063357437,-0.0033927887459867636,0.0003,-1.101812856644392,0.04345703125,0.8957639336585999,0.2,0.4999999621883034,0.04866982251405716
63,0.7026165499999999,64.0,1.6480087890625008,1.7000000000000008,56320,55,0.051991210937500004,16,889,1.9783624270930886,540,0.007150876,0.0011308234330499544,0.0003,-1.141128919273615,0.03193359375,0.8197214603424072,0.2,0.500000008195638,1.6759653091430664
64,0.9441026699999999,64.0,1.3612236328125003,1.4156250000000001,57344,56,0.054401367187499994,16,886,1.5172133069252596,550,0.0018432359,0.0008334768179338425,0.0003,-1.1703296974301338,0.0318359375,0.844115138053894,0.2,0.49999998919665806,0.3293823003768921
66,0.7962650000000001,64.0,0.7909013671875,0.8750000000000002,58368,57,0.08409863281250002,16,883,1.1737281673587858,560,0.0056461026,-0.0004686383326770738,0.0003,-1.1801489047706126,0.04921875,0.8945061564445496,0.2,0.49999996758997417,0.11320382356643677
67,0.6945615899999998,64.0,0.11524902343749957,0.19687499999999963,59392,58,0.08162597656250001,16,881,1.8440763455815614,570,0.0066914693,0.0006149246648419649,0.0003,-1.2074586525559425,0.05791015625,0.8731595277786255,0.2,0.49999999664723865,0.2892865836620331
68,0.77734488,64.0,0.639111328125,0.70625,60416,59,0.067138671875,16,879,2.488968501938507,580,0.0077459617,-0.004546405779547058,0.0003,-1.217550727725029,0.0396484375,0.8316311836242676,0.2,0.5000000145286321,0.26877957582473755
70,0.9671426699999998,64.0,0.8370458984375018,0.9187500000000015,61440,60,0.0817041015625,16,877,1.293291298719123,590,0.003564698,-0.0013788228839985094,0.0003,-1.1709322869777679,0.0126953125,0.8858435750007629,0.2,0.4999999908730386,0.15678146481513977
71,0.6231320499999999,64.0,-0.25391113281249844,-0.1843749999999984,62464,61,0.0695361328125,16,873,1.2040610677562653,600,0.0081334915,-0.0046539704664610325,0.0003,-0.9724051710218191,0.07197265625,0.9158331751823425,0.2,0.49999998286366465,0.5076555609703064
73,0.74651517,64.0,2.3137392578125016,2.3750000000000013,63488,62,0.06126074218750001,16,864,0.8643442682921887,610,0.0044166716,-0.0032335898838937284,0.0003,-0.9751210439950228,0.03408203125,0.9160163402557373,0.2,0.49999999422580044,0.8546060919761658
75,0.8905142399999997,64.0,1.0758720703125002,1.1281250000000003,64512,63,0.052252929687500005,16,857,2.1610797055531292,620,0.0031995198,-0.001703153195558116,0.0003,-1.0432665128260852,0.034375,0.7843543291091919,0.2,0.5000000001862648,0.17189082503318787
76,0.7963253200000001,64.0,0.624110351562501,0.7125000000000012,65536,64,0.0883896484375,16,856,1.2911907946690917,630,0.0027358835,-0.0010610107332468034,0.0003,-1.0975820600986481,0.03603515625,0.8717871904373169,0.2,0.5000000100582842,0.34755656123161316
77,0.8598665499999999,64.0,0.3897714843750009,0.46250000000000085,66560,65,0.072728515625,16,857,1.9476530936080962,640,0.0020583754,-0.0008388468442717568,0.0003,-1.1364424601197243,0.040625,0.8371260166168213,0.2,0.4999999988824129,0.10001756250858307
78,0.7547212400000001,64.0,0.6530400390625017,0.7531250000000018,67584,66,0.1000849609375,16,859,2.5975762655027212,650,0.0073922817,-0.007204120134701952,0.0003,-1.0542834866791964,0.0841796875,0.6940486431121826,0.2,0.5000000188127162,0.6180140972137451
80,1.13145499,64.0,1.8863818359375006,1.9312500000000008,68608,67,0.044868164062500014,16,856,1.9525018285494298,660,0.0029205042,-0.0019405208382522686,0.0003,-1.0043100457638503,0.01552734375,0.8396281003952026,0.2,0.4999999927356839,5.105345726013184
81,0.99263029,64.0,1.0534453125000003,1.109375,69632,68,0.055929687500000005,16,849,1.352113671414554,670,0.0036163074,-0.002200751448981464,0.0003,-0.9678897190839052,0.0333984375,0.8361403346061707,0.2,0.49999998044222593,0.45289620757102966
83,0.96000687,64.0,1.1227646484375016,1.1968750000000017,70656,69,0.07411035156250001,16,841,1.2977792375721038,680,0.0042413753,-0.0009310880152042956,0.0003,-1.0065787646919488,0.05498046875,0.8632327318191528,0.2,0.499999975413084,0.4842396080493927
85,0.71663311,64.0,-1.0532587890624985,-0.9562499999999986,71680,70,0.0970087890625,16,841,1.1264544525649398,690,0.005388182,-0.0011001056322129444,0.0003,-1.037320464476943,0.0583984375,0.9178183674812317,0.2,0.4999999728053807,0.9324431419372559
86,0.8681537800000001,64.0,1.4579257812500008,1.5312500000000009,72704,71,0.07332421875,16,844,0.9877598814666271,700,0.0015192085,-0.0020788389214430937,0.0003,-0.958201439678669,0.01494140625,0.9329343438148499,0.2,0.49999999199062595,0.46228843927383423
86,0.66194333,64.0,-0.7424072265625,-0.6656249999999999,73728,72,0.07678222656250003,16,847,1.535078141046688,710,0.005390702,-0.0039347174315480515,0.0003,-1.0509668707847595,0.0345703125,0.8548892140388489,0.2,0.4999999994412067,0.14450547099113464
87,0.35396069,64.0,-0.0012080078124984128,0.09375000000000144,74752,73,0.0949580078125,16,850,1.4690357781015337,720,0.008941375,-0.004615724412724375,0.0003,-1.0106980014592408,0.0337890625,0.8833268284797668,0.2,0.5000000115483999,1.0817291736602783
89,0.4240555200000001,64.0,1.3031357421875007,1.350000000000001,75776,74,0.046864257812500004,16,849,2.1117269483394923,730,0.005701325,-0.0018536308867624029,0.0003,-0.8706728849560023,0.0265625,0.8784908652305603,0.2,0.500000002793968,2.98638916015625
90,0.3920345700000001,64.0,0.9114697265625009,0.9687500000000007,76800,75,0.057280273437500015,16,851,1.202611543191597,740,0.002514718,-0.002248456132656429,0.0003,-0.8826474267989397,0.032421875,0.8876436948776245,0.2,0.5000000093132261,0.2928849160671234
91,0.6958487900000001,64.0,1.9864589843750005,2.0562500000000004,77824,76,0.06979101562500001,16,854,1.8555923569947481,750,0.002488964,-0.0025103505846345796,0.0003,-0.8928555883467197,0.02197265625,0.7908084988594055,0.2,0.5000000199303027,0.06371679902076721
92,0.5987567400000001,64.0,-0.09582617187499975,-0.003124999999999767,78848,77,0.09270117187500002,16,856,4.203417693078518,760,0.0027451757,-0.0017252077377634123,0.0003,-0.9144794397056103,0.01826171875,0.6040449738502502,0.2,0.5000000171363349,0.6738224029541016
93,1.27466562,64.0,4.095036132812501,4.143750000000001,79872,78,0.0487138671875,16,858,1.9494527500122785,770,0.0011979002,-0.001032019242120441,0.0003,-0.9346115101128817,0.00693359375,0.8464912176132202,0.2,0.5000000201165673,0.3868740499019623
94,1.2380145400000002,64.0,-0.921004882812499,-0.7843749999999992,80896,79,0.1366298828125,16,860,4.415652723051608,780,0.0064101396,-0.0038584753667237235,0.0003,-0.8535571411252022,0.04970703125,0.48337483406066895,0.2,0.5000000268220894,0.8081614375114441
94,0.9426706399999999,64.0,-0.47932031249999885,-0.38124999999999887,81920,80,0.0980703125,16,862,1.7120939671993256,790,0.0041457806,-0.0021404509927378966,0.0003,-0.822057270258665,0.02998046875,0.9020100831985474,0.2,0.5000000199303026,0.7396013736724854
96,0.88344205,64.0,0.838417968750002,0.9218750000000019,82944,81,0.08345703125,16,863,1.9226925973780453,800,0.002726378,-0.0019199326809030027,0.0003,-0.8781626399606466,0.0478515625,0.8788851499557495,0.2,0.5000000158324837,0.28935936093330383
96,0.4977826900000001,64.0,-0.9221542968749976,-0.7937499999999976,83968,82,0.12840429687500002,16,865,1.4873472129926086,810,0.004795341,-0.004177364031784236,0.0003,-0.8686369191855192,0.05517578125,0.895431637763977,0.2,0.5000000227242706,0.20772123336791992
97,0.90805613,64.0,2.956871093750001,3.0250000000000012,84992,83,0.06812890625000001,16,868,1.751855812035501,820,0.0019676865,-0.0019275605212897063,0.0003,-0.8683923073112965,0.01171875,0.9084134697914124,0.2,0.5000000312924383,0.3033137619495392
98,0.52119644,64.0,0.8105830078124998,0.8812499999999999,86016,84,0.0706669921875,16,869,2.4241957080550494,830,0.0025789696,-0.0024908114413847216,0.0003,-0.910476353764534,0.0298828125,0.7653849720954895,0.2,0.5000000165775421,1.288883090019226
100,0.3778504900000001,64.0,-0.07871777343750008,0.0031249999999999334,87040,85,0.08184277343750002,16,866,2.190631376951933,840,0.0060377107,-0.00239170559507329,0.0003,-0.8509145356714726,0.05771484375,0.8078817129135132,0.2,0.5000000195577736,1.5342732667922974
102,0.67198218,64.0,0.45622558593750107,0.540625000000001,88064,86,0.08439941406250001,16,858,2.1423559501767158,850,0.004135911,-0.005591218528570608,0.0003,-0.860999695211649,0.0732421875,0.8445092439651489,0.2,0.5000000074505804,1.1122082471847534
104,0.7714236,64.0,1.5354892578124997,1.5749999999999997,89088,87,0.0395107421875,16,853,1.5373867008835078,860,0.0021652803,-0.0025924779794877393,0.0003,-0.8486848473548889,0.01064453125,0.9043761491775513,0.2,0.5000000189989806,0.26295146346092224
106,1.0987371799999999,64.0,1.4021650390625007,1.4812500000000006,90112,88,0.07908496093750002,16,849,2.1593623919412495,870,0.0031350958,-0.0020171458541881292,0.0003,-0.8391097005456686,0.02109375,0.8162272572517395,0.2,0.5000000102445488,0.5821700096130371
107,0.7765484500000001,64.0,-0.08363867187499965,-0.0031249999999996836,91136,89,0.080513671875,16,847,1.8277182206511497,880,0.0018502009,-0.0009698870213469491,0.0003,-0.8668036546558142,0.0318359375,0.894189715385437,0.2,0.4999999951571224,3.534353733062744
109,0.4513698299999999,64.0,-1.0524121093749996,-0.9312499999999995,92160,90,0.12116210937500002,16,843,1.9291652919724585,890,0.0045200703,-0.00056666424497962,0.0003,-0.8563555110245943,0.02138671875,0.8827912211418152,0.2,0.5000000156462189,0.6623701453208923
111,0.4710971599999999,64.0,0.22188281250000058,0.3250000000000005,93184,91,0.10311718750000001,16,837,2.038172527402639,900,0.0058023217,-0.004640073580958415,0.0003,-0.9167743343859911,0.05751953125,0.8673126697540283,0.2,0.5000000335276126,0.505394697189331
112,0.5506623199999998,64.0,1.8100556640625007,1.8656250000000005,94208,92,0.05556933593750001,16,834,1.6160301364026963,910,0.0049577346,-0.0034736425790470094,0.0003,-0.9362873278558255,0.05771484375,0.9103536605834961,0.2,0.500000003352761,1.3875194787979126
114,0.5369948099999999,64.0,1.0166406250000002,1.0968750000000003,95232,93,0.08023437500000002,16,831,1.5064509671647102,920,0.0018556328,-0.0008992813702207059,0.0003,-0.9191700972616672,0.0212890625,0.8982381224632263,0.2,0.49999999850988386,1.5752689838409424
116,0.21169825000000003,64.0,-0.8330585937500002,-0.7250000000000001,96256,94,0.10805859374999999,16,827,2.4737556472420694,930,0.0045648348,-0.0033296546549536287,0.0003,-0.9067822378128767,0.05654296875,0.8540818095207214,0.2,0.5000000212341545,1.9128412008285522
117,0.27184495999999997,64.0,0.25465722656250095,0.33125000000000093,97280,95,0.07659277343750003,16,828,2.5351076424121857,940,0.0032640458,-0.001713291944906814,0.0003,-0.9394375693053008,0.0201171875,0.8630157113075256,0.2,0.5000000314787035,0.9445131421089172
118,0.59096229,64.0,1.4880869140625002,1.525,98304,96,0.036913085937500006,16,829,1.367671701684594,950,0.0066615017,-0.004942368535557762,0.0003,-1.0257848162204026,0.09521484375,0.8785490989685059,0.2,0.5000000026077034,0.6125696301460266
119,0.7057141699999999,64.0,0.6378681640625004,0.7062500000000005,99328,97,0.06838183593750001,16,830,3.0587726870551704,960,0.0072970595,-0.0035647149750730025,0.0003,-1.0448120232671498,0.055078125,0.5158507227897644,0.2,0.5000000076368452,0.716132402420044
120,0.7953705899999999,64.0,1.9471044921875018,2.0062500000000014,100352,98,0.059145507812500005,16,831,1.5282261729240418,970,0.004153571,-0.00047860876802587884,0.0003,-1.0935195155441761,0.04326171875,0.8968753814697266,0.2,0.500000021606684,0.5681137442588806
122,0.70326356,64.0,0.3355966796874999,0.4218749999999997,101376,99,0.08627832031250002,16,827,1.2508001524955035,980,0.0106285205,-0.011566852609394117,0.0003,-1.141306895762682,0.162109375,0.8676227927207947,0.2,0.5000000130385162,0.06339797377586365
123,0.9156932299999998,64.0,1.6847197265625,1.73125,102400,100,0.04653027343750002,16,825,3.212401902861893,990,0.014556151,-0.007839640499150846,0.0003,-1.0706187270581722,0.075,0.8018789887428284,0.2,0.5000000296160578,0.36679497361183167
125,1.40453181,64.0,2.3630449218750007,2.437500000000001,103424,101,0.07445507812500002,16,823,1.6080373047851027,1000,0.010683473,-0.0047433130297577005,0.0003,-1.0079206712543964,0.05078125,0.8711322546005249,0.2,0.5000000091269612,0.09634563326835632
126,0.8745819699999998,64.0,-1.2938046875000002,-1.1906250000000003,104448,102,0.1031796875,16,825,2.290284379757941,1010,0.0023766363,-0.004469856625655666,0.0003,-0.9314560189843177,0.043359375,0.76861572265625,0.2,0.5000000204890968,0.38159069418907166
127,0.88038978,64.0,0.15424707031250046,0.21562500000000046,105472,103,0.061377929687500006,16,827,2.191195012815297,1020,0.009268311,-0.0075825827225344256,0.0003,-0.8878915179520845,0.073828125,0.8657885789871216,0.2,0.5000000385567549,1.1619426012039185
128,0.4776772700000001,64.0,-0.9062128906249994,-0.8062499999999995,106496,104,0.09996289062500002,16,829,1.3811847059987485,1030,0.004992705,-0.002811004643444903,0.0003,-0.8600075051188469,0.02919921875,0.8820948004722595,0.2,0.500000019185245,0.7320916056632996
129,0.6127085400000001,64.0,2.016141601562502,2.0625000000000018,107520,105,0.046358398437500004,16,831,1.0547598388977348,1040,0.0051641604,-0.004175374773330987,0.0003,-0.788391575589776,0.0611328125,0.9462841749191284,0.2,0.5000000253319733,0.9099360108375549
130,0.27510138,64.0,-1.3437177734374988,-1.2218749999999987,108544,106,0.12184277343750002,16,833,1.8212938870303332,1050,0.0048763207,-0.004838937209569849,0.0003,-0.762907350808382,0.04296875,0.8531070351600647,0.2,0.5000000102445477,1.2028671503067017
131,0.032336380000000026,64.0,0.4321503906250021,0.528125000000002,109568,107,0.095974609375,16,835,1.0735915774479508,1060,0.0033329464,-0.003526810891344212,0.0003,-0.693750300258398,0.02451171875,0.9372331500053406,0.2,0.4999999983236196,0.5127319693565369
132,0.19312045,64.0,0.9521005859375005,1.0125000000000004,110592,108,0.060399414062500004,16,837,1.166334347333759,1070,0.0047333413,-0.002025596747989766,0.0003,-0.6523368630558253,0.05703125,0.9260841012001038,0.2,0.5000000221654767,0.23125213384628296
132,0.21753812,64.0,0.2674501953125019,0.3781250000000019,111616,109,0.11067480468750002,16,839,1.2029764926992357,1080,0.003092337,-0.003392918333702255,0.0003,-0.6812296964228153,0.03564453125,0.9018049240112305,0.2,0.5000000249594451,0.4276615083217621
134,0.49330233,64.0,1.097685546875001,1.143750000000001,112640,110,0.04606445312500001,16,838,2.6186260346323254,1090,0.0033279327,-0.0014318475499749185,0.0003,-0.636276138201356,0.04599609375,0.8217865228652954,0.2,0.5000000188127156,0.12029141187667847
136,0.5213832799999999,64.0,1.4671562500000004,1.5562500000000006,113664,111,0.08909375000000001,16,833,0.9893755309283734,1100,0.0031019882,-0.001583158815628849,0.0003,-0.7298548392951488,0.02099609375,0.8486328125,0.2,0.5000000184401869,0.1680837720632553
138,0.77566547,64.0,0.863982421875002,0.940625000000002,114688,112,0.07664257812500001,16,829,1.4334558295086026,1110,0.0023216407,-0.0009283836698159575,0.0003,-0.7263337310403586,0.01337890625,0.9038307070732117,0.2,0.5000000376254323,0.8590172529220581
140,0.8695076699999998,64.0,0.3671308593750031,0.4437500000000032,115712,113,0.076619140625,16,823,1.033156226016581,1120,0.0030338042,-0.002591998346906621,0.0003,-0.8086232978850603,0.02978515625,0.9151169061660767,0.2,0.5000000160187481,0.2995350956916809
142,0.45621782000000005,64.0,-1.4554941406249977,-1.2718749999999976,116736,114,0.18361914062500004,16,820,1.0727299395482988,1130,0.0027720244,-0.002441100843134336,0.0003,-0.7683834102004766,0.03369140625,0.8972074389457703,0.2,0.50000000949949,0.6004799604415894
144,0.5348915699999999,64.0,0.7410615234375011,0.8437500000000011,117760,115,0.10268847656250002,16,817,2.8625445375218987,1140,0.00430022,-0.0057120013487292455,0.0003,-0.6320858240127564,0.05888671875,0.8891271352767944,0.2,0.5000000601634389,0.9237711429595947
145,0.26332671,64.0,-1.0332255859374981,-0.9187499999999982,118784,116,0.11447558593750001,16,816,1.9703183279372751,1150,0.001847057,-0.0014484107116004453,0.0003,-0.6332088813185692,0.0171875,0.8798360228538513,0.2,0.5000000322237614,1.2227307558059692
147,0.05011842000000003,64.0,0.30887207031250113,0.4031250000000012,119808,117,0.09425292968750001,16,814,1.6606106746010483,1160,0.0015015681,-0.001467097841668874,0.0003,-0.6623157616704702,0.0099609375,0.8938794136047363,0.2,0.5000000556930904,0.4502466022968292
149,0.06267186000000001,64.0,0.9713242187500012,1.0375000000000012,120832,118,0.06617578124999998,16,808,1.371596843469888,1170,0.0036923392,-0.0023970261492650023,0.0003,-0.6153882078826427,0.03095703125,0.9044904708862305,0.2,0.5000000301748514,1.016002893447876
151,0.016155430000000016,64.0,0.29351757812500023,0.3656250000000002,121856,119,0.07210742187500001,16,806,1.3841448248364032,1180,0.0031767236,-0.005882957778521813,0.0003,-0.5797825273126364,0.04423828125,0.8836121559143066,0.2,0.5000000290572644,0.4261191785335541
152,-0.03997688,64.0,-1.1019140624999966,-0.9812499999999965,122880,120,0.1206640625,16,804,1.7682560553774238,1190,0.0033520688,-0.0005754102749051526,0.0003,-0.6176655869930983,0.03076171875,0.8637431263923645,0.2,0.5000000031664967,0.45448610186576843
154,0.23750935999999992,64.0,1.5527939453125015,1.6250000000000013,123904,121,0.07220605468750002,16,801,0.9832130482420325,1200,0.0024587745,-0.0008880997396772727,0.0003,-0.6929418928921223,0.02958984375,0.9184761047363281,0.2,0.5000000249594451,0.3348419964313507
155,0.4034015899999999,64.0,1.1989794921875014,1.312500000000001,124928,122,0.11352050781249999,16,801,1.2009098603390158,1210,0.0040259426,-0.0010844188160263,0.0003,-0.717967065423727,0.0310546875,0.9018967747688293,0.2,0.5000000024214386,0.37961849570274353
157,0.6349781499999999,64.0,0.5592753906250018,0.6343750000000017,125952,123,0.07509960937500001,16,802,2.7634265229105948,1220,0.0054821735,-0.0007295559014892205,0.0003,-0.7345429614186287,0.0451171875,0.8703911304473877,0.2,0.500000048428774,0.7118976712226868
158,0.4930934600000001,64.0,0.2959345703125022,0.4031250000000021,126976,124,0.1071904296875,16,803,1.6471639961004256,1230,0.002931016,-0.0027311863072100096,0.0003,-0.8042409166693687,0.05,0.9022380709648132,0.2,0.5000000152736901,0.9124278426170349
159,0.5678637700000001,64.0,1.5366074218750012,1.606250000000001,128000,125,0.069642578125,16,804,1.4919579671695828,1240,0.0034948522,-0.002227404629229568,0.0003,-0.8372836459428072,0.03583984375,0.9244081974029541,0.2,0.5000000424683095,0.5315817594528198
160,0.8974493799999997,64.0,0.9761152343750008,1.0656250000000007,129024,126,0.089509765625,16,805,3.8011834930628536,1250,0.0039361147,-0.0010186095096287318,0.0003,-0.8150260090827942,0.02333984375,0.7695305347442627,0.2,0.5000000337138771,0.22575534880161285
160,0.52402393,64.0,-1.3091689453124988,-1.1843749999999988,130048,127,0.12479394531250002,16,807,2.2521909651346506,1260,0.004024991,-0.003157987364102155,0.0003,-0.7892771922051907,0.03935546875,0.8356438279151917,0.2,0.5000000311061741,2.300137996673584
161,0.58424328,64.0,1.7439873046875003,1.7968750000000004,131072,128,0.05288769531250001,16,810,1.337964214477688,1270,0.0036298456,-0.0010711422481108456,0.0003,-0.807124475389719,0.02705078125,0.9119807481765747,0.2,0.500000037439168,1.0108307600021362
162,0.5818238800000001,64.0,0.08468066406250163,0.16875000000000162,132096,129,0.08406933593750002,16,811,1.8606798821128905,1280,0.003847173,-0.003527445750660263,0.0003,-0.849328089132905,0.076953125,0.7862721085548401,0.2,0.5000000227242707,0.8126072287559509
163,0.47819545000000013,64.0,-0.30753710937499823,-0.21249999999999825,133120,130,0.09503710937500001,16,812,1.1421418013051152,1290,0.0019331031,-0.0014631325146183371,0.0003,-0.8567516181617976,0.01982421875,0.9246491193771362,0.2,0.5000000134110448,1.2883973121643066
164,0.22366341999999995,64.0,0.04637500000000236,0.12812500000000243,134144,131,0.08175,16,813,1.7544804694131018,1300,0.0016271409,-0.0020964425362762994,0.0003,-0.8698804073035717,0.0228515625,0.8840630650520325,0.2,0.5000000176951289,0.28279054164886475
165,-0.08933093999999998,64.0,-0.9625839843749985,-0.8468749999999985,135168,132,0.11570898437500002,16,814,1.451391051709652,1310,0.0048081456,-0.004877940152073279,0.0003,-0.842678913101554,0.058984375,0.8671621084213257,0.2,0.5000000152736903,0.8572102785110474
167,0.3690371700000001,64.0,2.2044570312500005,2.2437500000000004,136192,133,0.039292968750000004,16,815,1.2863003720529378,1320,0.0036118603,-0.0004506379409576766,0.0003,-0.9132918648421764,0.02626953125,0.9084503054618835,0.2,0.5000000370666385,0.9745929837226868
168,0.12853685000000004,64.0,0.0015810546875004577,0.10000000000000053,137216,134,0.09841894531250003,16,813,1.4453685575164854,1330,0.0013811673,-0.0019595094432588666,0.0003,-0.9754567995667458,0.047265625,0.8322038054466248,0.2,0.5000000212341547,0.29448553919792175
170,0.25952342999999994,64.0,0.10044921875000112,0.1781250000000012,138240,135,0.07767578125000002,16,810,1.514424747787416,1340,0.0047018235,-0.004417365521658212,0.0003,-0.8616427544504404,0.0736328125,0.8663061857223511,0.2,0.5000000283122061,0.47285741567611694
172,0.15038686,64.0,-0.36250292968749875,-0.2656249999999985,139264,136,0.0968779296875,16,806,1.9002018665894866,1350,0.004000147,-0.0024220408871769906,0.0003,-0.8870470393449068,0.04189453125,0.861466109752655,0.2,0.5000000393018125,5.975605487823486
174,0.045982939999999924,64.0,-0.3265273437499978,-0.2406249999999979,140288,137,0.08590234375,16,804,0.9037759863771498,1360,0.0012589542,-0.00014850630250293762,0.0003,-0.8835914298892021,0.025,0.9054710865020752,0.2,0.500000027567149,0.5229005217552185
175,0.3960085699999999,64.0,1.1657060546875007,1.2500000000000007,141312,138,0.08429394531250001,16,803,0.8015387842897326,1370,0.0031211681,-0.0030624627746874467,0.0003,-0.8121143355965614,0.0357421875,0.9308896064758301,0.2,0.5000000029802325,0.19984346628189087
178,-0.18328456000000004,64.0,-2.732251953125,-2.596875,142336,139,0.13537695312500003,16,799,1.8091159126721323,1380,0.0049693976,0.00017874749610200525,0.0003,-0.8925505872815848,0.03056640625,0.8508141040802002,0.2,0.5000000312924386,0.22415567934513092
179,-0.3024022,64.0,0.22689160156250057,0.3062500000000006,143360,140,0.07935839843750002,16,798,1.0147875610738992,1390,0.0048777815,-0.0027717042656149717,0.0003,-0.7847028773277998,0.0435546875,0.903188943862915,0.2,0.5000000474974511,0.314797967672348
181,-0.48539707,64.0,-0.34758398437499843,-0.27812499999999846,144384,141,0.069458984375,16,796,1.477493392303586,1400,0.004043095,-0.0018585905811050907,0.0003,-0.7552697259932757,0.026171875,0.8947449326515198,0.2,0.5000000178813937,0.32911989092826843
183,-0.13040409000000008,64.0,1.2025390625000008,1.271875000000001,145408,142,0.0693359375,16,794,1.1702094051521272,1410,0.0013299503,-0.0030562838655896485,0.0003,-0.8241302199661732,0.04443359375,0.8862968683242798,0.2,0.5000000284984711,2.0085058212280273
184,-0.04343628000000001,64.0,0.08344140625000163,0.16875000000000168,146432,143,0.08530859375000001,16,793,2.9754472986795006,1420,0.0025270334,-0.0016106193332234397,0.0003,-0.8769362699240446,0.0529296875,0.7807590961456299,0.2,0.5000000160187479,0.14732126891613007
186,-0.05355863999999996,64.0,1.6288300781250014,1.6812500000000012,147456,144,0.05241992187500001,16,791,1.423041901551187,1430,0.003208295,-0.0025441163597861305,0.0003,-0.8993397802114487,0.0384765625,0.8891492486000061,0.2,0.5000000260770319,0.11943449079990387
188,0.25718138,64.0,-0.5192695312499981,-0.421874999999998,148480,145,0.09739453125,16,788,2.147475187201053,1440,0.0017501917,-0.0001885317367850803,0.0003,-0.9182636190205813,0.0080078125,0.8136513233184814,0.2,0.5000000054016713,0.35664433240890503
190,0.39444092999999997,64.0,1.226752929687501,1.3000000000000012,149504,146,0.07324707031250001,16,783,1.4728129762224853,1450,0.0034700157,-0.0021930570947006345,0.0003,-0.9072321645915509,0.0330078125,0.8995524644851685,0.2,0.5000000344589355,1.0913734436035156
192,0.8598584499999999,64.0,2.1023681640625025,2.156250000000002,150528,147,0.05388183593750001,16,781,3.1639553725719454,1460,0.006212214,-0.0022144854563521223,0.0003,-0.8474175229668617,0.0615234375,0.7567536234855652,0.2,0.5000000309199094,0.5175437927246094
194,0.59576547,64.0,-0.24901367187499923,-0.13749999999999907,151552,148,0.111513671875,16,780,1.8891882853582502,1470,0.0027063033,-0.0014522574929287657,0.0003,-0.8716970685869455,0.0298828125,0.782783567905426,0.2,0.5000000149011614,0.074073925614357
195,0.77838268,64.0,0.13335449218750156,0.22187500000000165,152576,149,0.08852050781250001,16,778,1.997439924441278,1480,0.002763284,-0.004120474131195806,0.0003,-0.8213285878300667,0.02490234375,0.780408501625061,0.2,0.500000047311187,0.511891782283783
198,0.38397876,64.0,-0.6949130859374989,-0.5968749999999989,153600,150,0.09803808593750002,16,775,1.4610465148463845,1490,0.0017428123,-0.002011703056632541,0.0003,-0.8013801872730255,0.0130859375,0.8855068683624268,0.2,0.5000000171363352,1.193509817123413
199,0.4979635700000001,64.0,0.7578115234375024,0.8406250000000024,154624,151,0.08281347656250002,16,774,0.906594664696604,1500,0.0039716903,-0.0014393915742402896,0.0003,-0.8630541291087865,0.0654296875,0.9396814107894897,0.2,0.5000000333413481,0.33361098170280457
201,0.26173981999999996,64.0,-0.5634443359375004,-0.4562500000000004,155648,152,0.10719433593750002,16,772,1.8772976065054536,1510,0.004910728,-0.004918494408775587,0.0003,-0.8680313352495432,0.07939453125,0.8523478507995605,0.2,0.5000000355765224,0.24423159658908844
203,0.13465763000000003,64.0,1.64358984375,1.69375,156672,153,0.05016015625000001,16,771,1.6263521015644073,1520,0.0021649324,-0.001476395019562915,0.0003,-0.8581922151148319,0.03271484375,0.914524495601654,0.2,0.5000000230967996,1.1331270933151245
204,0.3760554900000001,64.0,1.2599189453125006,1.3343750000000005,157696,154,0.07445605468750002,16,770,3.079884535819292,1530,0.0017514301,-0.0007931303669465705,0.0003,-0.8802456140518189,0.02861328125,0.6515251994132996,0.2,0.5000000197440383,0.4618901014328003
206,0.29728843,64.0,-0.04362304687499752,0.04375000000000251,158720,155,0.08737304687500001,16,770,1.444619215792045,1540,0.004987116,-0.003422624783706851,0.0003,-0.834192830324173,0.05458984375,0.8739960193634033,0.2,0.49999999385327104,0.21271756291389465
207,0.6213578000000001,64.0,1.389722656250001,1.459375000000001,159744,156,0.06965234375000001,16,771,0.7740316236857325,1550,0.0016319411,-0.002818941208533943,0.0003,-0.7713055331259966,0.01474609375,0.9378036260604858,0.2,0.5000000156462194,0.1804734617471695
208,0.59192907,64.0,-0.0837343749999987,0.01562500000000111,160768,157,0.099359375,16,771,1.7852281147614122,1560,0.003848799,-0.0030220208544051276,0.0003,-0.8274795360863209,0.03759765625,0.8559845685958862,0.2,0.5000000242143868,1.1547901630401611
210,0.9531434700000002,64.0,1.2079101562500014,1.2718750000000014,161792,158,0.06396484375,16,768,1.4567059399560094,1570,0.0082339905,-0.004133013723185286,0.0003,-0.8986910823732615,0.09619140625,0.9040838479995728,0.2,0.5000000320374967,0.823753833770752
212,0.4687925300000002,64.0,-1.249499023437499,-1.153124999999999,162816,159,0.09637402343750001,16,765,1.271271444298327,1580,0.0054875766,-0.0014814117035712115,0.0003,-0.8649872235953808,0.015234375,0.9086531400680542,0.2,0.5000000199303033,1.1558606624603271
214,0.29846063999999994,64.0,0.3228916015625016,0.3906250000000017,163840,160,0.06773339843750001,16,763,1.272133453283459,1590,0.0035568215,-0.002768449453287758,0.0003,-0.9019379045814275,0.0431640625,0.9085472226142883,0.2,0.5000000169500706,0.5053561329841614
216,-0.09300030999999997,64.0,-2.349445312499999,-2.2156249999999993,164864,161,0.13382031250000004,16,762,1.4941404291428626,1600,0.0057114116,-0.004648374678799883,0.0003,-0.9404908265918493,0.0408203125,0.8644471168518066,0.2,0.5000000121071932,0.8268420100212097
217,-0.09590092000000006,64.0,1.1354306640625005,1.1843750000000006,165888,162,0.048944335937500014,16,761,0.8547662813682109,1610,0.0117603205,-0.004580445555620827,0.0003,-0.8980516329407692,0.05419921875,0.9316567182540894,0.2,0.5000000195577738,0.7572400569915771
219,-0.03197652999999993,64.0,0.5581406250000023,0.6312500000000021,166912,163,0.07310937500000003,16,759,2.1823267271742224,1620,0.005277808,-0.002623139775823802,0.0003,-0.8587946619838476,0.03671875,0.7488827109336853,0.2,0.50000002682209,3.2260329723358154
221,-0.27630952999999997,64.0,-0.5367304687499999,-0.4531249999999998,167936,164,0.08360546875000001,16,758,0.9323726036353037,1630,0.005782142,-0.00400584964081645,0.0003,-0.8806789644062519,0.06962890625,0.9347026944160461,0.2,0.5000000016763806,2.338763475418091
223,0.038739340000000046,64.0,1.5779248046874996,1.665625,168960,165,0.0877001953125,16,756,1.2417835130356252,1640,0.00497182,-0.0015533643163507804,0.0003,-0.9416486199945211,0.08447265625,0.9064923524856567,0.2,0.5000000083819032,0.3744054436683655
225,0.14210544000000006,64.0,0.9021669921875001,0.96875,169984,166,0.06658300781250001,16,755,3.23586710896343,1650,0.009461962,0.0013510971097275616,0.0003,-0.9309226743876934,0.051953125,0.7817388772964478,0.2,0.5000000258907675,0.1981184333562851
226,0.7988990200000002,64.0,1.897422851562499,1.9749999999999992,171008,167,0.07757714843750002,16,753,0.8945119640789926,1660,0.00806242,-0.0029446596803609283,0.0003,-0.9972903437912464,0.05341796875,0.9365905523300171,0.2,0.49999998956918723,0.010844051837921143
228,1.1010762,64.0,1.9392929687500002,2.0000000000000004,172032,168,0.06070703125,16,753,2.881790202995762,1670,0.006925104,-0.006993355677695945,0.0003,-0.916641328856349,0.094921875,0.7895680665969849,0.2,0.5000000165775413,0.35290440917015076
229,1.0760977699999996,64.0,0.6218115234375009,0.7156250000000007,173056,169,0.0938134765625,16,753,0.8970353128388524,1680,0.004764281,-0.004333987788413651,0.0003,-0.9575606990605593,0.10224609375,0.9252879619598389,0.2,0.49999997019767767,0.35013487935066223
230,1.11943529,64.0,-0.17458593750000004,-0.08437500000000003,174080,170,0.09021093750000003,16,754,1.9876107761636377,1690,0.0063296594,-0.0030520921427523717,0.0003,-0.8972449280321598,0.02568359375,0.8898506164550781,0.2,0.5000000242143867,0.30699440836906433
232,1.08316937,64.0,1.6727392578125002,1.7437500000000004,175104,171,0.07101074218750003,16,752,1.2564536215737463,1700,0.002694476,-0.002663654167554341,0.0003,-0.8519096571952105,0.03046875,0.8726414442062378,0.2,0.500000024586916,0.5113528966903687
235,0.8917824999999999,64.0,-1.1811582031249999,-1.0562500000000001,176128,172,0.124908203125,16,749,2.2069601675495507,1710,0.005798324,-0.002907184358628001,0.0003,-0.8530130017548799,0.0501953125,0.8050275444984436,0.2,0.5000000216066838,0.39011380076408386
236,0.7407870600000002,64.0,1.3664365234375004,1.4343750000000004,177152,173,0.0679384765625,16,747,0.7964873224496841,1720,0.00472204,-0.001768427065690048,0.0003,-0.8696512229740619,0.02783203125,0.9542062282562256,0.2,0.5000000294297933,0.45787012577056885
238,0.326468,64.0,-0.24774804687499985,-0.1312499999999998,178176,174,0.11649804687500002,16,746,1.0894863684661686,1730,0.00670303,-0.0014594576263334603,0.0003,-0.9315595690160989,0.051171875,0.9153850078582764,0.2,0.5000000001862646,1.0710753202438354
240,0.13458953999999998,64.0,-0.13232421874999864,-0.021874999999998646,179200,175,0.11044921875000002,16,746,1.6113784913904965,1740,0.004454175,-0.003056705328344833,0.0003,-0.8446883585304021,0.0314453125,0.880316972732544,0.2,0.5000000115484001,2.6620938777923584
241,0.31386045,64.0,0.6115371093750008,0.7000000000000007,180224,176,0.08846289062500001,16,745,0.9908973593264818,1750,0.0021467702,-0.0016797532880445942,0.0003,-0.8601101614534855,0.0201171875,0.9434370994567871,0.2,0.5000000100582838,1.4238497018814087
243,-0.04057422999999998,64.0,-0.7447685546874974,-0.6468749999999974,181248,177,0.09789355468750001,16,745,1.6948688103351741,1760,0.0030810903,-0.0025775132671697065,0.0003,-0.7856657974421978,0.02412109375,0.8672940731048584,0.2,0.5000000154599545,0.45672231912612915
245,0.32949422000000006,64.0,1.226712890625,1.29375,182272,178,0.06703710937500001,16,743,0.9420655203051865,1770,0.003778906,-0.004033736286510247,0.0003,-0.8707097828388214,0.04873046875,0.9316125512123108,0.2,0.5000000359490514,0.37096157670021057
246,0.10532953000000006,64.0,-0.7611132812499979,-0.668749999999998,183296,179,0.09236328125,16,742,1.9538574664853514,1780,0.006321974,-0.0034452377643901856,0.0003,-0.7252626545727253,0.0439453125,0.8287285566329956,0.2,0.5000000160187483,1.5172719955444336
248,-0.03804594999999998,64.0,-0.4732988281249997,-0.3999999999999998,184320,180,0.07329882812500002,16,742,1.0130604833830148,1790,0.0028835672,-0.003696058507193811,0.0003,-0.8370793893933296,0.0337890625,0.919197678565979,0.2,0.5000000284984708,0.38588228821754456
249,0.23035015999999994,64.0,1.0150986328125011,1.0750000000000008,185344,181,0.05990136718750001,16,741,1.0560484720394014,1800,0.0033976499,-0.0037975919534801506,0.0003,-0.719979840144515,0.037109375,0.9118571281433105,0.2,0.5000000368803743,0.3582513928413391
251,0.26415643999999994,64.0,0.9510185546875008,1.0187500000000007,186368,182,0.06773144531250001,16,740,0.8669647057540715,1810,0.0054736976,-0.0026412177074234934,0.0003,-0.7448783185333013,0.0541015625,0.9191505312919617,0.2,0.5000000283122065,0.11675814539194107
253,0.32540364,64.0,0.5946005859375015,0.6781250000000015,187392,183,0.0835244140625,16,739,1.2972492480650544,1820,0.010664287,-0.0015904562547802924,0.0003,-0.8187063973397016,0.05517578125,0.8768560290336609,0.2,0.5000000383704901,0.31677401065826416
255,0.4604447100000001,64.0,0.6973320312500001,0.7687500000000003,188416,184,0.07141796875,16,738,0.961149899661541,1830,0.006323398,-0.0009782029781490564,0.0003,-0.7566344503313303,0.06455078125,0.9281495809555054,0.2,0.500000028684736,1.6184204816818237
256,0.6997434399999999,64.0,1.5456005859375008,1.615625000000001,189440,185,0.0700244140625,16,738,1.968434872571379,1840,0.0046702237,-0.004934220193536021,0.0003,-0.6800606556236743,0.066796875,0.8519928455352783,0.2,0.500000024028122,2.566448450088501
257,1.0855629900000001,64.0,2.3006142578124997,2.340625,190464,186,0.04001074218750001,16,739,1.2337750403210521,1850,0.0021708198,-0.002652957837563008,0.0003,-0.7851557552814483,0.019140625,0.900375485420227,0.2,0.5000000443309547,0.7226488590240479
258,0.9240072000000003,64.0,-0.3741787109374995,-0.2874999999999996,191488,187,0.0866787109375,16,739,1.40969676412642,1860,0.0026370087,-0.0027886789437616246,0.0003,-0.8262677293270826,0.0580078125,0.8512437343597412,0.2,0.5000000266358262,0.19473274052143097
259,0.57726438,64.0,-0.6966259765624996,-0.6062499999999994,192512,188,0.09037597656250002,16,740,0.7710726370103658,1870,0.009687863,-0.004670092338346876,0.0003,-0.7755882076919078,0.06884765625,0.9530088901519775,0.2,0.5000000147148971,0.5557190775871277
260,0.6973284300000002,64.0,0.8287363281250001,0.9093750000000003,193536,189,0.08063867187500001,16,741,1.1361549878492951,1880,0.0065336535,-0.0018191143695730715,0.0003,-0.8559948055073618,0.05625,0.8895893692970276,0.2,0.5000000294297934,0.30998092889785767
262,0.9678990600000001,64.0,1.7754384765625009,1.8281250000000009,194560,190,0.052686523437500014,16,741,1.241142232529819,1890,0.0069140866,-0.004477868706453591,0.0003,-0.7894696783274412,0.05927734375,0.9139596223831177,0.2,0.5000000180676576,0.1970996856689453
264,1.0260308,64.0,1.7138369140625018,1.7968750000000018,195584,191,0.08303808593750003,16,740,1.5264396239072084,1900,0.0029941718,-0.0036067826906219123,0.0003,-0.9459731426090002,0.0306640625,0.8778547048568726,0.2,0.5000000309199095,0.33495455980300903
266,0.7221195499999999,64.0,0.6034814453125009,0.718750000000001,196608,192,0.11526855468750002,16,738,1.7959721526131034,1910,0.0071878587,-0.004678215036983601,0.0003,-0.9704742357134819,0.0859375,0.8360155820846558,0.2,0.5000000458210706,1.047995686531067
267,1.01433846,64.0,1.5904091796875004,1.6468750000000003,197632,193,0.056465820312500005,16,738,2.3262167651671914,1920,0.0067621605,-0.004264889782643877,0.0003,-0.8458237174898386,0.0333984375,0.8860586285591125,0.2,0.5000000398606066,4.134332180023193
269,1.26139768,64.0,1.0655556640624997,1.1187499999999997,198656,194,0.05319433593750002,16,737,1.1486130781471728,1930,0.018284779,-0.0029483136750059202,0.0003,-0.9578912232071162,0.11318359375,0.8362487554550171,0.2,0.500000004842878,0.44654038548469543
271,1.55090627,64.0,2.3582333984374997,2.434375,199680,195,0.07614160156250002,16,736,1.1067448312416672,1940,0.009235112,-0.004254065838176757,0.0003,-0.8888900130987167,0.06923828125,0.9119012355804443,0.2,0.5000000126659871,0.5265980362892151
272,1.0747269099999999,64.0,-1.1338994140625003,-1.0125000000000002,200704,196,0.12139941406250002,16,735,2.4250233231578022,1950,0.012896462,0.0009212916105752811,0.0003,-0.8180430283769965,0.05888671875,0.8319218754768372,0.2,0.5000000167638062,1.1142359972000122
274,0.8617856400000002,64.0,0.8706044921875008,0.9218750000000007,201728,197,0.05127050781250001,16,733,0.8814767928794026,1960,0.004958285,-0.003294995694886893,0.0003,-0.6391216009855271,0.02412109375,0.944826066493988,0.2,0.5000000234693295,0.3420535922050476
276,1.20305642,64.0,1.7718457031250003,1.8250000000000006,202752,198,0.05315429687500001,16,732,0.8431676149368286,1970,0.012144636,-0.005618866501026787,0.0003,-0.7704249013215303,0.101953125,0.8861984014511108,0.2,0.5000000139698384,0.7559395432472229
277,1.07868252,64.0,1.2073330078124993,1.2843749999999994,203776,199,0.07704199218750002,16,733,1.4513269565999507,1980,0.024927586,0.00020800116180907935,0.0003,-0.7783620651811362,0.05068359375,0.8338354825973511,0.2,0.5000000180676578,0.44237327575683594
279,0.8739581500000001,64.0,-0.4246806640624993,-0.31249999999999933,204800,200,0.1121806640625,16,732,1.6738618132192642,1990,0.016021159,-0.002415595590719022,0.0003,-0.7876615919172764,0.178125,0.8938853740692139,0.2,0.5000000072643161,0.538057804107666
281,0.57905469,64.0,1.4367236328125,1.490625,205824,201,0.05390136718750001,16,731,0.9715174581389874,2000,0.014846951,-0.0035388962482102216,0.0003,-0.8491730347275734,0.11025390625,0.9440567493438721,0.2,0.5000000208616259,0.43991896510124207
282,0.6498214099999998,64.0,-0.48800683593750094,-0.365625000000001,206848,202,0.1223818359375,16,731,1.193109636567533,2010,0.009265177,-0.005392459366703406,0.0003,-0.9408078722655773,0.0900390625,0.8207300901412964,0.2,0.5000000333413483,0.11076290160417557
283,0.6144992099999997,64.0,0.45687109374999957,0.5562499999999996,207872,203,0.09937890625000001,16,732,2.839300322998315,2020,0.008964973,-0.004476848723425064,0.0003,-0.7591955003328621,0.07734375,0.7994003891944885,0.2,0.500000005215406,0.050397567451000214
286,0.42975922,64.0,0.2725634765624989,0.365624999999999,208896,204,0.0930615234375,16,730,1.6031742140650749,2030,0.010573677,-0.006288297376886476,0.0003,-0.7846353752538562,0.10947265625,0.8536022901535034,0.2,0.5000000448897481,0.19537889957427979
288,0.3671412599999999,64.0,0.9588144531249994,1.0499999999999994,209920,205,0.09118554687500002,16,728,1.3641797092743218,2040,0.004254261,-0.0038332459313096478,0.0003,-0.8390521381050349,0.0861328125,0.8735362887382507,0.2,0.5000000327825546,0.3684166371822357
290,0.5906170499999999,64.0,0.7326435546874999,0.803125,210944,206,0.0704814453125,16,726,1.5735801111906766,2050,0.0047798506,0.004525718826334924,0.0003,-0.687285425234586,0.10888671875,0.8733718991279602,0.2,0.5000000169500708,0.33868393301963806
291,0.5183561299999999,64.0,0.9328691406249997,1.0281249999999997,211968,207,0.09525585937500002,16,726,1.4051579131744802,2060,0.0080803465,-0.003760081218206324,0.0003,-0.8259617563337087,0.10654296875,0.8705757260322571,0.2,0.5000000178813933,0.6242988705635071
293,0.5736397199999999,64.0,0.20830566406249967,0.28124999999999967,212992,208,0.0729443359375,16,726,1.602191005786881,2070,0.00806549,-0.003800706478068605,0.0003,-0.7762451356276869,0.0443359375,0.8936574459075928,0.2,0.5000000266358255,0.1711753010749817
295,0.7185128300000001,64.0,1.859733398437499,1.9281249999999988,214016,209,0.0683916015625,16,724,0.7026538687758148,2080,0.015846036,-0.003563493877300061,0.0003,-0.7543594665825367,0.13544921875,0.9339085221290588,0.2,0.5000000011175871,0.732035219669342
297,0.9532290600000002,64.0,1.1456230468749984,1.2062499999999985,215040,210,0.060626953125000015,16,723,1.1685669214464725,2090,0.00908269,-0.002325452686636709,0.0003,-0.7243651017546654,0.0779296875,0.8679367303848267,0.2,0.5000000149011614,0.17390578985214233
298,1.2009971700000002,64.0,2.107828125,2.15625,216064,211,0.048421875,16,722,1.8040596031583847,2100,0.011645919,0.0035564685982535592,0.0003,-0.7079666960984469,0.10732421875,0.823388934135437,0.2,0.5000000210478897,0.44667476415634155
300,1.21565686,64.0,1.0164394531249996,1.0624999999999998,217088,212,0.04606054687500001,16,722,1.7239472612738609,2110,0.006581447,0.0027084183384431526,0.0003,-0.6726514611393213,0.11484375,0.7771790623664856,0.2,0.4999999903142452,0.9072484970092773
302,1.34562467,64.0,0.8686386718749988,0.9343749999999986,218112,213,0.06573632812500002,16,721,0.721120324311778,2120,0.007804525,0.001223233452765271,0.0003,-0.5998409245163202,0.0748046875,0.9002619981765747,0.2,0.5000000042840841,1.4720295667648315
303,1.5371543499999998,64.0,2.68465234375,2.728125,219136,214,0.04347265625000001,16,721,1.100699135940522,2130,0.0070545273,-0.002974318905035034,0.0003,-0.6602780165150761,0.069140625,0.8898935914039612,0.2,0.5000000134110452,0.1448034644126892
304,1.47156685,64.0,1.0897949218749996,1.1593749999999994,220160,215,0.069580078125,16,722,2.249314540042542,2140,0.0081239985,0.0025920674437657,0.0003,-0.7511473466642201,0.167578125,0.7420653104782104,0.2,0.5000000016763806,0.08495648205280304
305,1.7167595399999995,64.0,2.542062499999999,2.603124999999999,221184,216,0.06106250000000001,16,723,1.656623017322272,2150,0.009189005,-0.0027922254608711227,0.0003,-0.6527509644627572,0.06640625,0.883064329624176,0.2,0.5000000102445481,0.18800652027130127
306,1.5943339300000003,64.0,1.3740898437499987,1.4312499999999986,222208,217,0.05716015625000001,16,724,2.0852965394966305,2160,0.008653782,-0.0025472264416748656,0.0003,-0.6927850930020213,0.0763671875,0.8297114372253418,0.2,0.5000000404193996,0.4192489981651306
307,2.0344795300000005,64.0,3.3098154296874993,3.3656249999999996,223232,218,0.055809570312500015,16,725,1.0509746146854013,2170,0.008510182,0.00011251705582253635,0.0003,-0.6715383401140571,0.0595703125,0.9257460832595825,0.2,0.5000000074505804,0.4596193730831146
308,2.02017296,64.0,1.2782441406249996,1.3187499999999996,224256,219,0.04050585937500001,16,726,1.3520370434969664,2180,0.058786422,0.003417242507566698,0.0003,-0.7047747207805515,0.09990234375,0.8587523102760315,0.2,0.49999998621642555,0.6623432636260986
309,1.9197292199999998,64.0,1.9136660156249996,1.9593749999999992,225280,220,0.04570898437500001,16,727,0.7871021830942482,2190,0.008481754,0.0015747979457955807,0.0003,-0.6721580755896867,0.07490234375,0.8751205801963806,0.2,0.5000000035390261,0.9653282165527344
310,2.0633683,64.0,2.2608281249999984,2.3374999999999986,226304,221,0.07667187500000003,16,728,2.1463205181527885,2200,0.0044235904,0.0013676651287823915,0.0003,-0.646490456815809,0.066015625,0.6887102127075195,0.2,0.5000000109896064,0.18505673110485077
311,1.9873836000000002,64.0,0.9986679687499984,1.1031249999999984,227328,222,0.10445703125,16,729,0.8682600724510848,2210,0.010872796,0.0009278218785766512,0.0003,-0.6239028465002775,0.07138671875,0.8876938223838806,0.2,0.500000029057264,0.37353360652923584
312,2.20194688,64.0,3.2182910156250006,3.25625,228352,223,0.037958984375000004,16,730,1.0530196604318918,2220,0.008360266,-0.0029832750151399523,0.0003,-0.561937480699271,0.06640625,0.9361540675163269,0.2,0.5000000394880775,0.13360407948493958
313,1.7757428100000001,64.0,0.9581738281249984,1.0312499999999984,229376,224,0.07307617187500001,16,731,2.9356549891643224,2230,0.005692309,0.0012852118554292247,0.0003,-0.6575500764884055,0.076953125,0.6772438883781433,0.2,0.500000030919909,0.1283443719148636
314,2.01781922,64.0,2.776771484374999,2.8249999999999984,230400,225,0.04822851562500001,16,732,1.5699919663369655,2240,0.0073152557,0.0008702339968294836,0.0003,-0.6303637878037989,0.05986328125,0.8817905783653259,0.2,0.5000000393018127,3.6886584758758545
315,2.1566248199999998,64.0,2.3018593749999985,2.3749999999999982,231424,226,0.07314062500000001,16,733,1.1728232356719672,2250,0.004561739,-0.002567814875510521,0.0003,-0.6879146547988058,0.0484375,0.8920572400093079,0.2,0.5000000499188902,0.4828043282032013
316,2.2693510599999995,64.0,3.20233984375,3.275,232448,227,0.07266015625000001,16,734,1.0969139409717172,2260,0.0070949593,-0.0034006964153377338,0.0003,-0.5986432523466647,0.055078125,0.9068202376365662,0.2,0.5000000439584251,0.6221447587013245
317,2.31914573,64.0,2.0630781249999983,2.1374999999999984,233472,228,0.07442187500000003,16,735,2.079412499908358,2270,0.006572214,-0.0022693737439112736,0.0003,-0.5045512448064983,0.0724609375,0.8582992553710938,0.2,0.5000000538304447,0.7058419585227966
318,2.00823477,64.0,0.5336367187499991,0.606249999999999,234496,229,0.07261328125000002,16,736,1.5165302252396942,2280,0.013046968,0.00031830684165470304,0.0003,-0.44596857763826847,0.0564453125,0.8748162984848022,0.2,0.5000000560656189,0.8798304796218872
319,2.04295946,64.0,1.5252304687499991,1.5687499999999992,235520,230,0.04351953125000001,16,737,1.2656844154931606,2290,0.02499372,2.2589450236409902e-05,0.0003,-0.5047740628011524,0.087890625,0.9084625840187073,0.2,0.5000000391155481,0.15836232900619507
320,1.65186556,64.0,-0.15565722656250108,-0.05937500000000101,236544,231,0.09628222656250002,16,738,1.3606858066283167,2300,0.0074697537,-0.003227112060994841,0.0003,-0.5765842533670366,0.087109375,0.8392241597175598,0.2,0.5000000333413486,0.3641461133956909
321,1.45679527,64.0,1.287436523437499,1.378124999999999,237568,232,0.09068847656250001,16,739,1.0071160809602588,2310,0.0021498962,-0.0017935360141564161,0.0003,-0.43375977147370576,0.043359375,0.9335237145423889,0.2,0.49978721160441675,1.1134321689605713
322,1.2817846400000001,64.0,1.6195673828124997,1.6624999999999996,238592,233,0.04293261718750001,16,740,3.0082445565611122,2320,0.004732703,-0.003650611636112444,0.0003,-0.48647828996181486,0.04755859375,0.8367466330528259,0.2,0.5000000104308129,0.646607518196106
323,1.28833794,64.0,2.0350576171874986,2.0999999999999983,239616,234,0.0649423828125,16,741,1.6053154775872827,2330,0.012762807,-0.0016304988588672132,0.0003,-0.6134157839231194,0.116796875,0.807099461555481,0.2,0.5000000411644574,0.34196117520332336
324,1.4256956,64.0,2.750386718749999,2.787499999999999,240640,235,0.037113281250000005,16,741,0.5756701504345983,2340,0.0052172546,0.0009226819995092228,0.0003,-0.6122763314284384,0.0986328125,0.930160641670227,0.2,0.5000000145286323,0.05832044780254364
325,1.3806321699999997,64.0,0.8242880859374999,0.9156250000000001,241664,236,0.09133691406250002,16,742,1.3999320295173674,2350,0.00878375,0.0011007674096617849,0.0003,-0.6829600991681218,0.09970703125,0.8065135478973389,0.2,0.5000000352039929,0.5788140892982483
326,1.5108794999999997,64.0,1.2797617187499983,1.3374999999999984,242688,237,0.057738281249999995,16,744,1.388540022703819,2360,0.0056625493,-0.0020858016912825407,0.0003,-0.46189789324998853,0.0830078125,0.9090110063552856,0.2,0.5000000316649678,-0.022447537630796432
327,1.7403242,64.0,1.8062460937499993,1.8531249999999995,243712,238,0.046878906250000005,16,745,0.7592214130796492,2370,0.0068496466,-0.0008310234232340008,0.0003,-0.6275387826375664,0.0775390625,0.9307588338851929,0.2,0.4999999826774002,0.02307162620127201
327,1.83053233,64.0,2.1888447265624995,2.2468749999999997,244736,239,0.0580302734375,16,746,0.7284680842654779,2380,0.00498801,0.00381499731738586,0.0003,-0.6687660132534802,0.083984375,0.8956618905067444,0.2,0.4999999985098838,0.017968419939279556
328,1.6317863799999994,64.0,0.9342871093749995,0.9781249999999994,245760,240,0.04383789062500001,16,747,1.9464476431254298,2390,0.004389834,0.007756760047050193,0.0003,-0.6129157007671893,0.10615234375,0.8655047416687012,0.2,0.5000000171363352,4.360138893127441
329,1.48918904,64.0,1.520284179687499,1.5656249999999992,246784,241,0.04534082031250001,16,748,0.7108200595248491,2400,0.0054738615,-0.0029277044290211053,0.0003,-0.5987565700896085,0.04912109375,0.8822307586669922,0.2,0.499999992735684,0.5770807266235352
330,1.6172346699999998,64.0,1.9704208984374993,2.031249999999999,247808,242,0.06082910156250002,16,749,0.7795149123528973,2410,0.0073575536,0.0009669936931459233,0.0003,-0.6364381466992199,0.05908203125,0.9185692667961121,0.2,0.49999999199062606,0.29434934258461
331,1.7604123200000001,64.0,2.5025917968749987,2.5562499999999986,248832,243,0.053658203125,16,751,1.9316996369510888,2420,0.012847385,-0.00310065057274187,0.0003,-0.5965368444100022,0.0888671875,0.8237547874450684,0.2,0.49999997876584534,8.041596412658691
332,1.79347186,64.0,1.7461005859374987,1.8218749999999986,249856,244,0.07577441406250002,16,752,1.8443435014691203,2430,0.0025006745,-0.0011153115483466536,0.0003,-0.5425952310673893,0.03935546875,0.8119643330574036,0.2,0.49999999534338707,0.15466998517513275
332,1.6296570099999999,64.0,1.317691406249999,1.396874999999999,250880,245,0.07918359375000002,16,753,1.810605142894201,2440,0.0018678077,-0.0019402223028009758,0.0003,-0.4980269341729581,0.01923828125,0.8399667739868164,0.2,0.500000015832484,9.854364395141602
333,2.03005685,64.0,3.430690429687499,3.4749999999999988,251904,246,0.044309570312500005,16,754,0.7642882509622723,2450,0.0044724583,0.0004288680836907588,0.0003,-0.5062067507300526,0.0451171875,0.9344698786735535,0.2,0.5000000031664971,1.2419085502624512
334,2.02271279,64.0,1.675736328124999,1.721874999999999,252928,247,0.04613867187500001,16,755,1.2009731047786771,2460,0.003631658,-0.0010297864821041003,0.0003,-0.555800268240273,0.05849609375,0.8553189039230347,0.2,0.5000000096857542,0.37032610177993774
335,1.84649449,64.0,0.8965458984374984,0.9937499999999982,253952,248,0.09720410156250003,16,756,0.8776216670870781,2470,0.0059661428,0.003673142634215765,0.0003,-0.5326343598775566,0.098828125,0.9108269810676575,0.2,0.5000000093132254,0.9049481749534607
336,1.5552733799999998,64.0,0.003470703124998281,0.07499999999999832,254976,249,0.07152929687500002,16,757,0.9221815856173634,2480,0.006964302,-0.0021751357533503326,0.0003,-0.3992121858522296,0.0322265625,0.9371527433395386,0.2,0.5000000186264509,1.0480012893676758
337,1.5417953700000004,64.0,1.6973925781249974,1.7718749999999974,256000,250,0.07448242187500002,16,758,0.30695341678801924,2490,0.009102425,-0.0022177970473421737,0.0003,-0.5321075612679124,0.0623046875,0.9608299136161804,0.2,0.499999976158142,0.06215852499008179
338,1.4843828700000004,64.0,1.0679677734374993,1.149999999999999,257024,251,0.0820322265625,16,759,0.8672628252999857,2500,0.0055151465,-0.0014622156188124791,0.0003,-0.513450437411666,0.059765625,0.9169363379478455,0.2,0.5000000109896061,0.04009624198079109
339,1.3045127300000001,64.0,1.759810546874999,1.7999999999999985,258048,252,0.04018945312500001,16,760,0.7592368003679439,2510,0.020294815,-0.0030155787011608482,0.0003,-0.6234491294249892,0.10283203125,0.9410901069641113,0.2,0.49999997876584557,0.4445868730545044
340,1.16878537,64.0,1.686325195312496,1.8062499999999964,259072,253,0.11992480468750003,16,761,0.9104165133088827,2520,0.0327002,-0.0009439721936360002,0.0003,-0.7400341432541608,0.0865234375,0.8876259922981262,0.2,0.4999999977648259,0.14941078424453735
341,1.19833898,64.0,0.9305117187499994,0.9937499999999994,260096,254,0.06323828125,16,762,2.3536810017423706,2530,0.0035511828,-0.0006625180307310074,0.0003,-0.5380625356920063,0.0513671875,0.8469218611717224,0.2,0.5000000366941094,0.700725257396698
341,1.5556116400000002,64.0,2.341038085937499,2.3843749999999995,261120,255,0.04333691406250001,16,763,1.1640335418051109,2540,0.01118269,0.0032351812813431026,0.0003,-0.6916486477479339,0.117578125,0.8713676929473877,0.2,0.5000000054016711,0.06707035005092621
342,1.32274228,64.0,-0.11221679687500039,-0.031250000000000444,262144,256,0.08096679687500002,16,764,1.1588997059036046,2550,0.005396994,0.0014801074488786981,0.0003,-0.8717475289478898,0.09052734375,0.8608973622322083,0.2,0.49999999273568396,0.21426603198051453
343,1.0794854100000002,64.0,-0.3051220703125011,-0.22187500000000113,263168,257,0.0832470703125,16,766,0.6760513848392293,2560,0.009504367,-0.001739093364449218,0.0003,-0.6724095520563423,0.06650390625,0.9489612579345703,0.2,0.49999999441206466,0.40804290771484375
344,1.04408588,64.0,1.773365234374999,1.840624999999999,264192,258,0.06725976562500001,16,767,1.0347647247603162,2570,0.006272299,-0.0038391711495933123,0.0003,-0.8157627038657665,0.06875,0.9321590662002563,0.2,0.49999999180436144,1.636527180671692
345,0.9171237199999998,64.0,0.8836435546874993,0.9687499999999991,265216,259,0.08510644531250003,16,768,1.940838578925468,2580,0.011371128,0.00015602233324898406,0.0003,-0.8094340037554503,0.08271484375,0.7813305258750916,0.2,0.49999998901039344,0.27977579832077026
346,1.03248386,64.0,1.4165517578124993,1.4874999999999994,266240,260,0.07094824218750001,16,769,0.9823850960936398,2590,0.010995488,-0.005405582823004807,0.0003,-0.7058942474424839,0.07373046875,0.9187947511672974,0.2,0.5000000119209282,0.37168893218040466
347,0.9649896600000002,64.0,1.2015546874999985,1.2718749999999983,267264,261,0.07032031250000001,16,769,1.624296818766743,2600,0.014976545,-0.0021875901526072993,0.0003,-0.6923799533396959,0.0609375,0.8869830965995789,0.2,0.5000000117346642,0.6975826621055603
348,0.9731462,64.0,0.6450419921874992,0.7218749999999992,268288,262,0.07683300781250002,16,770,0.7785902163945139,2610,0.019167967,-0.0028310937428614124,0.0003,-0.727127093821764,0.0763671875,0.9242273569107056,0.2,0.5000000335276127,0.23047952353954315
348,1.20370824,64.0,1.3873095703124991,1.4281249999999992,269312,263,0.0408154296875,16,771,1.5547421050723642,2620,0.010411175,-0.0031152830721111967,0.0003,-0.5916523300576955,0.07685546875,0.864091694355011,0.2,0.499999994970858,0.1921059489250183
349,1.10580651,64.0,1.6014501953124998,1.6437499999999996,270336,264,0.04229980468750001,16,772,1.0059082249877975,2630,0.0062840264,-0.0009792667653528043,0.0003,-0.9015186727046967,0.06494140625,0.8851938247680664,0.2,0.4994320763275027,0.3259165585041046
350,1.3863966599999997,64.0,1.2924326171874994,1.3562499999999995,271360,265,0.06381738281249999,16,773,0.7789651046972722,2640,0.007958261,-0.0025033968442585318,0.0003,-0.9236757145728915,0.15849609375,0.901813268661499,0.2,0.49999998416751623,0.14261388778686523
351,1.2563972899999998,64.0,1.2716376953124997,1.3406249999999997,272384,266,0.06898730468750001,16,774,0.874816907197237,2650,0.0072436314,-0.00452081038383767,0.0003,-0.9292727129068226,0.0796875,0.9232968091964722,0.2,0.5000000065192584,0.2904849648475647
352,1.0506596400000001,64.0,-0.06802636718750021,0.03124999999999986,273408,267,0.0992763671875,16,775,0.873323583707679,2660,0.008148046,-0.0059042562541435474,0.0003,-0.8773429108317942,0.04658203125,0.9137988090515137,0.2,0.499999991804361,0.1429164856672287
353,1.1519954300000002,64.0,1.7464941406249985,1.8218749999999986,274432,268,0.07538085937500001,16,776,0.9309902164153755,2670,0.008214062,-0.0026529200898949058,0.0003,-0.8094960574992001,0.05263671875,0.9341773390769958,0.2,0.5000000260770319,0.2789574861526489
354,1.5336162199999999,64.0,3.1435205078124997,3.1937499999999996,275456,269,0.0502294921875,16,777,0.7861067680642009,2680,0.022418678,-0.002924306466593407,0.0003,-0.7692512392997741,0.10341796875,0.9376800656318665,0.2,0.500000024214387,0.6056415438652039
355,1.76974761,64.0,2.8265488281249995,2.8687499999999995,276480,270,0.04220117187500001,16,778,2.1470025377348065,2690,0.0071070157,-0.00348285116488114,0.0003,-0.8184629234019667,0.0677734375,0.8158338069915771,0.2,0.5000000147148969,0.5315141677856445
355,1.6720328999999998,64.0,0.9575644531249996,1.0249999999999995,277504,271,0.06743554687500003,16,779,0.7261004121042788,2700,0.008104176,-0.003316590478061698,0.0003,-0.9854605887085199,0.07490234375,0.8785459995269775,0.2,0.4999999867752196,0.1576320230960846
356,1.6561407300000002,64.0,1.5191855468749997,1.5812499999999996,278528,272,0.062064453125,16,780,2.080002652620897,2710,0.013591885,-0.003889515693299472,0.0003,-0.7313501173630357,0.10439453125,0.8763275146484375,0.2,0.49999999534338685,0.2877969741821289
357,1.87792213,64.0,1.4489599609374997,1.4999999999999996,279552,273,0.051040039062500014,16,781,1.5899564961902797,2720,0.006782153,-0.0014318884946987963,0.0003,-0.8396841378416866,0.080859375,0.8633415699005127,0.2,0.49999999199062595,0.7692980766296387
358,1.9217457499999995,64.0,1.3390644531249982,1.3999999999999984,280576,274,0.06093554687500001,16,782,0.7849224123172462,2730,0.0102758985,-0.003704571686103009,0.0003,-0.8860815281048418,0.0982421875,0.854968249797821,0.2,0.4999999564141034,0.25500762462615967
359,1.6848473199999996,64.0,1.1840908203124993,1.2593749999999995,281600,275,0.07528417968750001,16,783,1.669784240052104,2740,0.0038801234,-0.0031820891017559916,0.0003,-0.7859312294051051,0.029296875,0.8529224395751953,0.2,0.5000000046566128,2.4802210330963135
360,1.6024535800000002,64.0,2.265441406249999,2.299999999999999,282624,276,0.034558593750000005,16,784,1.5669046016409993,2750,0.0062282505,-0.003965397868887522,0.0003,-0.6909662920515984,0.04912109375,0.895034909248352,0.2,0.5000000143423674,0.2785036861896515
361,1.4856743500000005,64.0,1.3672880859374974,1.4593749999999972,283648,277,0.0920869140625,16,785,1.7636567555367946,2760,0.0057630846,-0.0007011560082901269,0.0003,-0.8730652557685972,0.0390625,0.7037736177444458,0.2,0.5000000242143868,0.3238617479801178
362,1.7753665199999997,64.0,3.3840244140624987,3.4187499999999984,284672,278,0.034725585937500004,16,786,1.6985993365291505,2770,0.014405011,-0.0040687159926164895,0.0003,-0.718206673162058,0.08330078125,0.872967004776001,0.2,0.5000000134110454,0.202229306101799
362,1.8559900999999999,64.0,1.472917968749999,1.531249999999999,285696,279,0.05833203125000001,16,787,1.2106419971212745,2780,0.00663473,-0.001649360911687836,0.0003,-0.8227215560153127,0.06572265625,0.7844046354293823,0.2,0.4999999925494195,0.119949571788311
363,1.7889444599999995,64.0,0.9035820312499991,0.9531249999999991,286720,280,0.04954296875000001,16,788,0.7700765519402921,2790,0.009229237,-0.0012989272916456684,0.0003,-0.8210007607005536,0.11630859375,0.9260697960853577,0.2,0.49999999087303854,0.23639065027236938
364,1.6904613499999999,64.0,1.1884003906249991,1.2343749999999991,287744,281,0.045974609374999996,16,789,0.5896149676991627,2800,0.010088112,-0.0003293541114544496,0.0003,-0.7948550613364205,0.1228515625,0.9421747922897339,0.2,0.49999997876584545,0.02920486219227314
365,1.69878838,64.0,1.136819335937498,1.196874999999998,288768,282,0.0600556640625,16,789,0.7828568839002401,2810,0.0075143124,-0.002807739796116948,0.0003,-0.8675537914969027,0.08955078125,0.9276135563850403,0.2,0.49999996479600656,1.3888190984725952
366,1.7234896400000002,64.0,2.8942470703125,2.9406249999999994,289792,283,0.046377929687500014,16,791,0.6224912356585264,2820,0.006507481,-0.002264090030803345,0.0003,-0.7827691761311144,0.06181640625,0.9387860298156738,0.2,0.49999998137354834,0.05855456367135048
367,1.54228088,64.0,1.0024999999999995,1.0718749999999995,290816,284,0.069375,16,791,2.2228425348177554,2830,0.0071175843,-0.0018602693395223468,0.0003,-0.8593197029549628,0.0927734375,0.7672743797302246,0.2,0.5000000214204195,0.27010414004325867
368,1.4747582299999997,64.0,1.4663896484374987,1.5499999999999987,291840,285,0.08361035156250002,16,792,0.8111809899564832,2840,0.0043524676,-0.0037568796920822932,0.0003,-0.7302132290787995,0.03203125,0.9281461238861084,0.2,0.4999999996274707,0.09357528388500214
368,1.5729807599999994,64.0,1.4958525390624988,1.5437499999999988,292864,286,0.047897460937500004,16,793,1.1432572099845857,2850,0.012170822,-0.0008723891281988472,0.0003,-0.7935940611874684,0.08125,0.9218297600746155,0.2,0.49999997820705167,0.18053089082241058
369,1.4392021400000001,64.0,1.188251953124999,1.2656249999999991,293888,287,0.07737304687500002,16,794,0.8500312395161018,2860,0.011632837,-0.0072113998874556275,0.0003,-0.8417316775768995,0.07685546875,0.9215109944343567,0.2,0.4999999662861226,0.7732380032539368
370,1.2945734100000001,64.0,-0.3143867187500011,-0.1937500000000011,294912,288,0.12063671875000002,16,795,0.775426989980042,2870,0.0037328803,-0.0034744785603834315,0.0003,-0.7169087328016758,0.03935546875,0.9516041278839111,0.2,0.5000000040978191,0.2512625455856323
371,0.92638859,64.0,0.6704570312499996,0.7374999999999996,295936,289,0.06704296875000001,16,796,1.5608913553878665,2880,0.0026999635,-0.0030356387927895413,0.0003,-0.5308037364622578,0.03828125,0.8971669673919678,0.2,0.500000022910535,0.36319541931152344
372,1.23303296,64.0,2.3733525390624974,2.4499999999999975,296960,290,0.07664746093750002,16,797,1.5796379474457354,2890,0.009277485,-3.36207973305136e-05,0.0003,-0.7273838964989409,0.08173828125,0.8718135356903076,0.2,0.4999999964609739,0.24029479920864105
373,1.17680829,64.0,2.0530585937499977,2.109374999999998,297984,291,0.056316406250000006,16,798,1.3359005872160197,2900,0.0051727286,-0.0050810457760235295,0.0003,-0.6140607754932716,0.042578125,0.8907055854797363,0.2,0.500000007450581,0.6215581297874451
374,1.33216907,64.0,1.9357910156249991,1.9968749999999993,299008,292,0.06108398437500001,16,799,1.524204953876324,2910,0.0061254078,-0.0018941375921713189,0.0003,-0.7118323344737292,0.05068359375,0.8739056587219238,0.2,0.499999991245568,0.3295743763446808
374,1.15547032,64.0,0.7601005859374994,0.8156249999999994,300032,293,0.05552441406250001,16,800,3.3013868321664632,2920,0.0045077866,-0.003203718658187427,0.0003,-0.6377608501818031,0.0546875,0.7675012350082397,0.2,0.5000000031664966,0.6100310683250427
,,,,,,,,,,0.8951939928578213,2930,0.007922413,-0.002738374873297289,0.0003,-0.7332235915586353,0.07373046875,0.9319446086883545,0.2,0.4999999662861228,0.36431583762168884
