economics/profit_mean,time/fps,time/time_elapsed,economics/inventory_penalty_total_mean,time/total_timesteps,rollout/ep_rew_mean,economics/episodes,time/iterations,economics/objective_mean,rollout/ep_len_mean,train/learning_rate,train/approx_kl,train/value_loss,train/loss,train/n_updates,train/entropy_loss,train/clip_fraction,train/clip_range,train/explained_variance,train/post_clip_gradient_norm,train/policy_gradient_loss
-0.7187500000000001,5100,0,0.06107226562500001,1024,-0.7798222499999999,16,1,-0.779822265625,64.0,,,,,,,,,,,
-0.6468750000000001,1280,1,0.054348632812500006,2048,-0.7405229687499999,16,2,-0.7012236328125002,64.0,0.0003,0.014195992,5.173662124108523,0.6298325061798096,10,-2.2986045822501184,0.059765625,0.2,-0.008054018020629883,0.4876438187435272,-0.005982132654753514
-0.3875000000000004,995,3,0.06665332031250003,3072,-0.6450664375,16,3,-0.45415332031250033,64.0,0.0003,0.008289082,3.6909363478887824,0.20432478189468384,20,-2.2781957000494004,0.03154296875,0.2,0.38361412286758423,0.49999994467943915,-0.005448610612074844
-1.2843750000000003,893,4,0.0679130859375,4096,-0.82187190625,16,4,-1.3522880859375002,64.0,0.0003,0.0096470285,4.828373368736356,0.9988088607788086,30,-2.2648315608501433,0.0279296875,0.2,0.33011966943740845,0.499999970383942,-0.0051020415936363864
-0.49062500000000064,853,5,0.055882812500000004,5120,-0.7667991000000001,16,5,-0.5465078125000007,64.0,0.0003,0.007816066,3.3078821997158228,0.14942872524261475,40,-2.2357832163572313,0.0697265625,0.2,0.4677320718765259,0.49999996870756186,-0.004312082103569992
1.1624999999999996,821,7,0.036111328125,6144,-0.45126781250000003,16,6,1.1263886718749996,64.0,0.0003,0.013022731,2.7526501198066398,1.8271350860595703,50,-2.2130387142300605,0.098828125,0.2,0.44909268617630005,0.4993442399427295,-0.006674049215507694
-0.5999999999999996,797,8,0.06816113281250001,7168,-0.49632631999999993,16,7,-0.6681611328124997,64.0,0.0003,0.0120883,2.010904993652366,0.1296808421611786,60,-2.190556313097477,0.09423828125,0.2,0.2629707455635071,0.4999999152496456,-0.004030670406064018
-1.1156250000000005,787,10,0.06067968750000001,8192,-0.5905616199999999,16,8,-1.1763046875000007,64.0,0.0003,0.011592223,4.1964450316037984,5.9828057289123535,70,-2.139741708338261,0.07275390625,0.2,0.2521747350692749,0.4999999813735485,-0.005291204267996364
-1.6843750000000004,777,11,0.07941015625,9216,-0.94533787,16,9,-1.7637851562500004,64.0,0.0003,0.009270136,2.4996009134221824,0.646893322467804,80,-2.0777473226189613,0.066796875,0.2,0.5738378763198853,0.49999997057020673,-0.0037032170657766983
0.8687500000000001,768,13,0.03694628906250001,10240,-0.46087364000000003,16,10,0.8318037109375003,64.0,0.0003,0.016386718,3.729210617020726,0.10210085660219193,90,-2.0674439176917074,0.05625,0.2,0.5635533332824707,0.49999999254941924,-0.00664717564068269
0.6593749999999994,764,14,0.03144238281250002,11264,-0.20998972,16,11,0.6279326171874995,64.0,0.0003,0.015617205,2.4411837102845313,0.03123137727379799,100,-2.0110253401100637,0.0921875,0.2,0.07402712106704712,0.49999997951090347,-0.004938496396061964
-2.5218749999999996,752,16,0.09701269531250001,12288,-0.7723578500000001,16,12,-2.6188876953124995,64.0,0.0003,0.0137057975,1.6761086168698967,0.29137176275253296,110,-1.9352263912558556,0.12626953125,0.2,0.30117255449295044,0.4999999307096003,-0.005145214690128341
-1.7312499999999995,744,17,0.07787207031250001,13312,-0.8688061399999999,16,13,-1.8091220703124995,64.0,0.0003,0.007492791,2.6056506177876146,2.0427565574645996,120,-1.9414965093135834,0.03779296875,0.2,0.5230733156204224,0.4999999819323421,-0.0032819630258018153
0.5125000000000004,741,19,0.0800908203125,14336,-0.7555670799999998,16,14,0.4324091796875006,64.0,0.0003,0.011146883,1.9987981930840761,1.927918791770935,130,-1.9446812354028225,0.07578125,0.2,0.6313474178314209,0.5000000011175871,-0.007495152662158944
-0.36875000000000013,736,20,0.043603515625000006,15360,-0.6161145600000002,16,15,-0.4123535156250001,64.0,0.0003,0.006765169,4.7762423500418665,0.10125190019607544,140,-1.8607360802590847,0.04150390625,0.2,0.42112255096435547,0.5000000016763801,-0.0034180217160610484
-0.1749999999999997,736,22,0.06986425781250002,16384,-0.48211062,16,16,-0.24486425781249965,64.0,0.0003,0.008109948,1.8414616850204766,0.5059719681739807,150,-1.8944047823548318,0.06943359375,0.2,0.5020066499710083,0.4999999769032,-0.005486818565987051
0.7843750000000007,732,23,0.0633408203125,17408,-0.53462734,16,17,0.7210341796875006,64.0,0.0003,0.01127254,4.187020108033903,8.759795188903809,160,-1.8285274147987365,0.1029296875,0.2,0.30568069219589233,0.4999999979510905,-0.0063440429890761155
-0.753125,730,25,0.0473427734375,18432,-0.5123457800000001,16,18,-0.8004677734374999,64.0,0.0003,0.010099556,2.1726898794993756,0.676149845123291,170,-1.7715064831078053,0.09736328125,0.2,0.5831692218780518,0.49999999348074203,-0.002733560246997513
0.3187500000000004,722,26,0.04971386718750001,19456,-0.13629122,16,19,0.26903613281250033,64.0,0.0003,0.009411762,1.0983454131055623,0.0737883448600769,180,-1.757094579935074,0.1154296875,0.2,0.7028855085372925,0.4999999610707165,-0.001324490993283689
-1.159374999999999,716,28,0.05700000000000001,20480,-0.14845745000000002,16,20,-1.216374999999999,64.0,0.0003,0.0069305394,1.7812120317365043,2.5441598892211914,190,-1.645372612029314,0.12021484375,0.2,0.7030400037765503,0.4999999674037097,-0.003205147446715273
0.03124999999999989,717,29,0.0405595703125,21504,-0.16450512000000006,16,21,-0.009309570312500182,64.0,0.0003,0.010800658,1.3357575400033965,0.6424083709716797,200,-1.626859237998724,0.1384765625,0.2,0.786568284034729,0.4999999713152647,-0.011765668200678193
-0.45624999999999993,717,31,0.06283203125,22528,-0.28490983,16,22,-0.51908203125,64.0,0.0003,0.010842107,1.17822844972834,0.13474585115909576,210,-1.5642156235873699,0.121484375,0.2,0.6952441930770874,0.49999996926635504,-0.009460546205809805
0.4031250000000002,713,33,0.04988378906250001,23552,-0.24494235000000014,16,23,0.35324121093750027,64.0,0.0003,0.009660467,1.0922389662009664,0.42240431904792786,220,-1.4916490472853183,0.08837890625,0.2,0.8575512766838074,0.49999997410923236,-0.008448922200477682
-0.734375,712,34,0.03844824218750001,24576,-0.3163421900000001,16,24,-0.7728232421875001,64.0,0.0003,0.005466545,2.16933080079034,1.0995773077011108,230,-1.4470728509128095,0.064453125,0.2,0.749679684638977,0.49999998975545173,-0.0067511881265090775
0.9593750000000001,714,35,0.02711914062500001,25600,-0.21099358999999995,16,25,0.9322558593750001,64.0,0.0003,0.004891987,0.8358982811914757,0.18330197036266327,240,-1.4413366429507732,0.04072265625,0.2,0.8461631536483765,0.4999999698251485,-0.004717873533081729
0.3437499999999999,714,37,0.025237304687500003,26624,-0.03848080000000013,16,26,0.3185126953124998,64.0,0.0003,0.015424247,0.7770847954088822,0.16656816005706787,250,-1.4679783336818217,0.135546875,0.2,0.8093626499176025,0.49999997895210985,-0.01254780136514455
-0.5125000000000003,715,38,0.023408203125000013,27648,-0.07516053000000013,16,27,-0.5359082031250003,64.0,0.0003,0.0058939354,1.2065940279280767,0.7287963628768921,260,-1.4032675601541995,0.036328125,0.2,0.79450523853302,0.49999997839331634,-0.0027994035131996497
-0.8968749999999995,714,40,0.0406904296875,28672,-0.12222070000000011,16,28,-0.9375654296874996,64.0,0.0003,0.005120489,0.7226737698307261,0.20062273740768433,270,-1.327250349521637,0.09541015625,0.2,0.8003082871437073,0.4999999623745682,-0.006282000620558392
-0.13750000000000007,715,41,0.03604101562500001,29696,-0.25609679,16,29,-0.17354101562500002,64.0,0.0003,0.0038167983,0.8006440148688853,0.1319318413734436,280,-1.3801975421607495,0.0423828125,0.2,0.8736724853515625,0.49999997429549675,-0.0019379721372388304
0.06562499999999968,714,42,0.01647851562500001,30720,-0.010922420000000045,16,30,0.049146484374999744,64.0,0.0003,0.016424822,1.1158030094578861,0.02697983756661415,290,-1.307378176599741,0.11044921875,0.2,0.738201916217804,0.49999997876584534,-0.008727402832300868
0.40937499999999993,715,44,0.0254677734375,31744,-0.07455181000000005,16,31,0.3839072265625,64.0,0.0003,0.006861274,0.504995023610536,0.37000760436058044,300,-1.2727564789354802,0.05068359375,0.2,0.831672728061676,0.4999999584630133,-0.0034756019536871462
0.10937500000000047,716,45,0.042478515625000005,32768,-0.12637854999999998,16,32,0.06689648437500043,64.0,0.0003,0.016751107,0.7619104418030475,-0.00035691261291503906,310,-1.304702701419592,0.16787109375,0.2,0.7968131899833679,0.49999996703118094,-0.009434452932327985
0.7937499999999998,715,47,0.03871875000000002,33792,0.045449129999999956,16,33,0.7550312499999999,64.0,0.0003,0.016476795,0.8702515941578894,1.028586983680725,320,-1.3532315246760844,0.082421875,0.2,0.8720334768295288,0.4999999798834326,-0.009331835436751135
0.5093750000000006,716,48,0.03074218750000001,34816,0.23918509000000004,16,34,0.4786328125000006,64.0,0.0003,0.015293326,1.592729749530554,0.5409310460090637,330,-1.3338822655379772,0.04765625,0.2,0.7803560495376587,0.4999999912455679,-0.004745334561448544
0.13437500000000074,717,49,0.045776367187500014,35840,0.29069259000000003,16,35,0.08859863281250069,64.0,0.0003,0.0076174196,1.0081981024239213,0.3429712951183319,340,-1.2830882951617242,0.03046875,0.2,0.8623498678207397,0.4999999772757291,-0.003730168750917073
0.27187500000000053,718,51,0.062505859375,36864,0.30978338,16,36,0.20936914062500056,64.0,0.0003,0.009804896,1.2325271368026733,0.14987577497959137,350,-1.2738008953630924,0.07451171875,0.2,0.8901160359382629,0.49999998342245816,-0.007373198232380673
0.5343750000000016,719,52,0.056403320312500005,37888,0.33050901000000005,16,37,0.47797167968750154,64.0,0.0003,0.010461254,0.9728700461797416,0.0763307511806488,360,-1.2003800809383391,0.06240234375,0.2,0.9007037878036499,0.49999995883554194,-0.007127799355657771
-0.20624999999999885,721,53,0.07395507812500002,38912,0.20804198999999998,16,38,-0.28020507812499884,64.0,0.0003,0.0090865735,1.4564315743278713,0.06780728697776794,370,-1.0667475782334805,0.1298828125,0.2,0.8820885419845581,0.49999996628612275,-0.009656117067788728
0.2218750000000022,722,55,0.06969921875000001,39936,0.21341637999999993,16,39,0.15217578125000214,64.0,0.0003,0.0074323346,1.0784860061481596,1.4664275646209717,380,-1.0273592971265315,0.05009765625,0.2,0.8774128556251526,0.4999999701976776,-0.004374711035052314
2.140625000000001,721,56,0.03634667968750001,40960,0.44697216999999995,16,40,2.104278320312501,64.0,0.0003,0.003482875,1.1026089461985975,0.19686591625213623,390,-0.9736611556261778,0.03916015625,0.2,0.8641999959945679,0.4999999761581421,-0.0016788317036116496
1.4062500000000007,722,58,0.06354296875000001,41984,0.5819750199999999,16,41,1.3427070312500007,64.0,0.0003,0.0035292408,1.2015515211503953,0.3947005271911621,400,-0.9717748280614614,0.038671875,0.2,0.8286172747612,0.4999999815598131,-0.0018482968269381672
2.4000000000000012,722,59,0.04654980468750001,43008,0.9900072299999998,16,42,2.3534501953125018,64.0,0.0003,0.0037118979,1.6856961554847658,0.1785932034254074,410,-0.879306336119771,0.04658203125,0.2,0.8458870053291321,0.5000000016763807,-0.0045584444145788435
1.8250000000000006,723,60,0.043302734375000006,44032,1.0872434800000002,16,43,1.7816972656250005,64.0,0.0003,0.0041834987,1.6692249722778798,0.6321117877960205,420,-0.8845806613564491,0.0390625,0.2,0.8672158122062683,0.49999999254941935,-0.003099925458081998
0.10625000000000095,720,62,0.06477050781250002,45056,1.31352645,16,44,0.0414794921875008,64.0,0.0003,0.0041624783,1.2712182436604054,0.2925509810447693,430,-0.9359190486371517,0.05625,0.2,0.8697068691253662,0.4999999936670065,-0.0031512589106569068
0.17500000000000124,719,64,0.08043554687500001,46080,1.2503707899999998,16,45,0.09456445312500111,64.0,0.0003,0.0015946219,1.1714260600041597,0.6842945218086243,440,-0.9615170393139124,0.0087890625,0.2,0.9106009006500244,0.4999999925494193,-0.0014750308517250232
0.7062500000000016,720,65,0.065353515625,47104,1.12211488,16,46,0.6408964843750016,64.0,0.0003,0.0022936575,1.5304146349430083,1.3147153854370117,450,-0.9289313416928053,0.01435546875,0.2,0.8879047632217407,0.5000000067055221,-0.0011623767728451639
-0.8156249999999965,721,66,0.11499804687500001,48128,0.7676701699999999,16,47,-0.9306230468749965,64.0,0.0003,0.0044111395,1.1858595676720143,0.7046142816543579,460,-0.8359208215028048,0.05087890625,0.2,0.9134235978126526,0.4999999767169357,-0.004368917836109177
-0.431249999999998,721,68,0.08169140625000001,49152,0.21198545999999996,16,48,-0.5129414062499981,64.0,0.0003,0.0045799273,1.3094699939712882,0.3921356797218323,470,-0.8687570821493864,0.0474609375,0.2,0.9309490919113159,0.4999999791383744,-0.005434384109685197
1.5687500000000008,723,69,0.0491435546875,50176,0.21701014999999996,16,49,1.519606445312501,64.0,0.0003,0.0028745858,1.3458400679752232,0.3247112035751343,480,-0.8219724949449301,0.02490234375,0.2,0.9026378989219666,0.5000000040978196,-0.004269046762783546
0.5218750000000023,723,70,0.07254199218750002,51200,0.27311499,16,50,0.4493330078125022,64.0,0.0003,0.0040889503,1.574924872815609,0.23986156284809113,490,-0.7622668355703354,0.03857421875,0.2,0.8741626739501953,0.5000000074505803,-0.006888535729376599
1.2468750000000002,723,72,0.030571289062500014,52224,0.40836704000000007,16,51,1.2163037109375003,64.0,0.0003,0.0024588432,1.3593416385352612,0.39507877826690674,500,-0.7066251039505005,0.0205078125,0.2,0.9146878123283386,0.5000000055879352,-0.0014831652864813805
0.34687500000000077,724,73,0.07260546875000001,53248,0.38343204999999997,16,52,0.27426953125000075,64.0,0.0003,0.0031480822,1.481536691635847,0.11099305748939514,510,-0.6655492875725031,0.025390625,0.2,0.8228709101676941,0.4999999808147552,-0.002923429134534672
0.5906250000000006,724,74,0.06053125000000001,54272,0.5900623399999999,16,53,0.5300937500000007,64.0,0.0003,0.002390481,1.3701593481935561,0.7025578618049622,520,-0.6764928076416254,0.02646484375,0.2,0.8776019215583801,0.4999999953433871,-0.0007701140770222991
1.5531250000000014,724,76,0.0742685546875,55296,0.8547072,16,54,1.478856445312501,64.0,0.0003,0.0025047162,1.122075602132827,0.36124393343925476,530,-0.6518107995390892,0.02548828125,0.2,0.9133113622665405,0.4999999968335035,-0.002246916855801828
1.4406250000000007,723,77,0.044529296875000006,56320,0.8515957900000001,16,55,1.3960957031250008,64.0,0.0003,0.0024614402,1.7616889065131545,0.1293226182460785,540,-0.6445538144558668,0.040625,0.2,0.8420541286468506,0.5000000022351739,-0.0037941476824926213
1.0093750000000015,723,79,0.0625498046875,57344,0.8902667299999998,16,56,0.9468251953125018,64.0,0.0003,0.002620394,1.6177172215655446,0.3315599262714386,550,-0.685802772641182,0.02265625,0.2,0.804207980632782,0.49999999869614825,-0.00042396427888888864
1.6593750000000003,723,80,0.05648242187500001,58368,1.0606489200000002,16,57,1.602892578125,64.0,0.0003,0.0024172782,1.4064890468493103,0.1466888189315796,560,-0.6710977714508772,0.01220703125,0.2,0.9005517959594727,0.49999999981373555,-0.0018792517992551438
0.8093749999999997,723,82,0.050685546875000015,59392,1.11284749,16,58,0.7586894531249999,64.0,0.0003,0.0026442446,2.2836745450273157,0.31273606419563293,570,-0.7159472476691008,0.0404296875,0.2,0.7877652049064636,0.5000000111758711,-0.0016286051424685866
1.6437500000000007,723,83,0.0642509765625,60416,1.2586223399999998,16,59,1.5794990234375006,64.0,0.0003,0.0042448905,0.9530403333948925,0.5878206491470337,580,-0.7280529491603375,0.03583984375,0.2,0.8881916403770447,0.4999999858438969,-0.0008526966586941854
1.2750000000000012,723,84,0.057388671875000005,61440,1.28232841,16,60,1.2176113281250016,64.0,0.0003,0.0029376685,3.5090428688563406,3.702869176864624,590,-0.7395587768405676,0.03134765625,0.2,0.7462711334228516,0.5000000158324833,-0.004223380499752238
0.02812500000000051,721,86,0.09327246093750001,62464,1.06824904,16,61,-0.06514746093749957,64.0,0.0003,0.0018600287,1.8392399641685189,0.8100700974464417,600,-0.6971614252775907,0.01533203125,0.2,0.8599551916122437,0.500000008940697,-0.0024576795607572422
1.3843750000000004,720,88,0.05817382812500001,63488,1.21085732,16,62,1.326201171875,64.0,0.0003,0.004188761,0.9415476582944393,0.10761389881372452,610,-0.7301602337509394,0.02998046875,0.2,0.948487401008606,0.4999999854713679,-0.002220346865942702
0.8625000000000003,720,89,0.07620019531250002,64512,1.01868075,16,63,0.7862998046875003,64.0,0.0003,0.0023569148,1.6062105583027004,0.48992934823036194,620,-0.7464526280760765,0.02412109375,0.2,0.8775342106819153,0.5000000126659863,-0.002481294472818263
1.6718750000000018,719,91,0.07823535156250001,65536,1.0516132599999999,16,64,1.593639648437502,64.0,0.0003,0.0024104659,1.432342557888478,0.6854349374771118,630,-0.7918848868459463,0.029296875,0.2,0.9022150039672852,0.49999999795109024,-0.0015421145275468008
3.056250000000001,719,92,0.040057617187500005,66560,1.4343551099999998,16,65,3.016192382812501,64.0,0.0003,0.004880836,3.180912122409791,2.9991965293884277,640,-0.7503944545984268,0.045703125,0.2,0.7635644674301147,0.5000000206753613,-0.0023733401874778794
0.715625000000002,720,93,0.08458789062500002,67584,1.15670293,16,66,0.6310371093750021,64.0,0.0003,0.0014013216,2.3143862640485167,0.2786174714565277,650,-0.7589671649038792,0.0232421875,0.2,0.6613940000534058,0.5000000098720195,-0.0012268884558579885
-2.090624999999998,720,95,0.1537734375,68608,0.7806951200000001,16,67,-2.244398437499998,64.0,0.0003,0.0023392001,1.8225706834346056,0.35163551568984985,660,-0.7066920924931764,0.02587890625,0.2,0.8192626237869263,0.5000000014901157,-0.0013283822307130321
-0.024999999999999023,719,96,0.0801318359375,69632,0.6837655900000001,16,68,-0.10513183593749886,64.0,0.0003,0.0025586425,1.1402439828962088,1.3728059530258179,670,-0.7211225356906652,0.03583984375,0.2,0.9408376216888428,0.49999998491257436,-0.002262950262229424
-1.1124999999999994,719,98,0.0908154296875,70656,0.39272591000000007,16,69,-1.2033154296874995,64.0,0.0003,0.009524563,1.0207101526670157,0.14171727001667023,680,-0.7732900001108647,0.03349609375,0.2,0.9244619607925415,0.49999998398125184,-0.004389014648040757
1.590625000000001,718,99,0.06119824218750001,71680,0.37875513000000005,16,70,1.5294267578125011,64.0,0.0003,0.0034004485,1.1204908558167517,0.2740590572357178,690,-0.8993960186839104,0.0625,0.2,0.9168932437896729,0.5000000011175871,-0.002577209720038809
-0.9281249999999976,718,101,0.1079853515625,72704,-0.16539895000000002,16,71,-1.0361103515624976,64.0,0.0003,0.004394046,2.526449101418257,0.14114989340305328,700,-0.8492672331631184,0.05283203125,0.2,0.7619816660881042,0.500000022351742,-0.003261365456273779
1.228125000000001,718,102,0.06872558593750001,73728,-0.27698864,16,72,1.159399414062501,64.0,0.0003,0.0045362627,0.8740479129366576,0.1869802474975586,710,-0.8486304946243763,0.04560546875,0.2,0.9434471726417542,0.49999997746199387,-0.0018096074723871424
0.12187500000000037,718,104,0.08821289062500001,74752,-0.006172850000000079,16,73,0.03366210937500036,64.0,0.0003,0.0022062182,1.5714981337077916,0.28801459074020386,720,-0.9530481047928333,0.06494140625,0.2,0.8673350214958191,0.5000000011175871,-0.002599854610161856
-0.1499999999999984,718,105,0.10245507812500002,75776,0.04999901999999994,16,74,-0.25245507812499834,64.0,0.0003,0.0048541897,0.9657806094735861,0.4121241271495819,730,-0.9946323972195387,0.05390625,0.2,0.9230484366416931,0.5000000057742003,-0.003181282852892764
0.8875000000000014,717,106,0.066916015625,76800,0.2876704499999999,16,75,0.8205839843750016,64.0,0.0003,0.0048707426,1.0487633647862822,0.23783808946609497,740,-0.9826368007808923,0.0865234375,0.2,0.9281280040740967,0.5000000178813934,-0.006593718929798343
0.5656250000000027,717,108,0.09339746093750001,77824,0.32861453999999996,16,76,0.4722275390625026,64.0,0.0003,0.004981528,1.1870406570844352,0.3451273739337921,750,-0.9002719681710005,0.05,0.2,0.9065520763397217,0.4999999990686776,-0.00543707191827707
0.46875000000000067,718,109,0.05957812500000002,78848,0.39307717000000003,16,77,0.40917187500000063,64.0,0.0003,0.004566501,1.5765901720151305,0.1786976456642151,760,-0.8900606784969568,0.05126953125,0.2,0.9130703210830688,0.5000000068917868,-0.0033985621063038706
3.7249999999999996,717,111,0.03205859375,79872,0.82576283,16,78,3.69294140625,64.0,0.0003,0.0026117153,1.604242531489581,0.1982974112033844,770,-0.9371859785169363,0.051953125,0.2,0.884954571723938,0.500000003911555,-0.0028666944737778975
0.837500000000001,717,112,0.08546386718750001,80896,0.9048385999999999,16,79,0.7520361328125009,64.0,0.0003,0.0039287526,2.3935119975358248,0.2185925543308258,780,-0.9842099953442812,0.04638671875,0.2,0.6530003547668457,0.5000000055879356,-0.00026903792459052054
1.1031250000000012,717,114,0.055515625000000006,81920,1.0767104699999999,16,80,1.0476093750000013,64.0,0.0003,0.0045945304,1.690245300810784,0.5291429758071899,790,-0.9717728603631258,0.026953125,0.2,0.8493497371673584,0.5000000204890966,-0.0033445354871219023
1.253125000000002,717,115,0.08229882812500003,82944,1.2300198199999999,16,81,1.1708261718750022,64.0,0.0003,0.0050820922,1.2428652327042073,0.30318254232406616,800,-0.9306518234312534,0.05751953125,0.2,0.8875287175178528,0.5000000044703485,-5.1499973051249984e-05
0.18437500000000162,717,117,0.097708984375,83968,1.1321195,16,82,0.08666601562500142,64.0,0.0003,0.004707167,1.3326701119542121,0.40970855951309204,810,-0.9815639097243547,0.05205078125,0.2,0.9098107814788818,0.5000000193715093,-0.0014126048452453687
0.8593750000000009,717,118,0.0551416015625,84992,1.36843215,16,83,0.8042333984375009,64.0,0.0003,0.0050876667,1.6818306144326924,0.8253969550132751,820,-0.9398457758128643,0.0638671875,0.2,0.8948760032653809,0.5000000081956387,-0.0033966936432989316
0.4562500000000015,716,119,0.09232812500000001,86016,0.8006543399999999,16,84,0.3639218750000014,64.0,0.0003,0.004301153,1.659961810335517,1.5982389450073242,830,-0.859295105561614,0.03349609375,0.2,0.8138068318367004,0.5000000156462191,-0.0034496781998313965
1.0000000000000018,716,121,0.0863681640625,87040,0.6946365199999999,16,85,0.9136318359375017,64.0,0.0003,0.0043297214,1.2835569019429385,0.9181650280952454,840,-0.8466237898916006,0.046875,0.2,0.9005733728408813,0.4999999992549422,-0.004020962520735338
2.1000000000000023,716,122,0.0694267578125,88064,0.9463954399999999,16,86,2.0305732421875025,64.0,0.0003,0.0021810061,1.2628547843545674,0.9457366466522217,850,-0.81267881244421,0.0236328125,0.2,0.9218801259994507,0.5000000035390263,-0.0026329908694606276
0.6187500000000021,716,124,0.07379296875000001,89088,0.8413460599999999,16,87,0.5449570312500023,64.0,0.0003,0.0023134495,2.312309043109417,0.08604130893945694,860,-0.79424347281456,0.01962890625,0.2,0.844081461429596,0.5000000219792129,-0.0017019507242366672
0.2687500000000016,716,125,0.057550781250000016,90112,0.78622761,16,88,0.21119921875000136,64.0,0.0003,0.0023299982,2.2143508847802877,0.28834959864616394,870,-0.8127454351633787,0.01640625,0.2,0.8468214869499207,0.5000000180676576,-0.0013966477134090382
0.9781250000000001,716,127,0.06953320312500001,91136,0.8450301399999998,16,89,0.9085917968750002,64.0,0.0003,0.0034921677,1.2099569054320454,0.29890838265419006,880,-0.8453468818217516,0.057421875,0.2,0.9055753946304321,0.5000000113621352,-0.002891358983470127
1.2281250000000012,716,128,0.06052636718750001,92160,0.9003856100000001,16,90,1.1675986328125014,64.0,0.0003,0.0057776524,1.3684401791542768,1.7381123304367065,890,-0.86116314381361,0.0751953125,0.2,0.8771405220031738,0.5000000128522516,-0.006913873218582012
-0.6624999999999972,716,130,0.11014355468750003,93184,0.78441406,16,91,-0.7726435546874971,64.0,0.0003,0.0036467724,1.1295917401090265,0.48898619413375854,900,-0.9724267676472664,0.040625,0.2,0.8671146631240845,0.5000000238418586,-0.0011674248729832471
-0.23124999999999868,716,131,0.08572460937500001,94208,0.3752525199999999,16,92,-0.3169746093749987,64.0,0.0003,0.0032002404,1.1128105609677732,1.1916449069976807,910,-0.9680676966905594,0.0552734375,0.2,0.9449686408042908,0.5000000180676583,-0.002396660851081833
-0.1937499999999982,715,133,0.08137695312500001,95232,0.09269489,16,93,-0.27512695312499824,64.0,0.0003,0.0019788246,1.060175788681954,0.36703068017959595,920,-0.9883049994707107,0.0283203125,0.2,0.9335262179374695,0.5000000115483995,-0.0012473850511014462
0.7875000000000015,715,134,0.0683427734375,96256,0.25811816,16,94,0.7191572265625016,64.0,0.0003,0.0032637778,1.2865819352678955,1.2612476348876953,930,-0.9278600718826056,0.06220703125,0.2,0.8862570524215698,0.5000000165775423,-0.0062928277111495845
2.2375,714,136,0.0363369140625,97280,0.5239070700000001,16,95,2.2011630859375,64.0,0.0003,0.0055640964,1.845149152353406,0.4452730417251587,940,-0.9284819763153791,0.05166015625,0.2,0.881094217300415,0.5000000182539222,-0.0040203505282988775
1.115625000000001,714,137,0.04242578125000001,98304,0.37376737000000004,16,96,1.073199218750001,64.0,0.0003,0.004878005,1.9335503505077214,0.7540634870529175,950,-0.8795048154890537,0.05458984375,0.2,0.7750555872917175,0.5000000154599543,-0.003667344499262981
-0.537499999999999,714,139,0.09059863281250001,99328,0.46038393,16,97,-0.6280986328124989,64.0,0.0003,0.0032956898,1.2969586454331874,0.401858389377594,960,-0.9523481536656618,0.055078125,0.2,0.8229286074638367,0.4999999975785613,-0.0012151740840636194
-0.053124999999997924,714,140,0.092830078125,100352,0.5076137699999999,16,98,-0.14595507812499797,64.0,0.0003,0.0037133726,1.4477559196762742,0.1849518120288849,970,-0.9744206670671701,0.06943359375,0.2,0.8861920237541199,0.500000004284084,-0.003853611944941804
-0.2562499999999992,713,142,0.066267578125,101376,0.4523942199999999,16,99,-0.32251757812499926,64.0,0.0003,0.005843492,1.4220482947770505,0.2930789589881897,980,-1.0528817918151616,0.10380859375,0.2,0.8950515389442444,0.5000000199303027,-0.006550700319348834
0.8781250000000016,713,143,0.0803642578125,102400,0.49171611000000015,16,100,0.7977607421875016,64.0,0.0003,0.002853398,1.0425983553752303,0.3203173577785492,990,-1.116249719262123,0.0400390625,0.2,0.8933413624763489,0.5000000091269617,-0.005722647860238794
1.2500000000000007,713,144,0.047677734375,103424,0.35704691000000005,16,101,1.2023222656250008,64.0,0.0003,0.0069297273,3.0263682378456,3.426252841949463,1000,-1.2229193590581418,0.09814453125,0.2,0.7780304551124573,0.5000000119209287,-0.0059825923759490255
0.26875000000000193,713,146,0.07186425781250001,104448,0.20237566999999998,16,102,0.196885742187502,64.0,0.0003,0.004297016,1.2880963121540845,0.2687991261482239,1010,-1.1585036650300027,0.023046875,0.2,0.8744094371795654,0.5000000178813933,-0.0037078139401273804
0.8593750000000012,713,147,0.070806640625,105472,0.3541039299999999,16,103,0.7885683593750012,64.0,0.0003,0.004402024,2.7229477105662228,0.13338378071784973,1020,-1.1779014348983765,0.06328125,0.2,0.812231719493866,0.500000013411045,-0.0017118050105636939
-0.7593749999999988,713,149,0.09744433593750002,106496,0.22224485000000002,16,104,-0.8568193359374989,64.0,0.0003,0.0033533021,2.484569856058806,0.8852739930152893,1030,-1.0768673811107874,0.052734375,0.2,0.793708086013794,0.5000000078231096,-0.0019155803121975624
0.006250000000000422,712,150,0.0618779296875,107520,0.34672376000000005,16,105,-0.05562792968749952,64.0,0.0003,0.002330685,0.9178642449434846,0.29803282022476196,1040,-1.03237757794559,0.0359375,0.2,0.9104304313659668,0.5000000040978193,-0.003278183839574922
-0.09687499999999899,712,152,0.060906250000000016,108544,0.17419748999999998,16,106,-0.15778124999999887,64.0,0.0003,0.0047487854,1.4052673359867185,0.13984349370002747,1050,-1.0720960684120655,0.0919921875,0.2,0.8546190857887268,0.5000000089406965,-0.002101726795081049
1.9312499999999997,712,153,0.03797753906250001,109568,0.2613917,16,107,1.8932724609374993,64.0,0.0003,0.0056511564,0.7843498738948256,0.09571151435375214,1060,-1.0286999803036452,0.05751953125,0.2,0.8982649445533752,0.49999999441206466,-0.003269255731720477
-0.146874999999999,712,155,0.05564257812500002,110592,0.31615481999999995,16,108,-0.202517578124999,64.0,0.0003,0.00954535,1.1008023431990295,0.11529307067394257,1070,-0.9259487096220255,0.1134765625,0.2,0.862564742565155,0.4999999914318322,-0.006080399248457979
0.23437500000000078,712,156,0.05465429687500002,111616,0.12883684999999995,16,109,0.17972070312500082,64.0,0.0003,0.00394675,0.5631764731835573,0.1272190809249878,1080,-0.9332336384803057,0.07080078125,0.2,0.9358041882514954,0.4999999882653355,-0.003966385932289995
0.09375000000000211,711,158,0.06528320312500002,112640,0.26620967999999995,16,110,0.028466796875002143,64.0,0.0003,0.0035809986,0.9839265706483274,0.15801399946212769,1090,-0.9484484519809484,0.0150390625,0.2,0.8725910782814026,0.49999997969716814,-0.0015929445711662994
-0.003124999999998157,711,159,0.09360742187500001,113664,0.15746311000000002,16,111,-0.09673242187499831,64.0,0.0003,0.008351116,0.8076525521930307,0.8875176906585693,1100,-0.9191088270395994,0.0794921875,0.2,0.9178908467292786,0.4999999919906258,-0.004647442602436058
-1.0343749999999985,709,161,0.11919433593749999,114688,0.15673279999999995,16,112,-1.1535693359374983,64.0,0.0003,0.0061663883,0.811326819518581,0.09702884405851364,1110,-0.8371236257255077,0.04462890625,0.2,0.9262757897377014,0.5000000126659865,-0.006384224584326148
1.5281250000000002,708,163,0.059978515625000006,115712,0.13221779999999994,16,113,1.468146484375,64.0,0.0003,0.0046990616,0.8719784202054143,0.8717115521430969,1120,-0.8078369043767453,0.06103515625,0.2,0.9368472695350647,0.500000005587936,-0.0019440094096353278
0.7718750000000003,707,164,0.07063378906250001,116736,0.17789623,16,114,0.7012412109375007,64.0,0.0003,0.0040061204,0.9170110520441085,0.6367062926292419,1130,-0.819548723846674,0.055859375,0.2,0.927024781703949,0.5000000189989805,-0.0048755442927358675
1.1250000000000009,707,166,0.042646484375000016,117760,0.29991515,16,115,1.0823535156250008,64.0,0.0003,0.0053192293,1.4036297477781772,0.10324282199144363,1140,-0.8164546877145767,0.0767578125,0.2,0.9203926920890808,0.5000000357627872,-0.00803394974063849
0.36562500000000175,706,168,0.08605175781250002,118784,0.35864890000000005,16,116,0.27957324218750174,64.0,0.0003,0.0036564893,1.1520851821638645,0.34270626306533813,1150,-0.769619221240282,0.05068359375,0.2,0.8776336312294006,0.5000000165775421,-0.0023695663141552357
1.2031250000000013,705,169,0.07180957031250002,119808,0.47042518000000016,16,117,1.1313154296875014,64.0,0.0003,0.002083595,1.3532650496810674,0.9347745180130005,1160,-0.7487387858331204,0.01416015625,0.2,0.8915232419967651,0.5000000450760121,-0.0033941227811737917
1.1375000000000004,705,171,0.050963867187500005,120832,0.8631551900000001,16,118,1.0865361328125003,64.0,0.0003,0.001971819,1.261010911501944,0.15691892802715302,1170,-0.7663288332521916,0.0259765625,0.2,0.9140621423721313,0.4999999957159159,-0.0024457348947180433
0.7156250000000017,705,172,0.10054687500000001,121856,0.7725316099999999,16,119,0.6150781250000017,64.0,0.0003,0.0013969506,1.117071319743991,0.4702531695365906,1180,-0.7084960591048002,0.01611328125,0.2,0.865721583366394,0.5000000096857548,-0.0020251711350283584
0.7093750000000023,705,174,0.0718408203125,122880,0.6821792799999998,16,120,0.6375341796875025,64.0,0.0003,0.0034336813,1.5603593281470238,0.8287283778190613,1190,-0.7753269996494054,0.02470703125,0.2,0.9083982706069946,0.5000000176951287,-0.003756944556516828
0.9187500000000002,705,175,0.0444501953125,123904,0.82489819,16,121,0.8742998046874999,64.0,0.0003,0.002550426,1.2226653607562183,0.21021270751953125,1200,-0.7659379985183478,0.0302734375,0.2,0.895534873008728,0.5000000210478902,-0.003472749431966804
1.95,704,177,0.05921679687500001,124928,0.9768992899999998,16,122,1.890783203125,64.0,0.0003,0.0039062914,1.0948567763902246,0.3729107677936554,1210,-0.7204770356416702,0.0267578125,0.2,0.8795031309127808,0.5000000255182385,-0.0038778915390139447
1.1062500000000022,705,178,0.06610449218750002,125952,0.99836536,16,123,1.0401455078125021,64.0,0.0003,0.0034470079,1.6522329522296786,0.43441104888916016,1220,-0.7423434216529131,0.05185546875,0.2,0.8470174670219421,0.5000000255182383,-0.0035588932820246554
0.20312500000000155,705,180,0.09543750000000001,126976,0.9125699,16,124,0.10768750000000166,64.0,0.0003,0.0027638965,1.5285898447036743,0.3598306179046631,1230,-0.780297102034092,0.01591796875,0.2,0.8780662417411804,0.5000000294297937,-0.0003951878912630491
0.43437500000000195,705,181,0.0731396484375,128000,0.8292023900000001,16,125,0.36123535156250186,64.0,0.0003,0.0025529359,1.398716394882649,1.172837257385254,1240,-0.8237269509583711,0.02939453125,0.2,0.924812376499176,0.500000014156103,-0.0023264651317731477
1.9375,704,183,0.071119140625,129024,1.01735113,16,126,1.8663808593750002,64.0,0.0003,0.0063876123,1.2956538021564483,0.34890854358673096,1250,-0.852679118514061,0.0564453125,0.2,0.8858051300048828,0.5000000122934585,-0.005507925772690214
-1.856249999999997,704,184,0.1369697265625,130048,0.6261325600000001,16,127,-1.9932197265624974,64.0,0.0003,0.0021567843,2.3338378701359033,0.7041312456130981,1260,-0.9132877647876739,0.060546875,0.2,0.851211667060852,0.5000000139698384,0.000646074564429
1.5218750000000005,704,185,0.057873046875000014,131072,0.5191827100000002,16,128,1.4640019531250004,64.0,0.0003,0.0026282866,1.4550329721532762,0.1678701490163803,1270,-0.9566831275820732,0.01416015625,0.2,0.9256867170333862,0.5000000139698387,-0.000184269854798913
1.0750000000000026,704,187,0.06984960937500001,132096,0.49168285999999994,16,129,1.0051503906250026,64.0,0.0003,0.007837079,1.4454146075993777,0.40604305267333984,1280,-0.8696605458855629,0.0845703125,0.2,0.7710914015769958,0.5000000100582838,-0.0051419568597339095
-1.190624999999998,704,188,0.13263281250000003,133120,0.20639537,16,130,-1.323257812499998,64.0,0.0003,0.0043140547,3.798012902587652,0.5798526406288147,1290,-0.7899340137839317,0.02265625,0.2,0.7450299263000488,0.5000000283122068,-0.00027290533180348577
0.16250000000000053,704,190,0.0887099609375,134144,0.17161974999999996,16,131,0.07379003906250059,64.0,0.0003,0.0031599295,1.0674028871580958,0.3027443289756775,1300,-0.8178706511855125,0.02353515625,0.2,0.9280635118484497,0.5000000104308124,-0.0033899159578140827
1.115625000000001,704,191,0.048230468750000005,135168,0.0626496,16,132,1.067394531250001,64.0,0.0003,0.005212512,1.1303191827610135,0.7290694713592529,1310,-0.8442269138991833,0.0509765625,0.2,0.9398539066314697,0.5000000061467287,-0.0023548832105007023
0.32187500000000185,704,193,0.08087597656250002,136192,0.23756895,16,133,0.2409990234375023,64.0,0.0003,0.0041431226,1.0723801267333328,0.19402825832366943,1320,-0.8125339526683092,0.046484375,0.2,0.891243040561676,0.5000000044703485,-0.005098201837972738
0.3906250000000032,704,194,0.06975683593750001,137216,0.29366314999999993,16,134,0.3208681640625032,64.0,0.0003,0.0015648975,1.6487645946443081,0.6416701078414917,1330,-0.7823475632816553,0.01689453125,0.2,0.888789713382721,0.5000000262632964,-0.0031896832733764313
2.33125,704,196,0.037272460937500015,138240,0.4481806599999998,16,135,2.2939775390625003,64.0,0.0003,0.0023867087,1.187598980590701,1.496504545211792,1340,-0.8092036921530962,0.00869140625,0.2,0.8928585052490234,0.5000000150874253,-0.001365892874309793
0.0937500000000015,704,197,0.07096875000000001,139264,0.55153332,16,136,0.022781250000001474,64.0,0.0003,0.0077802064,2.305366423446685,1.1297328472137451,1350,-0.8445681978017092,0.12041015625,0.2,0.7563621401786804,0.5000000180676584,-0.00982240297307726
0.08437500000000153,704,199,0.11235058593750001,140288,0.6731944,16,137,-0.02797558593749852,64.0,0.0003,0.005301196,1.2861016020178795,0.6093300580978394,1360,-0.7549616385251283,0.03798828125,0.2,0.8549503087997437,0.5000000130385163,-0.003995351484627463
-0.359374999999998,704,200,0.0943359375,141312,0.44459315,16,138,-0.453710937499998,64.0,0.0003,0.0037953325,1.0807383975479752,1.1865828037261963,1370,-0.6529125016182661,0.03388671875,0.2,0.9302860498428345,0.5000000137835744,-0.0016003754979465156
-0.43749999999999784,704,202,0.0951689453125,142336,0.27774331,16,139,-0.532668945312498,64.0,0.0003,0.0035913931,0.7846880846656858,0.8196806311607361,1380,-0.6238586805760861,0.03974609375,0.2,0.9318071603775024,0.500000009126961,-0.0030005878215888515
1.2375000000000025,704,203,0.06642285156250001,143360,0.35282785999999994,16,140,1.1710771484375024,64.0,0.0003,0.0048624426,1.4461633526720106,0.2919895350933075,1390,-0.5388322401791811,0.08427734375,0.2,0.8984054923057556,0.5000000108033416,-0.0021324933346477336
1.3156250000000016,704,204,0.095748046875,144384,0.33411909,16,141,1.2198769531250018,64.0,0.0003,0.0027840333,1.1593751948326827,1.3522400856018066,1400,-0.5037318741902709,0.02626953125,0.2,0.9135259985923767,0.5000000171363351,-0.0036337404962978326
2.815625,704,206,0.04481835937500002,145408,0.6939256300000001,16,142,2.7708066406249996,64.0,0.0003,0.0022552903,1.6732332380488515,0.11587013304233551,1410,-0.450356350466609,0.020703125,0.2,0.9170746803283691,0.5000000184401868,-0.003584885066084098
2.0875000000000012,704,207,0.05058984375,146432,1.0006525000000002,16,143,2.036910156250001,64.0,0.0003,0.0009409437,2.2239095989614723,0.4409931004047394,1420,-0.47344255093485116,0.00458984375,0.2,0.7250543832778931,0.5000000370666385,-0.0012283392308745534
1.3031250000000008,703,209,0.06925292968750002,147456,1.20294967,16,144,1.2338720703125006,64.0,0.0003,0.00074642664,1.2787098437547684,0.0696396753191948,1430,-0.5104778671637178,0.009765625,0.2,0.8732571005821228,0.5000000162050127,-0.0019445664074737579
-0.1937499999999972,704,210,0.08561425781250001,148480,1.2146362199999998,16,145,-0.2793642578124972,64.0,0.0003,0.0022926186,1.1852629974484443,0.39667680859565735,1440,-0.4680439239367843,0.01513671875,0.2,0.9243732690811157,0.5000000102445483,-0.0033129019982879983
0.037500000000001865,704,212,0.0652734375,149504,1.0824210600000002,16,146,-0.027773437499998166,64.0,0.0003,0.00089494494,0.9805134131107479,0.3751940429210663,1450,-0.43513669110834596,0.00751953125,0.2,0.9399552941322327,0.5000000109896062,-0.0002345383065403439
1.1593750000000016,704,213,0.07051562500000001,150528,1.3444903000000001,16,147,1.0888593750000013,64.0,0.0003,0.0019431163,0.918790391087532,0.5524755716323853,1460,-0.42835555542260406,0.0234375,0.2,0.932969868183136,0.5000000128522517,-0.0013275095407152548
0.13125000000000275,704,214,0.1001884765625,151552,0.7407093599999998,16,148,0.031061523437502903,64.0,0.0003,0.0014992799,1.053875045850873,0.4280375838279724,1470,-0.3803085196763277,0.0177734375,0.2,0.9313194751739502,0.5000000197440384,-0.0038461290649138393
1.1593750000000012,704,216,0.05315527343750001,152576,0.5821888899999998,16,149,1.1062197265625011,64.0,0.0003,0.0012231241,1.730309220403433,0.22644518315792084,1480,-0.3553710587322712,0.00537109375,0.2,0.8784132599830627,0.5000000413507222,-0.0012812360975658521
1.9718750000000012,705,217,0.06583007812500001,153600,0.57204203,16,150,1.9060449218750013,64.0,0.0003,0.003070591,1.6283202189486474,1.2814565896987915,1490,-0.33001858051866295,0.0283203125,0.2,0.8623436689376831,0.5000000124797227,-0.002846240128565114
0.49375000000000313,705,219,0.09980371093750001,154624,0.6672537700000001,16,151,0.3939462890625032,64.0,0.0003,0.0006622005,2.3808740312233567,1.5883572101593018,1500,-0.3087793169543147,0.003125,0.2,0.8175326585769653,0.5000000322237608,-0.0011104621313279494
1.3156250000000014,704,220,0.06334570312500001,155648,0.8426695199999998,16,152,1.2522792968750012,64.0,0.0003,0.0019723498,1.3094377387780696,0.3756476640701294,1510,-0.2720650017261505,0.0345703125,0.2,0.8740265369415283,0.5000000208616253,-0.005807969666784629
0.4750000000000032,703,222,0.10968457031250001,156672,0.91146187,16,153,0.36531542968750313,64.0,0.0003,0.0005143116,1.1914093845756724,1.28693687915802,1520,-0.29485654216259716,0.0173828125,0.2,0.8848292827606201,0.5000000115484001,-0.0018946392941870728
0.4125000000000011,703,224,0.0887978515625,157696,0.94294843,16,154,0.32370214843750106,64.0,0.0003,0.0013132165,1.233214108645916,0.2525346279144287,1530,-0.25932766376063227,0.0078125,0.2,0.9255574345588684,0.5000000253319737,-0.0024093853950034826
0.9218750000000022,703,225,0.07360644531250002,158720,0.7592250000000001,16,155,0.8482685546875022,64.0,0.0003,0.0023070497,1.173524087574333,0.6089833378791809,1540,-0.2536543198861182,0.01875,0.2,0.9209102988243103,0.5000000197440384,-0.0019437085429672152
1.14375,703,227,0.0689912109375,159744,0.70926173,16,156,1.0747587890625,64.0,0.0003,0.0018212458,1.5628391575999558,0.4395256042480469,1550,-0.22486810395494103,0.01630859375,0.2,0.8777764439582825,0.5000000288709991,-0.0021505040625925177
0.8093750000000008,703,228,0.07840625,160768,0.80736846,16,157,0.730968750000001,64.0,0.0003,0.0015723947,1.2685453496873378,0.09086330980062485,1560,-0.22400827528908848,0.01455078125,0.2,0.8961811661720276,0.500000015832484,-0.0007168689044192433
0.8187500000000016,702,230,0.077646484375,161792,0.6477876800000001,16,158,0.7411035156250015,64.0,0.0003,0.000673027,1.029136532638222,1.3782364130020142,1570,-0.20594544624909758,0.01376953125,0.2,0.9316110014915466,0.5000000312924386,-0.0020203830645186827
0.6593750000000026,702,231,0.09691992187500001,162816,0.7044351600000002,16,159,0.5624550781250028,64.0,0.0003,0.001003214,1.8215400462970137,1.8583035469055176,1580,-0.1810989560559392,0.0123046875,0.2,0.8669958710670471,0.5000000286847354,-0.002396815719839651
0.21562500000000265,702,233,0.10790429687500001,163840,0.6231904699999999,16,160,0.10772070312500262,64.0,0.0003,0.0014029851,1.9001766194589436,0.4764207899570465,1590,-0.20828909911215304,0.01591796875,0.2,0.8591469526290894,0.5000000361353163,-0.0025474982016021387
0.3593750000000025,701,234,0.076783203125,164864,0.5379984600000001,16,161,0.28259179687500235,64.0,0.0003,0.0013196034,1.4266267573460936,0.33079278469085693,1600,-0.19817724553868174,0.0142578125,0.2,0.9046460390090942,0.5000000253319744,-0.0009169711105641909
1.4125000000000016,702,236,0.08139355468750004,165888,0.6689042399999999,16,162,1.3311064453125017,64.0,0.0003,0.00049830705,0.8445717788301408,1.1701316833496094,1610,-0.19676784751936793,0.0123046875,0.2,0.918847382068634,0.5000000154599544,-0.0012236263923114167
0.668750000000002,701,237,0.06945507812500001,166912,0.6142340900000001,16,163,0.5992949218750021,64.0,0.0003,0.0005030689,1.3081891109235584,1.6759146451950073,1620,-0.20961731364950537,0.0138671875,0.2,0.9142504334449768,0.5000000167638066,-0.0011451980302808807
2.121875000000001,702,239,0.06834570312499999,167936,0.7933253299999999,16,164,2.053529296875001,64.0,0.0003,0.00087858486,0.8606976682320238,0.5351665616035461,1630,-0.21808086475357413,0.01123046875,0.2,0.9207826852798462,0.5000000068917869,-0.0015441949464729988
-0.16562499999999797,702,240,0.1105263671875,168960,0.7215411099999999,16,165,-0.2761513671874981,64.0,0.0003,0.00053243677,2.0395234073512256,1.0318716764450073,1640,-0.18868999741971493,0.00458984375,0.2,0.8408895134925842,0.5000000253319745,-0.0012955509111634456
1.5125000000000022,702,242,0.07257519531250001,169984,0.8305514099999998,16,166,1.4399248046875022,64.0,0.0003,0.0005022715,1.586102807149291,0.22106218338012695,1650,-0.18013281291350722,0.00654296875,0.2,0.9001386165618896,0.5000000137835737,-0.0006101150967879221
0.6593750000000022,701,243,0.08478808593750002,171008,0.9869606300000001,16,167,0.5745869140625023,64.0,0.0003,0.0006650601,1.6068104033358395,3.3347105979919434,1660,-0.18008862361311911,0.00546875,0.2,0.8879879117012024,0.500000024959445,-0.0011862875981023535
2.115625000000001,701,245,0.04638867187500001,172032,1.0290915900000002,16,168,2.069236328125001,64.0,0.0003,0.0010125081,0.8084242481738328,0.14937880635261536,1670,-0.16699059456586837,0.008984375,0.2,0.9433571100234985,0.5000000206753609,-0.0008072585551417433
-0.23124999999999768,701,246,0.07433203125000001,173056,1.0237484500000003,16,169,-0.3055820312499978,64.0,0.0003,0.0005287746,2.3226883105002343,0.2747134268283844,1680,-0.17208853540942073,0.0060546875,0.2,0.7609237432479858,0.5000000352039935,-0.0007370477265794762
-0.2937499999999982,701,248,0.11254785156250001,174080,0.46991047999999985,16,170,-0.40629785156249804,64.0,0.0003,0.0018939378,0.960320539213717,0.7413779497146606,1690,-0.218266218341887,0.01376953125,0.2,0.931196928024292,0.5000000173225999,-0.0010521218267967925
1.6250000000000016,701,249,0.0638720703125,175104,0.8252982899999999,16,171,1.5611279296875014,64.0,0.0003,0.0026699803,0.9358524626120925,0.23932617902755737,1700,-0.21265770867466927,0.0251953125,0.2,0.9355851411819458,0.500000021792948,-0.0030928199499612673
0.4781250000000042,701,250,0.0860419921875,176128,0.75338284,16,172,0.392083007812504,64.0,0.0003,0.0014054899,1.8564922348596156,0.7051971554756165,1710,-0.2289896779693663,0.01728515625,0.2,0.8525035977363586,0.5000000184401874,-0.002542326258844696
1.346875000000001,701,252,0.05182324218750001,177152,0.73967017,16,173,1.2950517578125011,64.0,0.0003,0.00071037683,1.006433006282896,0.4916467070579529,1720,-0.2181907495483756,0.01181640625,0.2,0.925457775592804,0.5000000149011607,-0.0006475764166680165
0.0031250000000017097,701,253,0.07818945312500002,178176,0.47749892999999993,16,174,-0.07506445312499843,64.0,0.0003,0.0007247764,0.6624309192877262,0.6347526907920837,1730,-0.20810665609315038,0.00732421875,0.2,0.9245020151138306,0.50000000204891,-0.003043721686844947
0.803125000000002,701,255,0.08140820312500001,179200,0.46362893,16,175,0.7217167968750018,64.0,0.0003,0.000674239,0.6167242043651641,0.2722388803958893,1740,-0.19893863648176194,0.01025390625,0.2,0.9486516714096069,0.5000000022351738,-0.0009464568647672422
1.662500000000002,701,256,0.07716308593750001,180224,0.8651598599999999,16,176,1.585336914062502,64.0,0.0003,0.00078460335,1.25824617408216,0.5130270719528198,1750,-0.21369545701891185,0.01513671875,0.2,0.9003738760948181,0.500000017695129,-0.0011508744617458432
0.5750000000000022,701,258,0.09857812500000002,181248,0.85237314,16,177,0.4764218750000021,64.0,0.0003,0.0004396772,1.1350937854498624,2.23367977142334,1760,-0.2187294563278556,0.0060546875,0.2,0.9178614616394043,0.500000012293458,-0.0006527776451548562
-0.2124999999999978,701,259,0.08360449218750002,182272,0.56602812,16,178,-0.2961044921874978,64.0,0.0003,0.00080272724,1.3832148936577142,0.9633430242538452,1770,-0.23396690152585506,0.00673828125,0.2,0.8880547285079956,0.5000000167638061,-0.0009048501793586184
0.9375000000000022,701,261,0.08238769531250001,183296,0.6380056000000001,16,179,0.8551123046875023,64.0,0.0003,0.0019585532,0.764944851398468,0.09416882693767548,1780,-0.24859488336369395,0.0119140625,0.2,0.9397828578948975,0.5000000067055221,-0.001179927130579017
1.2843750000000012,701,262,0.051314453125000006,184320,0.75758342,16,180,1.233060546875001,64.0,0.0003,0.0015200942,1.3158123538363724,0.5016977190971375,1790,-0.2325674111954868,0.0056640625,0.2,0.8984881639480591,0.5000000292435285,-0.00035907652054447683
-0.7468749999999964,701,264,0.11620703125000001,185344,0.51726593,16,181,-0.8630820312499965,64.0,0.0003,0.0007278547,1.073425695952028,0.494154155254364,1800,-0.26587796546518805,0.0083984375,0.2,0.8537739515304565,0.5000000117346645,-0.0011663408236927352
1.1500000000000026,702,265,0.0825380859375,186368,0.48184188000000006,16,182,1.0674619140625023,64.0,0.0003,0.0009522333,1.2782032519578934,0.21681123971939087,1810,-0.3019601531326771,0.008984375,0.2,0.9312236309051514,0.5000000195577736,2.868675219360739e-05
-0.6062499999999976,701,266,0.11541699218750001,187392,0.33677155999999997,16,183,-0.7216669921874976,64.0,0.0003,0.0007383203,2.482061158679426,0.42931532859802246,1820,-0.3232861278578639,0.00859375,0.2,0.8718904852867126,0.5000000357627866,-0.0012704687571385876
1.8968750000000012,701,268,0.047179687500000005,188416,0.5127953100000001,16,184,1.849695312500001,64.0,0.0003,0.0014875538,1.1267627477645874,0.7735092043876648,1830,-0.31183373760432004,0.01767578125,0.2,0.9187109470367432,0.5000000147148967,-0.0009209438707330264
-0.06249999999999767,701,270,0.10117968750000002,189440,0.25377441999999995,16,185,-0.16367968749999764,64.0,0.0003,0.0012558791,1.303594774659723,0.22316138446331024,1840,-0.3385240249335766,0.012109375,0.2,0.89815354347229,0.5000000104308121,-0.0006253918560105376
2.7218750000000003,700,271,0.063896484375,190464,0.6855372,16,186,2.6579785156250004,64.0,0.0003,0.0015134276,1.0503473617136478,0.7962161898612976,1850,-0.3571520993486047,0.01416015625,0.2,0.929539680480957,0.5000000208616262,-0.00025645754794823006
0.11562500000000298,700,273,0.08803515625000001,191488,0.66143082,16,187,0.027589843750003173,64.0,0.0003,0.0012101051,2.9498312536627056,0.6583189368247986,1860,-0.30346442610025404,0.0119140625,0.2,0.8238683938980103,0.5000000435858967,-0.0010220745927654207
1.321875,700,274,0.065220703125,192512,0.8641611,16,188,1.2566542968749999,64.0,0.0003,0.0037159985,1.712663051392883,0.782389760017395,1870,-0.29393937196582554,0.0177734375,0.2,0.8661546111106873,0.5000000201165674,-0.0010334422258893028
-0.21874999999999697,699,276,0.1277724609375,193536,0.78044095,16,189,-0.3465224609374969,64.0,0.0003,0.0012002836,0.9559257908724248,1.6116660833358765,1880,-0.3181606225669384,0.028515625,0.2,0.9275750517845154,0.5000000141561032,-0.003855093600577675
1.640625000000002,699,278,0.046377929687500014,194560,0.8710187699999998,16,190,1.5942470703125018,64.0,0.0003,0.0029883948,1.430807776749134,0.9733279943466187,1890,-0.31874182261526585,0.038671875,0.2,0.9217674732208252,0.5000000219792123,-0.003329302603378892
-0.04374999999999819,699,279,0.08057324218750002,195584,0.7791787600000001,16,191,-0.12432324218749818,64.0,0.0003,0.0012964956,1.750351948942989,0.23631107807159424,1900,-0.3154330711811781,0.0208984375,0.2,0.7696771621704102,0.500000025704503,-0.002624694598489441
0.4687500000000006,700,280,0.08116992187500001,196608,0.5200575199999999,16,192,0.3875800781250006,64.0,0.0003,0.00055798225,0.7878951023798436,0.24279361963272095,1910,-0.35080072209239005,0.0103515625,0.2,0.9189319610595703,0.5000000074505804,-0.0011050775472540408
1.156250000000003,699,282,0.08163964843750002,197632,0.6804865699999999,16,193,1.074610351562503,64.0,0.0003,0.0019837222,1.112390932906419,0.184041365981102,1920,-0.30961063094437125,0.02265625,0.2,0.8874108791351318,0.49999999552965163,-0.0006630423973547295
1.7156250000000004,699,283,0.06800195312500001,198656,0.7379987400000002,16,194,1.6476230468750004,64.0,0.0003,0.0019810274,1.3008043598616497,0.27511271834373474,1930,-0.2594428938813508,0.04296875,0.2,0.9072209596633911,0.5000000018626451,-0.003462393197696656
1.934375000000002,699,285,0.063134765625,199680,1.00785374,16,195,1.8712402343750019,64.0,0.0003,0.00096781505,0.7477083795471117,0.685197114944458,1940,-0.27931217858567836,0.0103515625,0.2,0.9313524961471558,0.49999999180436144,-0.000513162330025807
2.1593750000000016,699,286,0.045544921875000005,200704,1.2363160899999999,16,196,2.1138300781250017,64.0,0.0003,0.0007391074,1.6723183061461895,1.0567244291305542,1950,-0.29909899905323983,0.0087890625,0.2,0.8453243374824524,0.5000000270083552,-0.001069400311098434
0.612500000000002,699,288,0.07271191406250001,201728,1.2044560800000002,16,197,0.5397880859375023,64.0,0.0003,0.002651149,1.1687451707664878,0.5485249757766724,1960,-0.31276183277368547,0.0236328125,0.2,0.8901199698448181,0.5000000135973098,0.0005366899975342676
0.9375000000000018,700,289,0.085822265625,202752,1.35075935,16,198,0.8516777343750017,64.0,0.0003,0.0003701388,1.6002476669382304,0.15041583776474,1970,-0.30025956556200983,0.00556640625,0.2,0.867326557636261,0.5000000273808836,0.00022091087303124368
0.22812500000000208,699,291,0.070671875,203776,1.20837091,16,199,0.15745312500000208,64.0,0.0003,0.000928041,1.408090682141483,0.34313729405403137,1980,-0.2859237739816308,0.01552734375,0.2,0.9174585342407227,0.5000000284984709,-0.0018763901083730162
0.4968750000000044,699,292,0.11339062500000002,204800,0.99899155,16,200,0.3834843750000039,64.0,0.0003,0.0007343021,1.105457785539329,0.7335336208343506,1990,-0.30819935370236634,0.00478515625,0.2,0.9277105331420898,0.5000000124797225,-0.0009941255993908271
1.7281250000000012,698,294,0.05891992187500001,205824,1.0021615699999997,16,201,1.6692050781250014,64.0,0.0003,0.0017571971,2.5364656592719257,0.6832248568534851,2000,-0.3759857967495918,0.028515625,0.2,0.8499149084091187,0.5000000242143873,-0.0016049849218688905
0.9843750000000024,698,295,0.07620507812499999,206848,0.7819321699999999,16,202,0.9081699218750022,64.0,0.0003,0.0014850784,1.8916489232331515,0.5630189776420593,2010,-0.36014100518077613,0.02275390625,0.2,0.8246892690658569,0.500000027567148,-0.002538343716878444
0.5500000000000028,698,297,0.0973232421875,207872,0.7493340500000001,16,203,0.4526767578125027,64.0,0.0003,0.00043540908,1.4960773967206478,0.6053977608680725,2020,-0.35881694331765174,0.00458984375,0.2,0.8409523367881775,0.5000000229105354,0.00016031314007705077
0.11562500000000231,699,298,0.10477148437500002,208896,0.6484173300000002,16,204,0.010853515625002474,64.0,0.0003,0.0025409376,1.6549088470637798,0.700461208820343,2030,-0.3239101642742753,0.03798828125,0.2,0.906410276889801,0.5000000238418577,-0.004858310846611857
-0.053125000000000006,698,300,0.08604394531250001,209920,0.51723015,16,205,-0.13916894531249993,64.0,0.0003,0.0022588708,1.4736135866492988,1.6823315620422363,2040,-0.3044458422809839,0.023828125,0.2,0.9314010143280029,0.5000000180676579,-0.004139698838116601
0.8375000000000002,697,302,0.07890039062500002,210944,0.5005614,16,206,0.7585996093750003,64.0,0.0003,0.0005711061,1.0937277900986373,0.6373287439346313,2050,-0.29915008749812844,0.00859375,0.2,0.9278035759925842,0.5000000191852447,-0.0005970264828647487
1.4656250000000002,696,304,0.07346093750000002,211968,0.63798906,16,207,1.3921640625,64.0,0.0003,0.001936201,2.173965904302895,0.8732509016990662,2060,-0.3161738868802786,0.02099609375,0.2,0.8798092603683472,0.5000000245869158,-0.0014369423442985862
1.7312500000000015,696,305,0.06589453125,212992,0.7917965800000001,16,208,1.6653554687500016,64.0,0.0003,0.00092508824,1.7667884716764093,3.392934560775757,2070,-0.32002946455031633,0.01953125,0.2,0.8338254690170288,0.5000000277534127,-0.0015629020694177599
1.3812500000000028,696,307,0.0747490234375,214016,0.8335290900000001,16,209,1.3065009765625026,64.0,0.0003,0.001422944,1.4146265477873385,0.5438965559005737,2080,-0.3419089389964938,0.013671875,0.2,0.8830646872520447,0.5000000195577747,-0.0017220639274455607
0.36562500000000164,696,308,0.05466699218750001,215040,0.73717081,16,210,0.3109580078125015,64.0,0.0003,0.0016010165,2.036613821052015,0.4861363172531128,2090,-0.35738553013652563,0.01220703125,0.2,0.8624959588050842,0.5000000324100258,-0.0023095005162758753
0.1437500000000018,697,309,0.1083212890625,216064,0.85493239,16,211,0.035428710937501745,64.0,0.0003,0.0010771328,0.9471139715053141,1.01312255859375,2100,-0.3481619946658611,0.01181640625,0.2,0.904503583908081,0.5000000201165674,-0.0004448754363693297
-0.8749999999999984,697,311,0.09913183593750001,217088,0.6611576800000002,16,212,-0.9741318359374984,64.0,0.0003,0.0030654194,0.9134594224393368,0.23177431523799896,2110,-0.33479904662817717,0.011328125,0.2,0.9446071982383728,0.5000000102445487,-0.0007264853949891404
1.193750000000001,697,312,0.07938867187500001,218112,0.6605775100000001,16,213,1.114361328125001,64.0,0.0003,0.00096894434,1.0725001863203942,1.227270483970642,2120,-0.3598046800121665,0.00654296875,0.2,0.9314737319946289,0.5000000203028317,0.0002866170892957598
-0.14999999999999647,697,314,0.08382617187500002,219136,0.30682123999999994,16,214,-0.2338261718749965,64.0,0.0003,0.001105049,2.0701622499153016,0.40041667222976685,2130,-0.3222036201506853,0.011328125,0.2,0.8046332001686096,0.5000000143423681,-0.0014557640184648334
0.8843750000000016,697,315,0.09267871093750002,220160,0.22348936999999996,16,215,0.7916962890625016,64.0,0.0003,0.0010409846,0.6872085211798549,0.1439296454191208,2140,-0.3412493173032999,0.0076171875,0.2,0.9374647736549377,0.5000000087544324,-0.0009238513943273574
-0.24999999999999667,697,316,0.10921191406250001,221184,-0.019807480000000065,16,216,-0.35921191406249675,64.0,0.0003,0.0015445706,1.5423789129592478,0.4576805830001831,2150,-0.35239212233573197,0.012890625,0.2,0.9011341333389282,0.500000012479722,-0.0013658078445587308
1.3406250000000035,697,318,0.076904296875,222208,0.2754331200000001,16,217,1.2637207031250033,64.0,0.0003,0.0023658099,1.5704490395262838,0.5618453025817871,2160,-0.31144983116537334,0.015625,0.2,0.9025764465332031,0.5000000128522517,-0.002936103456886485
1.984375000000002,697,319,0.08512304687500001,223232,0.6668670500000001,16,218,1.8992519531250016,64.0,0.0003,0.0016175983,1.7800014406442641,0.37156158685684204,2170,-0.28602618519216777,0.02197265625,0.2,0.8808813095092773,0.50000002104789,-0.0025148959684884176
0.9406250000000026,697,321,0.08190625,224256,0.7646825400000001,16,219,0.8587187500000026,64.0,0.0003,0.00091508956,3.9026540249586104,0.9412684440612793,2180,-0.26327310791239145,0.00908203125,0.2,0.7865599989891052,0.5000000348314646,-0.001699978779652156
0.6812500000000024,697,322,0.08163281250000001,225280,0.7783838100000002,16,220,0.5996171875000023,64.0,0.0003,0.00069124246,1.8877791400067507,1.4337573051452637,2190,-0.269232489913702,0.00673828125,0.2,0.8717056512832642,0.500000021420419,-0.0013259314087918027
0.03125000000000211,697,324,0.0967607421875,226304,0.6057997499999999,16,221,-0.06551074218749792,64.0,0.0003,0.0006083819,1.2765345122665166,0.5963483452796936,2200,-0.26102290861308575,0.01064453125,0.2,0.9075777530670166,0.5000000141561027,-0.001425045904761646
2.131249999999999,697,325,0.05196875000000001,227328,1.04664473,16,222,2.0792812499999993,64.0,0.0003,0.0012598988,1.1276235501281917,0.8885378837585449,2210,-0.23650978887453675,0.020703125,0.2,0.9401642084121704,0.4999999938532711,-0.0037589368206681685
0.22500000000000386,697,327,0.1110166015625,228352,0.9354284900000002,16,223,0.11398339843750371,64.0,0.0003,0.00074419705,1.6321051981300116,0.6299253106117249,2220,-0.23337065326049924,0.00712890625,0.2,0.871368408203125,0.5000000115483998,-0.000865392031846568
1.6218750000000015,697,328,0.0732626953125,229376,0.90639599,16,224,1.5486123046875018,64.0,0.0003,0.001460105,1.667628197465092,0.7143800854682922,2230,-0.2540506194345653,0.01552734375,0.2,0.8983664512634277,0.5000000314787031,-0.0015921912476187573
2.2875000000000014,698,330,0.0712197265625,230400,1.05996286,16,225,2.2162802734375013,64.0,0.0003,0.0007671377,1.7686271803453564,0.288878858089447,2240,-0.261505466978997,0.0134765625,0.2,0.8616528511047363,0.5000000160187483,-0.0020457542617805303
-0.5187499999999976,697,331,0.12780078125,231424,0.93619411,16,226,-0.6465507812499975,64.0,0.0003,0.0020239637,2.209379200125113,0.39572736620903015,2250,-0.23799920473247765,0.02587890625,0.2,0.8761743903160095,0.5000000068917874,-0.003930628005764447
1.075000000000002,697,333,0.047131835937500005,232448,1.0268978500000001,16,227,1.0278681640625016,64.0,0.0003,0.001097628,2.3980342345312238,0.6349834203720093,2260,-0.24379076501354574,0.01064453125,0.2,0.9200841784477234,0.5000000342726709,-6.774856301490217e-05
1.1625000000000028,697,334,0.08813867187500002,233472,0.93072269,16,228,1.0743613281250028,64.0,0.0003,0.0012331529,1.6596788477152586,0.5579070448875427,2270,-0.2579867412336171,0.00830078125,0.2,0.8608606457710266,0.5000000160187479,-0.0010999011137755588
2.9312499999999995,698,335,0.056877929687499995,234496,1.2420115899999997,16,229,2.8743720703124995,64.0,0.0003,0.0015389705,1.423173552379012,0.3816011846065521,2280,-0.27876620637252925,0.0234375,0.2,0.879551351070404,0.5000000195577738,-0.0016149947681697086
1.4281250000000014,698,337,0.07302343750000001,235520,1.2850742400000001,16,230,1.3551015625000011,64.0,0.0003,0.0015271001,0.9407121747732162,1.4271528720855713,2290,-0.2880364077165723,0.027734375,0.2,0.92559814453125,0.4999999919906258,-0.0040442202473059295
1.4937500000000004,698,338,0.056655273437500014,236544,1.3606770599999998,16,231,1.4370947265625003,64.0,0.0003,0.0035877158,0.8764881950803101,0.20183664560317993,2300,-0.33480698969215156,0.033984375,0.2,0.9021317362785339,0.5000000011175871,-0.0036660262732766567
1.421875000000001,696,340,0.05459667968750001,237568,1.5752690800000002,16,232,1.367278320312501,64.0,0.0003,0.001736416,1.2273479168303312,0.6798449158668518,2310,-0.3260612741112709,0.016015625,0.2,0.9108471870422363,0.50000002104789,-0.0030181739624822513
0.5781250000000012,696,342,0.10451171875000001,238592,1.4215776700000007,16,233,0.473613281250001,64.0,0.0003,0.001381557,1.617150481697172,0.4257412254810333,2320,-0.30353533327579496,0.00859375,0.2,0.8791310787200928,0.5000000186264514,-0.0007833128707716242
1.1843750000000013,696,343,0.0848984375,239616,1.3068325200000002,16,234,1.099476562500001,64.0,0.0003,0.0011181987,1.7813532158732415,0.7712255120277405,2330,-0.26763913724571464,0.01953125,0.2,0.8875498175621033,0.5000000072643156,-0.0027885366362170316
1.1781250000000014,696,345,0.060347656250000006,240640,1.20717345,16,235,1.1177773437500016,64.0,0.0003,0.0014423847,1.6305303453002125,0.6922053098678589,2340,-0.2671195497736335,0.01943359375,0.2,0.8542580604553223,0.5000000124797224,-0.0017523042479297146
1.8874999999999995,696,346,0.0634365234375,241664,1.2073845600000002,16,236,1.8240634765624992,64.0,0.0003,0.0005808602,1.54406007649377,1.133396029472351,2350,-0.24222121257334947,0.00966796875,0.2,0.8302671909332275,0.5000000305473804,-0.0017883861597510985
0.7843750000000027,696,348,0.06855664062500001,242688,1.0895797099999998,16,237,0.7158183593750027,64.0,0.0003,0.0010672207,2.493854903429747,1.0236271619796753,2360,-0.24208796322345733,0.00888671875,0.2,0.8383482694625854,0.5000000227242708,-0.0005666166267474182
-0.7437499999999979,696,349,0.12035253906250001,243712,0.6498718900000003,16,238,-0.8641025390624979,64.0,0.0003,0.0027802223,1.3927801615558564,0.5135353803634644,2370,-0.2678626408800483,0.0134765625,0.2,0.8336746692657471,0.5000000184401867,-0.002814196213148534
1.0125000000000017,696,351,0.08986328125000002,244736,0.7807911200000001,16,239,0.9226367187500015,64.0,0.0003,0.001964502,1.2490397629328072,0.15776176750659943,2380,-0.26011274540796875,0.01591796875,0.2,0.91945880651474,0.5000000193715092,-0.0009236832178430632
0.4437500000000015,696,353,0.073900390625,245760,0.6473800200000003,16,240,0.3698496093750014,64.0,0.0003,0.00071374385,2.7978942288085817,0.2828168570995331,2390,-0.3329677766188979,0.00986328125,0.2,0.8428514003753662,0.5000000156462189,-0.0006418502744054422
0.5812500000000009,695,354,0.073818359375,246784,0.5177264400000001,16,241,0.507431640625001,64.0,0.0003,0.0020024865,0.7385595083236695,0.17868828773498535,2400,-0.28894118331372737,0.03193359375,0.2,0.9386187195777893,0.4999999970197678,-0.0023688796703936533
1.8000000000000014,695,356,0.08321289062500001,247808,0.5555045799999999,16,242,1.7167871093750016,64.0,0.0003,0.0012140479,1.104353340435773,0.25111153721809387,2410,-0.26437323885038494,0.0216796875,0.2,0.9298322200775146,0.5000000003725289,-0.0014286951714893802
3.2718750000000005,696,357,0.06626464843749999,248832,0.9631506799999999,16,243,3.2056103515625,64.0,0.0003,0.0013969314,2.0925395746715365,0.7289968132972717,2420,-0.28606022596359254,0.0123046875,0.2,0.8419134020805359,0.5000000167638063,-0.0023538316745543852
-0.20312499999999706,696,358,0.10194433593750002,249856,1.0001233600000001,16,244,-0.30506933593749697,64.0,0.0003,0.00078455533,2.9981212356127798,2.7616257667541504,2430,-0.2876308083534241,0.007421875,0.2,0.7837676405906677,0.5000000216066838,-0.0014459877565968782
1.0093750000000015,696,360,0.05922265625000001,250880,1.08406758,16,245,0.9501523437500015,64.0,0.0003,0.0019608391,1.5074290368705987,1.0646800994873047,2440,-0.26896464414894583,0.02080078125,0.2,0.9014864563941956,0.50000002514571,-0.003382042914745398
1.6406250000000024,696,361,0.043366210937500003,251904,1.2203608499999998,16,246,1.5972587890625025,64.0,0.0003,0.0015699747,1.21147673195228,0.9802069067955017,2450,-0.30446702130138875,0.02041015625,0.2,0.8982470035552979,0.5000000277534127,-0.001785669516539201
1.1031250000000037,696,363,0.0801826171875,252928,1.3315046000000001,16,247,1.0229423828125035,64.0,0.0003,0.0011784796,0.7441746450960636,0.07907354086637497,2460,-0.283495756611228,0.01875,0.2,0.8508481979370117,0.49999999981373494,-0.0019885830755811186
0.28750000000000087,696,364,0.07057617187500001,253952,1.16161085,16,248,0.21692382812500083,64.0,0.0003,0.0012343754,1.820389897422865,0.47209087014198303,2470,-0.29889011289924383,0.015234375,0.2,0.8466894030570984,0.5000000216066841,-0.0001503805979155004
0.506250000000001,695,366,0.10300000000000001,254976,0.76211288,16,249,0.4032500000000008,64.0,0.0003,0.0017134699,0.7163731875363737,0.6068750023841858,2480,-0.32896289732307193,0.0140625,0.2,0.9472882747650146,0.49999998882412894,-0.001766802478232421
-0.4249999999999976,696,367,0.126099609375,256000,0.51739255,16,250,-0.5510996093749975,64.0,0.0003,0.00106817,2.1127303040586414,0.3333442211151123,2490,-0.3247866818681359,0.018359375,0.2,0.8666866421699524,0.5000000119209288,-0.003979948678170331
0.30625000000000313,696,369,0.103580078125,257024,0.5730639599999999,16,251,0.20266992187500316,64.0,0.0003,0.0005474969,1.1914242203347385,0.39274176955223083,2500,-0.3703877504914999,0.00361328125,0.2,0.9322983026504517,0.5000000160187482,-0.0005175710568437353
0.9687500000000013,696,370,0.07588574218750002,258048,0.41173690999999984,16,252,0.8928642578125013,64.0,0.0003,0.00200862,3.0105279280804096,0.12244559079408646,2510,-0.3689130241051316,0.02705078125,0.2,0.7727823853492737,0.5000000201165681,-0.002433701457630377
0.7281250000000011,696,372,0.100751953125,259072,0.2976642199999999,16,253,0.627373046875001,64.0,0.0003,0.0013363957,2.6288454722613097,0.16460102796554565,2520,-0.3906372064724565,0.02529296875,0.2,0.8167928457260132,0.5000000257045033,-0.0008832920844724868
0.8843750000000017,696,373,0.0733876953125,260096,0.41315187999999997,16,254,0.8109873046875016,64.0,0.0003,0.0016023044,1.3725500235334038,0.6126044392585754,2530,-0.4255958439782262,0.02890625,0.2,0.896324098110199,0.5000000162050127,-0.003326817214838229
-0.24374999999999922,696,374,0.1253779296875,261120,0.25021218000000006,16,255,-0.3691279296874993,64.0,0.0003,0.0012997871,1.282799738366157,0.38225239515304565,2540,-0.44215704798698424,0.02744140625,0.2,0.9033459424972534,0.500000003911555,-0.0012866414181189612
0.09375000000000133,696,376,0.09005273437500001,262144,0.35863515,16,256,0.003697265625001611,64.0,0.0003,0.0010297718,1.6243778119795025,1.3246288299560547,2550,-0.4166893869638443,0.01552734375,0.2,0.9140937328338623,0.5000000128522517,-0.002082063237321563
2.9093750000000016,696,377,0.056794921875000015,263168,0.7465653,16,257,2.8525800781250017,64.0,0.0003,0.0014853184,1.3021022275090217,0.8888996243476868,2560,-0.41136613953858614,0.01845703125,0.2,0.9299821257591248,0.5000000139698382,-7.454498772858642e-05
0.6968750000000024,696,379,0.08859277343750002,264192,0.6789207699999998,16,258,0.6082822265625023,64.0,0.0003,0.0023938597,2.233856997080147,0.20390023291110992,2570,-0.38193499520421026,0.03134765625,0.2,0.793129563331604,0.500000011734664,-0.001514415763085708
0.7187500000000016,696,380,0.10000390625,265216,0.7452281700000001,16,259,0.618746093750002,64.0,0.0003,0.0014534304,1.8569159490056335,0.46660834550857544,2580,-0.3913768222555518,0.01103515625,0.2,0.89401775598526,0.5000000186264514,-0.0009470306220464408
0.6500000000000012,696,382,0.08360449218749999,266240,0.63999787,16,260,0.5663955078125014,64.0,0.0003,0.000823497,1.8402801807038487,0.2035815566778183,2590,-0.4210178513079882,0.007421875,0.2,0.8872028589248657,0.500000020489097,-0.0011796573526225984
0.884375000000002,696,383,0.0820205078125,267264,0.8328153699999998,16,261,0.8023544921875021,64.0,0.0003,0.0023027917,1.6366653567180038,2.8140110969543457,2600,-0.44504978600889444,0.0390625,0.2,0.8949579000473022,0.5000000149011613,-0.002855522860772908
0.6843750000000003,696,385,0.054016601562500016,268288,1.0313192500000001,16,262,0.6303583984375003,64.0,0.0003,0.0018915448,1.126833337545395,0.4085131287574768,2610,-0.4139309169724584,0.0181640625,0.2,0.9317735433578491,0.5000000067055221,-0.0016275494068395346
-0.2937499999999975,696,386,0.09570019531250001,269312,0.54944017,16,263,-0.38945019531249775,64.0,0.0003,0.0023411664,1.093500737985596,0.291965126991272,2620,-0.4462269952520728,0.03173828125,0.2,0.9266753196716309,0.5000000040978191,-0.0027008909193682483
0.41250000000000203,696,388,0.09774609375,270336,0.31775218000000005,16,264,0.31475390625000205,64.0,0.0003,0.0012986717,1.6837620713748038,0.8044008612632751,2630,-0.4271864481270313,0.01806640625,0.2,0.8868983387947083,0.5000000199303031,-0.0020059979462530462
-1.0749999999999957,696,389,0.10371582031250001,271360,-0.06831408000000005,16,265,-1.1787158203124957,64.0,0.0003,0.0026786737,1.342760257050395,0.3978285789489746,2640,-0.430519543774426,0.0154296875,0.2,0.9204285740852356,0.5000000089406962,-0.0028503344394266604
1.171875000000002,696,390,0.06441992187500001,272384,0.19526369,16,266,1.1074550781250019,64.0,0.0003,0.001360243,0.9904321326874197,0.12109311670064926,2650,-0.3745609994977713,0.01884765625,0.2,0.934394359588623,0.4999999905005097,-0.002089778272784315
0.5187500000000008,696,392,0.0826640625,273408,0.12313072000000005,16,267,0.4360859375000008,64.0,0.0003,0.0006467535,1.078330138977617,0.2634647786617279,2660,-0.3828448664397001,0.01142578125,0.2,0.9067739844322205,0.5000000039115544,-0.0006829469348303974
1.1500000000000012,696,393,0.059389648437500005,274432,0.23048776999999998,16,268,1.0906103515625012,64.0,0.0003,0.0020084844,1.2475601792335511,0.3328733444213867,2670,-0.32570396922528744,0.0349609375,0.2,0.9012395739555359,0.4999999959021808,-0.004511359726893716
1.1437500000000012,696,395,0.08353613281250001,275456,0.37983498999999993,16,269,1.060213867187501,64.0,0.0003,0.0014974703,1.1781830164603888,0.3579677939414978,2680,-0.35161421187222003,0.02548828125,0.2,0.9051496386528015,0.4999999860301614,-0.0032779384317109363
0.8906250000000018,696,396,0.09421582031250003,276480,0.4803881199999999,16,270,0.7964091796875019,64.0,0.0003,0.0020790766,2.0266141074709596,0.38418814539909363,2690,-0.38543378952890633,0.02294921875,0.2,0.8772355318069458,0.5000000173225998,-0.0004465516147320159
-1.0781249999999976,697,398,0.1314365234375,277504,0.54021892,16,271,-1.2095615234374972,64.0,0.0003,0.0011299327,3.003456672746688,1.1637529134750366,2700,-0.3830904204398394,0.0080078125,0.2,0.7920491695404053,0.5000000208616256,-0.001117450297169853
0.8218750000000015,697,399,0.05766015625000001,278528,0.63454956,16,272,0.7642148437500016,64.0,0.0003,0.0025299569,1.0097541769966483,0.4441448450088501,2710,-0.34294131193310023,0.02666015625,0.2,0.9484509825706482,0.5000000134110448,-0.002056986905517988
1.4687500000000013,697,400,0.07243359375000001,279552,0.5677212899999999,16,273,1.3963164062500013,64.0,0.0003,0.00082587334,0.9441641743294895,0.6077348589897156,2720,-0.3373717602342367,0.00908203125,0.2,0.9146546721458435,0.49999999646097404,-0.0007831170179997571
0.3906250000000007,697,402,0.08661914062500001,280576,0.61107082,16,274,0.3040058593750007,64.0,0.0003,0.001332923,2.5741195645183326,1.774316668510437,2730,-0.3657215477898717,0.0166015625,0.2,0.8056460618972778,0.5000000104308127,-0.0013037929995334708
0.6187500000000011,697,403,0.090458984375,281600,0.6184875299999999,16,275,0.5282910156250014,64.0,0.0003,0.0016569494,1.1452474482357502,0.2893931567668915,2740,-0.32512380797415974,0.01484375,0.2,0.9050599932670593,0.5000000033527614,-0.0009464248694712296
-0.031249999999997877,697,405,0.09194433593750002,282624,0.29830265999999994,16,276,-0.12319433593749782,64.0,0.0003,0.0010896266,1.9058044982142746,0.08229559659957886,2750,-0.29446199238300325,0.01884765625,0.2,0.8062179088592529,0.5000000171363348,-0.0018650026599061676
-1.006249999999997,697,406,0.1313193359375,283648,0.31026314000000005,16,277,-1.1375693359374972,64.0,0.0003,0.0006577804,1.7068258455023169,0.7023900151252747,2760,-0.27859651036560534,0.003125,0.2,0.8568838834762573,0.5000000167638061,-0.00042507546313572673
2.0343750000000016,697,408,0.07028710937500002,284672,0.6098503000000001,16,278,1.9640878906250014,64.0,0.0003,0.0014118913,0.9349395888857543,0.3836170434951782,2770,-0.2870772067457438,0.02177734375,0.2,0.9348765015602112,0.5000000044703484,-0.001621921980404295
-0.3249999999999963,697,409,0.08460644531250001,285696,0.10964450999999995,16,279,-0.40960644531249635,64.0,0.0003,0.001458246,2.251756743248552,1.3403072357177734,2780,-0.2655826727859676,0.0287109375,0.2,0.8216071128845215,0.500000016950071,-0.002661444187106099
1.7250000000000003,697,411,0.07975097656250002,286720,0.41339373,16,280,1.6452490234375003,64.0,0.0003,0.0009601286,1.0092232652008533,1.4022431373596191,2790,-0.2852571867406368,0.01376953125,0.2,0.929361879825592,0.5000000005587936,-0.0011951814056374132
1.5625000000000002,697,412,0.0511611328125,287744,0.59764858,16,281,1.5113388671875003,64.0,0.0003,0.00069534534,1.38019949933514,0.48280200362205505,2800,-0.2688361655920744,0.01025390625,0.2,0.9074416160583496,0.5000000070780516,-0.001752028361079283
1.9531250000000009,696,414,0.058984375000000006,288768,0.7833876699999999,16,282,1.8941406250000006,64.0,0.0003,0.0031738526,1.0246719734277576,0.4739837050437927,2810,-0.22649501180276274,0.0123046875,0.2,0.9180219769477844,0.4987132921814916,-0.0011584084888454527
-0.2781249999999973,696,415,0.08860644531249998,289792,0.8573339299999998,16,283,-0.36673144531249724,64.0,0.0003,0.0007989596,1.7990090310573579,0.3965781629085541,2820,-0.24591664737090468,0.0228515625,0.2,0.8842375874519348,0.5000000083819033,-0.0011286561624729075
0.8093750000000028,696,417,0.07246191406250002,290816,0.7787515799999999,16,284,0.7369130859375028,64.0,0.0003,0.0009353489,1.0738555856049061,0.7642727494239807,2830,-0.2636347341351211,0.01337890625,0.2,0.9219071865081787,0.4999999981373548,-0.0012924583177664317
0.878125,697,418,0.061712890625000016,291840,0.95347376,16,285,0.8164121093750001,64.0,0.0003,0.0014003066,1.0143027952872217,0.18239308893680573,2840,-0.31337988916784526,0.02431640625,0.2,0.9186334609985352,0.5000000001862643,-0.00242314300412545
0.018750000000002376,697,420,0.10414062500000001,292864,0.8344039399999998,16,286,-0.08539062499999761,64.0,0.0003,0.0010916688,0.8923303381539881,0.3217608630657196,2850,-0.3285869050770998,0.0142578125,0.2,0.931614339351654,0.4999999955296513,-0.0016600188391748816
1.968750000000001,697,421,0.05144042968750001,293888,0.75913083,16,287,1.9173095703125012,64.0,0.0003,0.0013383689,1.6073844644241035,0.8853143453598022,2860,-0.3377546390518546,0.01962890625,0.2,0.8780418634414673,0.5000000119209289,-0.000388715228473302
0.059375000000003286,697,422,0.09829199218750001,294912,0.6197101800000001,16,288,-0.03891699218749689,64.0,0.0003,0.0014646114,1.220546503830701,0.7574253082275391,2870,-0.33576363008469345,0.02509765625,0.2,0.8599879145622253,0.49999999701976794,-0.001726594803039916
0.26250000000000245,697,424,0.10081542968750001,295936,0.60669924,16,289,0.16168457031250247,64.0,0.0003,0.0014097802,1.3321269892156125,1.563406229019165,2880,-0.36376756653189657,0.01484375,0.2,0.8894158005714417,0.5000000188127162,-0.0009657301619881764
1.9375000000000002,697,425,0.03026367187500001,296960,0.8765662499999998,16,290,1.907236328125,64.0,0.0003,0.0021521274,1.0447749082930387,1.0372058153152466,2890,-0.4125995825976133,0.03251953125,0.2,0.9372485280036926,0.5000000078231092,-0.0025061337451916187
1.3093750000000028,697,427,0.06265917968750001,297984,0.9057008000000001,16,291,1.2467158203125028,64.0,0.0003,0.0028351068,0.9843868029303848,0.46309757232666016,2900,-0.44287857729941604,0.01875,0.2,0.8817674517631531,0.49999999068677436,-0.0005621153613901697
0.24062500000000253,697,428,0.08908984375000001,299008,0.7991971999999999,16,292,0.15153515625000247,64.0,0.0003,0.0025118801,1.082245453633368,0.2954784333705902,2910,-0.5092408303171396,0.03115234375,0.2,0.901665210723877,0.5000000128522516,-0.002028165792580694
-0.1468749999999977,697,430,0.08158300781250001,300032,0.6090895500000001,16,293,-0.22845800781249775,64.0,0.0003,0.0016995238,2.7294934963807465,0.27814003825187683,2920,-0.5155922789126635,0.0359375,0.2,0.8366790413856506,0.5000000055879352,-0.005725285920198076
,,,,,,,,,,0.0003,0.00176188,0.8060000863857567,0.12355799973011017,2930,-0.49471831079572437,0.02177734375,0.2,0.9067988991737366,0.5000000067055222,-0.0024865519924787806
